"docid"	"segmentid"	"verb"	"text"	"ANNOTATOR1"	"ANNOTATOR2"	"MERGED"
"brown_lore"	"1"	"look"	"De La Laude , commander of the Alabama post , had the friendship of the natives , and was able to make them look upon the British as poor competitors ."	"DYNAMIC"	"BOTH"	"BOTH"
"brown_fiction"	"2"	"look"	"They looked , even so ."	"DYNAMIC"	"DYNAMIC"	"DYNAMIC"
"brown_adventure"	"3"	"look"	"Pat paused there , looking across at the young fellow ."	"DYNAMIC"	"DYNAMIC"	"DYNAMIC"
"brown_romance"	"4"	"look"	"He was younger than Theresa : she remembered looking down and seeing his great round eyes , while at the same time she was dimly aware that her mother and father were not unamused ."	"DYNAMIC"	"DYNAMIC"	"DYNAMIC"
"brown_romance"	"5"	"look"	"He looked off to the crest of the Sierras , still white-topped ; ;"	"DYNAMIC"	"DYNAMIC"	"DYNAMIC"
"brown_belles_lettres"	"6"	"look"	"But much of the land which the aborigine wanders looks as if it should be hospitable ."	"STATIVE"	"STATIVE"	"STATIVE"
"brown_belles_lettres"	"7"	"look"	"The Commissioners at Boston wrote the victims to see their misdeeds and repent or they should `` look upon them as men prepared for slaughter '' ."	"STATIVE"	"DYNAMIC"	"BOTH"
"brown_religion"	"8"	"look"	"One night there were some dried peas lying on our kitchen table , and these peas looked to me like a little group of atoms ; ;"	"STATIVE"	"STATIVE"	"STATIVE"
"brown_mystery"	"9"	"look"	"Alec leaned forward to look ."	"DYNAMIC"	"DYNAMIC"	"DYNAMIC"
"brown_science_fiction"	"10"	"look"	"My , you look chipper '' ."	"STATIVE"	"STATIVE"	"STATIVE"
"brown_romance"	"11"	"look"	"The dirty , discolored buildings looked boarded up , and their few windows stood high above our heads ."	"STATIVE"	"STATIVE"	"STATIVE"
"brown_government"	"12"	"look"	"In sum , I look for another good year for the electronics industry in 1961 , with total sales increasing about 7% to $10.8 billion , despite the uncertainties in the business outlook generally ."	"DYNAMIC"	"STATIVEHABITUAL"	"BOTH"
"brown_lore"	"13"	"look"	"If we look at the situation this way , we can get an idea of Khrushchev's nightmarish worries -- or , at least , of the worries he might have if his enemies were disposed to exploit their advantage ."	"DYNAMIC"	"DYNAMIC"	"DYNAMIC"
"brown_learned"	"14"	"look"	"The results looked as follows : Af ."	"STATIVE"	"STATIVE"	"STATIVE"
"brown_belles_lettres"	"15"	"look"	"We had stopped before a shop window to assess its autumnal display , when you suddenly turned to me , looking up from beneath one of your wrong hats , and with your nervous `` ahem '' ! !"	"DYNAMIC"	"DYNAMIC"	"DYNAMIC"
"brown_mystery"	"16"	"look"	"Suppose Lauren comes looking for us ? ?"	"DYNAMIC"	"DYNAMIC"	"DYNAMIC"
"brown_lore"	"17"	"look"	"The Eichmann case looked to the past , not to the future ."	"DYNAMIC"	"BOTH"	"BOTH"
"brown_science_fiction"	"18"	"look"	"The surveyor looked sidewise at the captain ."	"DYNAMIC"	"DYNAMIC"	"DYNAMIC"
"brown_hobbies"	"19"	"look"	"They were better trained , better looking , better built , better disciplined and something else -- they were better dancers ."	"STATIVE"	"STATIVE"	"STATIVE"
"brown_mystery"	"20"	"look"	"Shayne looked at his watch ."	"DYNAMIC"	"DYNAMIC"	"DYNAMIC"
"brown_humor"	"21"	"look"	"She it was who had looked to see if I was wearing shoes upon learning that I couldn't drive ."	"DYNAMIC"	"DYNAMIC"	"DYNAMIC"
"brown_lore"	"22"	"look"	"If you look through the keyhole , you will see an artistically landscaped garden with the white dome of St. Peter's framed in a long avenue of cropped laurel trees ."	"DYNAMIC"	"DYNAMIC"	"DYNAMIC"
"brown_learned"	"23"	"look"	"Each form represented by the dictionary is looked up in the text-form list ."	"DYNAMIC"	"STATIVEHABITUAL"	"BOTH"
"brown_adventure"	"24"	"look"	"They were silent for a little while , each looking glum ."	"STATIVE"	"STATIVE"	"STATIVE"
"brown_hobbies"	"25"	"look"	"Monel shows improvement with each work-out and looks the makings of a good brood mare after winning her share of races ."	"STATIVE"	"STATIVE"	"STATIVE"
"brown_mystery"	"26"	"look"	"She was wearing a brown cotton dress , cut across the hips in a way that was supposed to make her look slimmer , a yoke set into the skirt and flaring pleats below ."	"STATIVE"	"STATIVE"	"STATIVE"
"brown_adventure"	"27"	"look"	"Reverend Jason , looking worried , hurried toward us ."	"STATIVE"	"STATIVE"	"STATIVE"
"brown_editorial"	"28"	"look"	"The trouble is that at first glance the idea looks like such a good one ."	"STATIVE"	"STATIVE"	"STATIVE"
"brown_belles_lettres"	"29"	"look"	"But in looking at Faulkner against his background in Mississippi and the South , it is important not to lose the broader perspective ."	"DYNAMIC"	"DYNAMIC"	"DYNAMIC"
"brown_romance"	"30"	"look"	"You wonder if he looks at his wife now and thinks of you ."	"DYNAMIC"	"DYNAMIC"	"DYNAMIC"
"brown_fiction"	"31"	"look"	"She was looking out at the garden ."	"DYNAMIC"	"DYNAMIC"	"DYNAMIC"
"brown_romance"	"32"	"look"	"The Anniston manager looked at Eddie Lee ."	"DYNAMIC"	"DYNAMIC"	"DYNAMIC"
"brown_fiction"	"33"	"look"	"Then he looked at his finger , at the wrinkled , heavy knuckle and the thick nail he used like a knife to pry up , slit , and open ."	"DYNAMIC"	"DYNAMIC"	"DYNAMIC"
"brown_news"	"34"	"look"	"Producer Fellini should have looked at some of the old silent films where they really had parties ! !"	"DYNAMIC"	"DYNAMIC"	"DYNAMIC"
"brown_romance"	"35"	"look"	"She sat down and played two slots at once , looking grim , as if bested by mechanical devices , and Owen felt sorry for the lay-sisters depending on her support ."	"STATIVE"	"STATIVE"	"STATIVE"
"brown_romance"	"36"	"look"	"And when they stood by the fountain in the piazza looking at Santa Maria he had to keep a straight face , not letting on he had been there with Alberto ."	"DYNAMIC"	"DYNAMIC"	"DYNAMIC"
"brown_romance"	"37"	"look"	"He stepped into the dugout , wondering why Deegan was always looking for trouble ."	"DYNAMIC"	"DYNAMIC"	"DYNAMIC"
"brown_reviews"	"38"	"look"	"If this is true , then the universe today looks just as it did millions of years ago and as it will look millions of years hence , even though the universe is expanding ."	"STATIVE"	"STATIVE"	"STATIVE"
"brown_learned"	"39"	"look"	"Each dictionary form is looked up in the text-form list by the same method used to look up a new text occurrence in the form list during text reading ."	"DYNAMIC"	"DYNAMIC"	"DYNAMIC"
"brown_adventure"	"40"	"look"	"The dark brown bombs hanging under each wing looked large and powerful ."	"STATIVE"	"STATIVE"	"STATIVE"
"brown_belles_lettres"	"41"	"look"	"She looked up and saw that , without knowing it , Mrs. Coolidge was holding it aloft ."	"DYNAMIC"	"DYNAMIC"	"DYNAMIC"
"brown_fiction"	"42"	"look"	"He looked out over the expanse of the compound ."	"DYNAMIC"	"DYNAMIC"	"DYNAMIC"
"brown_editorial"	"43"	"look"	"He doesn't want her to look frowningly at him , or speak to him angrily ."	"DYNAMIC"	"DYNAMIC"	"DYNAMIC"
"brown_romance"	"44"	"look"	"His flat and gracefully tapered head lifted as I looked at him and the black tongue slipped in and out of that solemn mouth ."	"DYNAMIC"	"DYNAMIC"	"DYNAMIC"
"brown_mystery"	"45"	"look"	"When he looked up again , he seemed almost contented ."	"DYNAMIC"	"DYNAMIC"	"DYNAMIC"
"brown_belles_lettres"	"46"	"look"	"The latter looked backward upon inherited deficiencies ."	"DYNAMIC"	"DYNAMIC"	"DYNAMIC"
"brown_romance"	"47"	"look"	"George did wonderful complicated pen-and-ink drawings like something out of a medieval miniature : hundreds of delicate details crammed into an eight-by-ten sheet and looking as if they had been done under a jeweler's glass ."	"STATIVE"	"STATIVE"	"STATIVE"
"brown_fiction"	"48"	"look"	"I looked away ."	"DYNAMIC"	"DYNAMIC"	"DYNAMIC"
"brown_belles_lettres"	"49"	"look"	"He does not know whether to look up or look aside , to put his hands in his pockets or to clench them at his side , to cross the street , or to continue on the same side ."	"DYNAMIC"	"DYNAMIC"	"DYNAMIC"
"brown_lore"	"50"	"look"	"A second reported that the dilapidated houses in Virginia `` look like the latter end of original sin and hard times '' ."	"STATIVE"	"STATIVE"	"STATIVE"
"brown_adventure"	"51"	"look"	"He looked at the looming hoods of the supply wagons , struck by a new inspiration ."	"DYNAMIC"	"DYNAMIC"	"DYNAMIC"
"brown_belles_lettres"	"52"	"look"	"But it could also be looked at from the other end of the spectrum ."	"DYNAMIC"	"DYNAMIC"	"DYNAMIC"
"brown_belles_lettres"	"53"	"look"	"Taking a personal interest , she had the doctor assigned to the White House , Dr. James Coupal , look Emmett over ."	"DYNAMIC"	"DYNAMIC"	"DYNAMIC"
"brown_reviews"	"54"	"look"	"`` I like to sniff a place , and reproduce what it really smells and looks like , its color , its particular kind of life '' ."	"STATIVE"	"STATIVE"	"STATIVE"
"brown_hobbies"	"55"	"look"	"We want to know when the Potlatches telephone exactly how many they are planning to bring , so that we won't end up with a splashing mob that looks like Coney Island in August ."	"STATIVE"	"STATIVE"	"STATIVE"
"brown_lore"	"56"	"look"	"`` We '' were Bill Garrett of the National Geographic Illustrations Staff , whose three cameras and eight lenses made him look as formidable as any fighting man we met ; ;"	"STATIVE"	"STATIVE"	"STATIVE"
"brown_mystery"	"57"	"look"	"About halfway through the second bottle , Charlie looked at me across Pops , who was sitting between us and asked `` Now '' ? ?"	"DYNAMIC"	"DYNAMIC"	"DYNAMIC"
"brown_romance"	"58"	"look"	"I swallowed hard and looked down at my feet plodding along beside Rachel ."	"DYNAMIC"	"DYNAMIC"	"DYNAMIC"
"brown_romance"	"59"	"look"	"She looked good , with her short tousled hair and no make-up ."	"STATIVE"	"STATIVE"	"STATIVE"
"brown_romance"	"60"	"look"	"He looked up at me , puzzled , and he swayed his head from side to side ."	"DYNAMIC"	"DYNAMIC"	"DYNAMIC"
"brown_mystery"	"61"	"look"	"The lieutenant's sparse brown hair was heavily pomaded , and as Killpath raked the comb through it , it stuck together in thatches so that it looked like umbrella ribs clinging to his pink skull ."	"STATIVE"	"STATIVE"	"STATIVE"
"brown_adventure"	"62"	"look"	"I looked ."	"DYNAMIC"	"DYNAMIC"	"DYNAMIC"
"brown_belles_lettres"	"63"	"look"	"Such proposals look to an apocalyptic act , a kind of Lockian `` social contract '' on a world-wide scale ."	"DYNAMIC"	"DYNAMIC"	"DYNAMIC"
"brown_mystery"	"64"	"look"	"`` Of course it looked like an accident ."	"STATIVE"	"STATIVE"	"STATIVE"
"brown_learned"	"65"	"look"	"In short , both his own declarations and his figural blindness , when he looked at objects , seem to present undeniable evidence that he had simply no visual memory at all ."	"DYNAMIC"	"DYNAMIC"	"DYNAMIC"
"brown_adventure"	"66"	"look"	"Now , she just sat there looking at him , without an expression except concern for him ."	"DYNAMIC"	"DYNAMIC"	"DYNAMIC"
"brown_religion"	"67"	"look"	"The return of the Catholic hierarchy in 1850 was looked upon with indignant disapprobation and , in fact , was charged with being a gesture of disloyalty ."	"STATIVE"	"DYNAMIC"	"BOTH"
"brown_romance"	"68"	"look"	"`` You won't , if you're looking for a redhead ."	"DYNAMIC"	"BOTH"	"BOTH"
"brown_lore"	"69"	"look"	"Chandler , looking to right and left to see how his men were faring , suddenly saw another figure bounding up the hill , hurling grenades and hollering the battle cry as he ran ."	"DYNAMIC"	"DYNAMIC"	"DYNAMIC"
"brown_hobbies"	"70"	"look"	"He is going sound again now , and looks good ."	"STATIVE"	"STATIVE"	"STATIVE"
"brown_mystery"	"71"	"look"	"His father looked him over closely ."	"DYNAMIC"	"DYNAMIC"	"DYNAMIC"
"brown_science_fiction"	"72"	"look"	"Helva `` looked '' up and caught a fascinating panorama of regular , dirty craters on a flaky pink surface ."	"DYNAMIC"	"DYNAMIC"	"DYNAMIC"
"brown_hobbies"	"73"	"look"	"Some general things to look for in a site , if you haven't already bought one , are accessibility , water drainage , and orientation ."	"DYNAMIC"	"DYNAMIC"	"DYNAMIC"
"brown_romance"	"74"	"look"	"Jim turned back from the stairway and looked at her ."	"DYNAMIC"	"DYNAMIC"	"DYNAMIC"
"brown_adventure"	"75"	"look"	"He didn't look back and he ran until he was out of sight of the schoolhouse and out of breath ; ;"	"DYNAMIC"	"DYNAMIC"	"DYNAMIC"
"brown_government"	"76"	"look"	"Although the impact of these increases on our industry's shipments will be gradual , on balance I look for another good increase in shipments in the coming year , to at least $6 billion ."	"DYNAMIC"	"DYNAMIC"	"DYNAMIC"
"brown_romance"	"77"	"look"	"Feeling his power , Freddy looked for additional worlds to conquer ."	"DYNAMIC"	"DYNAMIC"	"DYNAMIC"
"brown_mystery"	"78"	"look"	"Land looked back toward the dilapidated house ."	"DYNAMIC"	"DYNAMIC"	"DYNAMIC"
"brown_fiction"	"79"	"look"	"Watson hardly looked at him ."	"DYNAMIC"	"DYNAMIC"	"DYNAMIC"
"brown_lore"	"80"	"look"	"I can look at furniture in one spot year in and year out and really feel for sure that's where it belongs ."	"DYNAMIC"	"DYNAMIC"	"DYNAMIC"
"brown_reviews"	"81"	"look"	"That's not precisely the way Larkin urges them to look at it , though ."	"DYNAMIC"	"DYNAMIC"	"DYNAMIC"
"brown_government"	"82"	"look"	"Any approach toward such a system looks toward saving and security ."	"STATIVE"	"DYNAMIC"	"BOTH"
"brown_mystery"	"83"	"look"	"Now '' -- He looked around ."	"DYNAMIC"	"DYNAMIC"	"DYNAMIC"
"brown_humor"	"84"	"look"	"Mr. Gorboduc looked down ."	"BOTH"	"DYNAMIC"	"BOTH"
"brown_adventure"	"85"	"look"	"Hernandez looked suddenly uncertain ."	"STATIVE"	"STATIVE"	"STATIVE"
"brown_hobbies"	"86"	"look"	"Be sure the head drops backward so that the child looks at the floor rather than toward the ceiling ."	"DYNAMIC"	"DYNAMIC"	"DYNAMIC"
"brown_romance"	"87"	"look"	"He spent that afternoon on the beach , looking for a pale , browny-haired girl in a pink bathing suit ."	"DYNAMIC"	"STATIVE"	"BOTH"
"brown_mystery"	"88"	"look"	"I put in new batteries so as to be certain I'd have plenty of power and on my way out walked over to the regular parking stalls and stood looking at them thoughtfully ."	"DYNAMIC"	"DYNAMIC"	"DYNAMIC"
"brown_news"	"89"	"look"	"I came back , sitting by my locker , feeling real low , and the kid walks over to me , looks up , and says : ' You stunk ' '' ."	"DYNAMIC"	"DYNAMIC"	"DYNAMIC"
"brown_hobbies"	"90"	"look"	"Our respective families looked as if they had quadrupled ."	"STATIVE"	"STATIVE"	"STATIVE"
"brown_fiction"	"91"	"look"	"Offer her a cup of tea and she would say , `` Why , these cups look just like a set I gave to the Salvation Army last year '' ."	"STATIVE"	"STATIVE"	"STATIVE"
"brown_romance"	"92"	"look"	"Not good looking , but self-confident and wise so that it made her attractive ."	"STATIVE"	"STATIVE"	"STATIVE"
"brown_mystery"	"93"	"look"	"`` It sure as hell doesn't look like it , does it ? ?"	"STATIVE"	"STATIVE"	"STATIVE"
"brown_lore"	"94"	"look"	"Soon after the method changed , visitors began asking how he managed to irrigate his soil to keep it looking moist , when in reality , it was the soil treatment alone that accomplished this ."	"STATIVE"	"STATIVE"	"STATIVE"
"brown_adventure"	"95"	"look"	"With this realization , sometimes , he saw himself as he looked down ."	"DYNAMIC"	"DYNAMIC"	"DYNAMIC"
"brown_adventure"	"96"	"look"	"The girl looked around quickly at several of the people ."	"DYNAMIC"	"DYNAMIC"	"DYNAMIC"
"brown_science_fiction"	"97"	"look"	"Mercer thought that she looked very distinguished and charming ."	"STATIVE"	"STATIVE"	"STATIVE"
"brown_belles_lettres"	"98"	"look"	"If we look at recent art we find it preoccupied with form ."	"DYNAMIC"	"DYNAMIC"	"DYNAMIC"
"brown_romance"	"99"	"look"	"She didn't look over thirteen ."	"STATIVE"	"STATIVE"	"STATIVE"
"brown_belles_lettres"	"100"	"look"	"And though we can look back now and see their errors , we can look back also to the ultimate error ."	"DYNAMIC"	"DYNAMIC"	"DYNAMIC"
"brown_learned"	"101"	"look"	"We had looked forward to what we hoped to be our first informal meeting with a number of Moscow's artists ."	"STATIVE"	"DYNAMIC"	"BOTH"
"brown_romance"	"102"	"look"	"But I had looked forward so much to being with this church group ."	"STATIVE"	"STATIVE"	"STATIVE"
"brown_adventure"	"103"	"look"	"They reined in there , Brannon remaining in the saddle while Hogan went to look for Jesse Macklin in the hotel dining room ."	"DYNAMIC"	"DYNAMIC"	"DYNAMIC"
"brown_adventure"	"104"	"look"	"Fred Rankin looked at him ."	"DYNAMIC"	"DYNAMIC"	"DYNAMIC"
"brown_hobbies"	"105"	"look"	"Jimmy Jordon is high on Adios Scarlet ( Adios-Rena Grattan ) and she sure looks good as she goes by ."	"STATIVE"	"STATIVE"	"STATIVE"
"brown_belles_lettres"	"106"	"look"	"I never had the courage to look at them , when my projected volume became hopeless , fearing they were poor , until now when I was obliged to do so ."	"DYNAMIC"	"DYNAMIC"	"DYNAMIC"
"brown_adventure"	"107"	"look"	"She said , `` I guess the Lord looks out for fools , drunkards , and innocents '' ."	"DYNAMIC"	"STATIVEHABITUAL"	"BOTH"
"brown_belles_lettres"	"108"	"look"	"Mrs. Coolidge looked down , saw Mama's horrified expression and quickly let the whole thing fall to the floor ."	"DYNAMIC"	"DYNAMIC"	"DYNAMIC"
"brown_humor"	"109"	"look"	"The moonlit night was made for romance , and he had been looking at her soulfully for some time ."	"DYNAMIC"	"DYNAMIC"	"DYNAMIC"
"brown_mystery"	"110"	"look"	"He turned , then , to look toward the lighted Boulevard , and saw Rourke's tall , emaciated figure come out of the lounge and hurriedly start to angle across the street toward the opposite side ."	"DYNAMIC"	"DYNAMIC"	"DYNAMIC"
"brown_romance"	"111"	"look"	"She looked well-fed and prosperous , but he didn't get the impression he was being propositioned the way he'd been hoping ."	"STATIVE"	"STATIVE"	"STATIVE"
"brown_adventure"	"112"	"look"	"Waddell had looked the man over , trying to size him up ."	"DYNAMIC"	"DYNAMIC"	"DYNAMIC"
"brown_lore"	"113"	"look"	"In the middle of the party Chandler looked up to see four smiling faces bearing down upon him , each beaming above the biggest , greenest shamrock he had ever seen ."	"DYNAMIC"	"DYNAMIC"	"DYNAMIC"
"brown_fiction"	"114"	"look"	"Then he stood back to look at Mr. Jack , who was pulling on his pigskin gloves ."	"DYNAMIC"	"DYNAMIC"	"DYNAMIC"
"brown_adventure"	"115"	"look"	"She looked around ."	"DYNAMIC"	"DYNAMIC"	"DYNAMIC"
"brown_adventure"	"116"	"look"	"`` You mean you dragged your wife all over hell's half-acre looking for work '' ? ?"	"DYNAMIC"	"DYNAMIC"	"DYNAMIC"
"brown_romance"	"117"	"look"	"There was swimming over at the Riverside Hotel , but his skin was so white he looked like the bottom of a frog ."	"STATIVE"	"STATIVE"	"STATIVE"
"brown_lore"	"118"	"look"	"Malocclusion , or a bad fit , is what parents need to look out for ."	"DYNAMIC"	"STATIVE"	"BOTH"
"brown_government"	"119"	"look"	"With colleges and universities carrying a large part of the program , and with students looking toward Peace Corps service , there will be an impact on educational curriculum and student seriousness ."	"DYNAMIC"	"STATIVE"	"BOTH"
"brown_adventure"	"120"	"look"	"She had reached a point at which she didn't even care how she looked ."	"STATIVE"	"STATIVE"	"STATIVE"
"brown_hobbies"	"121"	"look"	"Most park planners look to water frontage for basic park areas ."	"DYNAMIC"	"STATIVEHABITUAL"	"BOTH"
"brown_news"	"122"	"look"	"To an extent , the two even look alike ."	"STATIVE"	"STATIVE"	"STATIVE"
"brown_mystery"	"123"	"look"	"At the door she turned back , her Roman nose looking very long now and satiric ."	"STATIVE"	"STATIVE"	"STATIVE"
"brown_adventure"	"124"	"look"	"As he looked up from picking at a leg ulcer , he saw a marine in the jungle across the clearing ."	"DYNAMIC"	"DYNAMIC"	"DYNAMIC"
"brown_romance"	"125"	"look"	"It began to look as if something was going to happen ."	"STATIVE"	"STATIVE"	"STATIVE"
"brown_adventure"	"126"	"look"	"He did not look around ."	"DYNAMIC"	"DYNAMIC"	"DYNAMIC"
"brown_romance"	"127"	"look"	"I had also thought a lot about how God must look on true love , and so in a way I was keeping my promise to God , my promise to remain pure until I was married ."	"STATIVE"	"DYNAMIC"	"BOTH"
"brown_fiction"	"128"	"look"	"Mark stopped the car and switched off the lights and they sat looking at the water , which , there being no moon out , at first could be distinguished from the sky only by an absence of stars ."	"DYNAMIC"	"DYNAMIC"	"DYNAMIC"
"brown_mystery"	"129"	"look"	"`` Come on , Inspector , look alive ."	"STATIVE"	"STATIVE"	"STATIVE"
"brown_fiction"	"130"	"look"	"She felt the look and looked back because she could not help it , seeing that he was neither as old nor as thick as she had at first believed ."	"DYNAMIC"	"DYNAMIC"	"DYNAMIC"
"brown_mystery"	"131"	"look"	"You're not only young but well , you don't even look like a police officer ."	"STATIVE"	"STATIVE"	"STATIVE"
"brown_learned"	"132"	"look"	"This is simply a confession of intellectual sterility spruced up to look virtuous ."	"STATIVE"	"STATIVE"	"STATIVE"
"brown_romance"	"133"	"look"	"Speaking in a low voice of loathing she went up to the girl , who stood with the same upright , scornful bearing and did not even look at the knife ."	"DYNAMIC"	"DYNAMIC"	"DYNAMIC"
"brown_mystery"	"134"	"look"	"He looked up and down the street ."	"DYNAMIC"	"DYNAMIC"	"DYNAMIC"
"brown_lore"	"135"	"look"	"They look after their fields and children and water buffaloes in ten or eleven thousand villages , with an average of 200 souls ."	"DYNAMIC"	"STATIVEHABITUAL"	"BOTH"
"brown_romance"	"136"	"look"	"But now she looked ugly ."	"STATIVE"	"STATIVE"	"STATIVE"
"brown_mystery"	"137"	"look"	"At the gate he slowed , looking around ."	"DYNAMIC"	"DYNAMIC"	"DYNAMIC"
"brown_belles_lettres"	"138"	"look"	"They look as if they had been sculptured with an unsharpened chisel ."	"STATIVE"	"STATIVE"	"STATIVE"
"brown_fiction"	"139"	"hold"	"Bobby Joe had been sitting close to her , touching her actually , and holding her hand from time to time , but it seemed at once that Howard sat much closer ."	"DYNAMIC"	"BOTH"	"BOTH"
"brown_editorial"	"140"	"hold"	"Several conventions have been held in recent months in hotels on a nonsegregated basis ."	"DYNAMIC"	"DYNAMIC"	"DYNAMIC"
"brown_hobbies"	"141"	"hold"	"Those who have never traveled the width and length of this land cannot conceive , on the basis of textbook description alone , the overwhelming space and variety of this country held together under one government ."	"STATIVE"	"STATIVE"	"STATIVE"
"brown_fiction"	"142"	"hold"	"For a moment she held her face to the empty doorway ; ;"	"DYNAMIC"	"STATIVE"	"BOTH"
"brown_lore"	"143"	"hold"	"Rammin' one horn of a downed steer into the ground to hold 'im down was called `` peggin' '' ."	"DYNAMIC"	"STATIVE"	"BOTH"
"brown_government"	"144"	"hold"	"Section 6(j) of the Act , as we have held , does require the Department's recommendation to be placed in a registrant's file ."	"DYNAMIC"	"STATIVE"	"BOTH"
"brown_editorial"	"145"	"hold"	"I know a man who held resentment against a neighbor for more than three decades ."	"STATIVE"	"STATIVE"	"STATIVE"
"brown_humor"	"146"	"hold"	"`` No divinity will hold still for that ."	"DYNAMIC"	"DYNAMIC"	"DYNAMIC"
"brown_editorial"	"147"	"hold"	"This `` holds '' the local until the express passengers change trains ."	"DYNAMIC"	"CONTEXT"	"BOTH"
"brown_adventure"	"148"	"hold"	"`` Just hold it that way '' ."	"DYNAMIC"	"STATIVE"	"BOTH"
"brown_learned"	"149"	"hold"	"Each adult is held personally responsible for assuring his inscription and obtaining an identification card which must be shown on demand ."	"STATIVE"	"STATIVE"	"STATIVE"
"brown_romance"	"150"	"hold"	"He saw the suitcase , which Julia was holding ."	"DYNAMIC"	"STATIVE"	"BOTH"
"brown_religion"	"151"	"hold"	"Even if the atom were big enough to hold a football field , this nucleus is still only about the size of a pinhead ."	"STATIVE"	"STATIVE"	"STATIVE"
"brown_government"	"152"	"hold"	"At the outset , the Government's spokesman explained that counsel for the Government and for Du Pont had already held preliminary discussions with a view to arriving at a relief plan that both sides could recommend to the court ."	"DYNAMIC"	"DYNAMIC"	"DYNAMIC"
"brown_science_fiction"	"153"	"hold"	"The glorious news had been held up pending Heavenly confirmation of the elevation of a new Supreme Bishop , Huey Short -- a candidate accepted by the Boone faction after lots had been cast repeatedly ."	"DYNAMIC"	"STATIVE"	"BOTH"
"brown_lore"	"154"	"hold"	"Before coming on a visit to Spelman in 1885 , Miss Mary had been a successful teacher in Worcester , and her position there was held open for her for a considerable period ."	"DYNAMIC"	"DYNAMIC"	"DYNAMIC"
"brown_news"	"155"	"hold"	"Report others held"	"CONTEXT"	"CONTEXT"	"CONTEXT"
"brown_learned"	"156"	"hold"	"This instrument provides an electrical signal proportional to the angular deviations of the platform and can be used to automatically hold the platform on true heading ."	"DYNAMIC"	"STATIVE"	"BOTH"
"brown_reviews"	"157"	"hold"	"He supports the steady-state theory which holds that matter is continually being created in space ."	"STATIVE"	"STATIVE"	"STATIVE"
"brown_news"	"158"	"hold"	"The court held that the tax applied to non-profit sales because the corporations realized economic benefits by doing business as two separate entities ."	"DYNAMIC"	"DYNAMIC"	"DYNAMIC"
"brown_editorial"	"159"	"hold"	"Connally amendment's repeal held step toward world order"	"DYNAMIC"	"DYNAMIC"	"DYNAMIC"
"brown_government"	"160"	"hold"	"Chapel services are held weekly ."	"DYNAMIC"	"STATIVEHABITUAL"	"BOTH"
"brown_belles_lettres"	"161"	"hold"	"Moineau and David held nothing but their fingers ."	"DYNAMIC"	"STATIVE"	"BOTH"
"brown_fiction"	"162"	"hold"	"and though he had found the strength to run with us , now he collapsed and lay on the ground , dying , the Reverend holding his head and wiping his hot brow ."	"DYNAMIC"	"STATIVE"	"BOTH"
"brown_belles_lettres"	"163"	"hold"	"Can't hold her pure little han' ! !"	"DYNAMIC"	"STATIVE"	"BOTH"
"brown_hobbies"	"164"	"hold"	"I tested it in my scoped S & W and it was good enough to allow me to hit a chuck with every shot at 100 yards if I did my part by holding the handgun steadily ."	"DYNAMIC"	"BOTH"	"BOTH"
"brown_belles_lettres"	"165"	"hold"	"But that is too simple , and won't hold up ."	"DYNAMIC"	"STATIVE"	"BOTH"
"brown_romance"	"166"	"hold"	"They came out and held their games and races ."	"DYNAMIC"	"DYNAMIC"	"DYNAMIC"
"brown_hobbies"	"167"	"hold"	") Vernon , however , held out for plain oyster roast , and plenty of it , unadorned by herbs or any seasoning but salt , though he did fancy a bit of lemon ."	"DYNAMIC"	"STATIVE"	"BOTH"
"brown_romance"	"168"	"hold"	"He held his long clenched foot in both hands , and this and his contorted face -- he was trying heroically not to cry out -- made him look like a large skinny old monkey ."	"DYNAMIC"	"STATIVE"	"BOTH"
"brown_lore"	"169"	"hold"	"This conclusion is dependent on the assumption that traditional sex mores will continue to sanction both premarital chastity as the `` ideal '' , and the double standard holding females primarily responsible for preserving the ideal ."	"STATIVE"	"STATIVE"	"STATIVE"
"brown_mystery"	"170"	"hold"	"For a split second , Nick relaxed his grip and Poet's slippery body spun completely around before Nick could stop him , holding him now from the rear ."	"DYNAMIC"	"DYNAMIC"	"DYNAMIC"
"brown_science_fiction"	"171"	"hold"	"`` Here , this will help '' , suggested Helva , substituting a magnifying device in one extension and holding it over the picture ."	"DYNAMIC"	"BOTH"	"BOTH"
"brown_lore"	"172"	"hold"	"Once the soldiers from the barracks had to hold the ship from blowing away while Fogg revved the engine and got the tail up ."	"DYNAMIC"	"STATIVE"	"BOTH"
"brown_mystery"	"173"	"hold"	"When you hold the spirit of a thing , then somehow you know the truth -- you know a fake antique from the real thing ."	"DYNAMIC"	"BOTH"	"BOTH"
"brown_reviews"	"174"	"hold"	"Rhythmic interest , melodic beauty and the expansiveness of the writing are all qualities which hold one's attention with the Gilels playing ."	"DYNAMIC"	"STATIVE"	"BOTH"
"brown_fiction"	"175"	"hold"	"He then draped him over the rough stand , explained that he was supposed to be recently dead , and was being held on his mother's lap ."	"DYNAMIC"	"STATIVE"	"BOTH"
"brown_romance"	"176"	"hold"	"Everyone held his or her breath ."	"DYNAMIC"	"DYNAMIC"	"DYNAMIC"
"brown_learned"	"177"	"hold"	"A week later the Daily Journal had discovered the initial plans of some Providence citizens to hold a meeting honoring John Brown on the day of his execution ."	"DYNAMIC"	"DYNAMIC"	"DYNAMIC"
"brown_lore"	"178"	"hold"	"The reception was held in a private dining room of the Webster Hotel on Lincoln Park West ."	"DYNAMIC"	"DYNAMIC"	"DYNAMIC"
"brown_belles_lettres"	"179"	"hold"	"Arlen is one of the few ( possibly the only ) composer Mercer has been able to work with so closely , for they held their meetings in Arlen's study ."	"DYNAMIC"	"DYNAMIC"	"DYNAMIC"
"brown_hobbies"	"180"	"hold"	"Most drill presses have a quill return spring that raises the spindle automatically when the feed lever is released and holds the quill in the raised position ."	"DYNAMIC"	"STATIVE"	"BOTH"
"brown_editorial"	"181"	"hold"	"The speed is controlled by pressing on the two brake buttons located where the index finger and thumb are placed when holding the motor ."	"DYNAMIC"	"STATIVE"	"BOTH"
"brown_lore"	"182"	"hold"	"White people hold the line as long as they can , and in as many ways as they can , from verbal intimidation to physical violence ."	"DYNAMIC"	"STATIVE"	"BOTH"
"brown_hobbies"	"183"	"hold"	"Mold was used as pattern and clay cut by holding knife at about 45-degree angle , to form an undercut , making base smaller than the pattern top ."	"DYNAMIC"	"STATIVE"	"BOTH"
"brown_religion"	"184"	"hold"	"You know that I could hold right here in my hand the little chunk of uranium metal that was the heart of the bomb that dropped on Hiroshima ."	"STATIVE"	"STATIVE"	"STATIVE"
"brown_belles_lettres"	"185"	"hold"	"He held that no group of colonists could set up or maintain a government without royal sanction ."	"STATIVE"	"STATIVE"	"STATIVE"
"brown_fiction"	"186"	"hold"	"Since his Christ was to be life size , how was Mary to hold him on her lap without the relationship seeming ungainly ? ?"	"DYNAMIC"	"STATIVE"	"BOTH"
"brown_belles_lettres"	"187"	"hold"	"The eventual prize in this new battle was the public printing contract that Woodruff still held ."	"STATIVE"	"STATIVE"	"STATIVE"
"brown_fiction"	"188"	"hold"	"An old gentlemen next to me held a Boy Scout bugle to his lips and blasted away at every fourth step and during the interim shouted out , `` V for Victory '' ! !"	"DYNAMIC"	"DYNAMIC"	"DYNAMIC"
"brown_lore"	"189"	"hold"	"Cattle drove to the northern ranges and held for two winters to mature 'em into prime beef were said to be `` double wintered '' ."	"DYNAMIC"	"STATIVE"	"BOTH"
"brown_hobbies"	"190"	"hold"	"For the central storage , Tri-State buys one acre , Buries its tanks and simply holds permanent title to that piece ."	"STATIVE"	"STATIVE"	"STATIVE"
"brown_religion"	"191"	"hold"	"I place His precepts and His leadings above every seeming probability , dismissing cherished convictions and holding the wisdom of man as folly when opposed to Him ."	"STATIVE"	"STATIVE"	"STATIVE"
"brown_hobbies"	"192"	"hold"	"Although I suggested that you hold the bar at the back of the neck there's no reason why you shouldn't make some experiments with the bar held in front of the neck ."	"DYNAMIC"	"STATIVE"	"BOTH"
"brown_hobbies"	"193"	"hold"	"Try pegging down each separate branch to the earth , using a bobby pin to hold it there ."	"DYNAMIC"	"STATIVE"	"BOTH"
"brown_lore"	"194"	"hold"	"The books of the school hold a memorial to her ; ;"	"STATIVE"	"STATIVE"	"STATIVE"
"brown_adventure"	"195"	"hold"	"After a while , Kitty murmured something to Cappy , and he held her close , answering , `` We'll just have to wait till we pull into Philly , honey '' ."	"DYNAMIC"	"BOTH"	"BOTH"
"brown_news"	"196"	"hold"	"With a Democratic administration , party patronage would normally begin to flow to Mississippi if it had held its Democratic solidarity in the November election ."	"DYNAMIC"	"STATIVE"	"BOTH"
"brown_government"	"197"	"hold"	"Blockade runners can be stopped -- by gunfire , if necessary -- searched and held , at least temporarily ."	"DYNAMIC"	"STATIVE"	"BOTH"
"brown_lore"	"198"	"hold"	"But the Company of the Indies , holding to its program of economy , made no arrangements to furnish better goods at attractive prices ."	"DYNAMIC"	"BOTH"	"BOTH"
"brown_learned"	"199"	"hold"	"Increased experimentation with multipurpose agencies , especially those that combine afresh the traditional functions of family and child welfare services , holds rich promise for the future ."	"STATIVE"	"STATIVE"	"STATIVE"
"brown_adventure"	"200"	"hold"	"No man could have reached his spot nor held it without being ruthless , and Hague had made a virtue of ruthlessness all of his life ."	"STATIVE"	"STATIVE"	"STATIVE"
"brown_lore"	"201"	"hold"	"Bienville realized that if the French were to hold the southeastern tribes against the enticements of British goods , French traders must be able to offer a supply as abundant as the Carolinians and at reasonable prices ."	"DYNAMIC"	"STATIVE"	"BOTH"
"brown_belles_lettres"	"202"	"hold"	"`` How could the mess be admitted , because it appears to be the very opposite of form and therefore destructive of the very thing that art holds itself to be '' ? ?"	"STATIVE"	"STATIVE"	"STATIVE"
"brown_romance"	"203"	"hold"	"The first meeting was held in Faneuil Hall , a great big place where we were able to meet members from all the other states ."	"DYNAMIC"	"BOTH"	"BOTH"
"brown_hobbies"	"204"	"hold"	"To find the other stop screw position , insert the tappet into the frame and hold the screw head tight against the frame edge ."	"DYNAMIC"	"STATIVE"	"BOTH"
"brown_news"	"205"	"hold"	"The law which governs home rule charter petitions states that they must be referred to the chairman of the board of canvassers for verification of the signatures within 10 days and Mr. Martinelli happens to hold that post ."	"STATIVE"	"STATIVE"	"STATIVE"
"brown_learned"	"206"	"hold"	"The dirt on the soiled objects is mechanically held by surface irregularities to some extent ."	"DYNAMIC"	"STATIVE"	"BOTH"
"brown_hobbies"	"207"	"hold"	"The avocado should have a `` give '' to it , as you hold it , when it is ripe ."	"DYNAMIC"	"STATIVE"	"BOTH"
"brown_lore"	"208"	"hold"	"That experience holds a lesson for us all in regard to birth control today ."	"STATIVE"	"STATIVE"	"STATIVE"
"brown_adventure"	"209"	"hold"	"Not with the memory of her folks and the lost Conestoga still holding her close ."	"DYNAMIC"	"STATIVE"	"BOTH"
"brown_lore"	"210"	"hold"	"The Indians were not impressed and held to the Carolina traders , who swarmed over the country , almost to the Mississippi ."	"DYNAMIC"	"STATIVE"	"BOTH"
"brown_lore"	"211"	"hold"	"Seed crops hold a prominent place in the agricultural economy of the United States ."	"STATIVE"	"STATIVE"	"STATIVE"
"brown_belles_lettres"	"212"	"hold"	"'' The other important difference between the two Constitutions was that the President of the Confederacy held office for six ( instead of four ) years , and was limited to one term ."	"STATIVE"	"STATIVE"	"STATIVE"
"brown_learned"	"213"	"hold"	"The anti-assignment statute was held not to prevent the American corporation from suing for a refund of taxes paid by the British corporation ."	"DYNAMIC"	"DYNAMIC"	"DYNAMIC"
"brown_science_fiction"	"214"	"hold"	"`` I held still for the same thing , didn't I ? ?"	"DYNAMIC"	"BOTH"	"BOTH"
"brown_religion"	"215"	"hold"	"Most realtors and real estate brokers talk of themselves as `` professional people '' with the cultural and moral values held by the traditional professions ."	"STATIVE"	"STATIVE"	"STATIVE"
"brown_mystery"	"216"	"hold"	"Vecchio was nodding and pointing at the large suitcase he held ."	"STATIVE"	"STATIVE"	"STATIVE"
"brown_hobbies"	"217"	"hold"	"As the Juniors entered the ring , Mr. Spring , the announcer , stated over the public-address system that this was the 28th year that Westminster has held the Finals of the Junior Competition ."	"DYNAMIC"	"BOTH"	"BOTH"
"brown_government"	"218"	"hold"	"However , as much time as possible should be spent within the shelter to hold radiation exposure to a minimum ."	"DYNAMIC"	"DYNAMIC"	"DYNAMIC"
"brown_news"	"219"	"hold"	"Five held for trial"	"DYNAMIC"	"STATIVE"	"BOTH"
"brown_belles_lettres"	"220"	"hold"	"Marquet held my briefcase ; ;"	"DYNAMIC"	"STATIVE"	"BOTH"
"brown_lore"	"221"	"hold"	"The Pathet Lao forces held two northern provinces and openly took the offensive in three more ."	"DYNAMIC"	"STATIVE"	"BOTH"
"brown_lore"	"222"	"hold"	"To hold 'em in a compact mass was `` close herdin' '' ."	"DYNAMIC"	"STATIVE"	"BOTH"
"brown_editorial"	"223"	"hold"	"When I hold my son he stiffens his whole body in my arms until he is as straight and stiff as a board ."	"DYNAMIC"	"BOTH"	"BOTH"
"brown_romance"	"224"	"hold"	"`` There is not space to hold or force to guard any increased number of prisoners ."	"STATIVE"	"STATIVE"	"STATIVE"
"brown_learned"	"225"	"hold"	"And there is a way in which he might hold that badness did in this case precede our own feeling of disapproval without belonging to the pain itself ."	"STATIVE"	"STATIVE"	"STATIVE"
"brown_fiction"	"226"	"hold"	"She held Jonathan's letter , his words burning like a brand , and knew suddenly that the bonds between them were severed ."	"DYNAMIC"	"STATIVE"	"BOTH"
"brown_belles_lettres"	"227"	"hold"	"And this , I think , holds for values as well as life styles ."	"STATIVE"	"STATIVE"	"STATIVE"
"brown_adventure"	"228"	"hold"	"He simply would not work his arithmetic problems when the teacher held his class ."	"DYNAMIC"	"BOTH"	"BOTH"
"brown_fiction"	"229"	"hold"	"He slapped the reins on the back of the powerful gray horse and held on as the sulky's wheels hit a pothole and came out with a jolt and went on ."	"DYNAMIC"	"STATIVE"	"BOTH"
"brown_fiction"	"230"	"hold"	"It's your decision '' , said Juanita , holding her face very still , trying to contain the bitterness of her voice as she enunciated her words too distinctly ."	"DYNAMIC"	"DYNAMIC"	"DYNAMIC"
"brown_belles_lettres"	"231"	"hold"	"It has held them at bay ."	"DYNAMIC"	"STATIVE"	"BOTH"
"brown_lore"	"232"	"hold"	"To solve the problem of the wheat grains spilling on the floor and getting underfoot , a ball of maple syrup boiled to candy consistency was invented to hold the grains ."	"STATIVE"	"STATIVE"	"STATIVE"
"brown_religion"	"233"	"hold"	"It is the power that holds the stars in their orbits , but allows the wind to bend a blade of grass ."	"DYNAMIC"	"STATIVE"	"BOTH"
"brown_reviews"	"234"	"hold"	"It holds an equally valuable lesson for a society where the word `` intellectual '' has become a term of opprobrium to millions of well-meaning people who somehow imagine that it must be destructive of the simpler human virtues ."	"STATIVE"	"STATIVE"	"STATIVE"
"brown_adventure"	"235"	"hold"	"He was riding between two warriors , who held him erect when he started to slump ."	"DYNAMIC"	"STATIVE"	"BOTH"
"brown_learned"	"236"	"hold"	"As it was , it took the pigment well for six hours , enough for our purpose , and held it firmly in setting ."	"DYNAMIC"	"STATIVE"	"BOTH"
"brown_hobbies"	"237"	"hold"	"The best procedure is to have a few friends hold the planking in place while you mark it off ."	"DYNAMIC"	"STATIVE"	"BOTH"
"brown_fiction"	"238"	"hold"	"`` Don't hold him like that ."	"DYNAMIC"	"STATIVE"	"BOTH"
"brown_belles_lettres"	"239"	"hold"	"Conventional images of Jews have this in common with all perceptions of a configuration in which one feature is held constant : images can be both true and false ."	"DYNAMIC"	"STATIVE"	"BOTH"
"brown_romance"	"240"	"hold"	"`` Well '' , Heiser ventured , `` why don't we hold an investigation with questioning and '' --"	"DYNAMIC"	"DYNAMIC"	"DYNAMIC"
"brown_fiction"	"241"	"hold"	"He thought he saw -- it awakened and , for a moment , interested him -- that Elizabeth held a leash in her hand and that a round fuzzy puppy was on the end of the leash ."	"DYNAMIC"	"STATIVE"	"BOTH"
"brown_belles_lettres"	"242"	"hold"	"Unfortunately , this assumption does not always hold good ."	"STATIVE"	"STATIVE"	"STATIVE"
"brown_belles_lettres"	"243"	"hold"	"These began to be apparent in a press conference held during the second illness in order that the consulting specialists might clarify the President's condition for the nation ."	"DYNAMIC"	"BOTH"	"BOTH"
"brown_government"	"244"	"hold"	"There we held `` that the statutory scheme for review , within the selective service system , entitles [ conscientious objectors ] to no guarantee that the FBI reports must be produced for their inspection '' ."	"DYNAMIC"	"STATIVE"	"BOTH"
"brown_adventure"	"245"	"hold"	"Donald Kruger would like nothing better than to hold him as hostage , and I wouldn't entrust a snake to his tender care ."	"DYNAMIC"	"STATIVE"	"BOTH"
"brown_mystery"	"246"	"hold"	"Gun held his breath a moment , pushing the volume and pitch of his voice down under the trapdoor in his throat ."	"DYNAMIC"	"BOTH"	"BOTH"
"brown_lore"	"247"	"hold"	"This method of countin' was usually done at the request , and in the presence , of a representative of the bank that held the papers against the herd ."	"DYNAMIC"	"DYNAMIC"	"DYNAMIC"
"brown_reviews"	"248"	"hold"	"Ontario's foliage is most vivid from about Sept. 23 to Oct. 10 , with both Muskoka ( 100 miles north of Toronto ) and Haliburton ( 125 miles northwest of Toronto ) holding color cavalcades starting Sept. 23 ."	"DYNAMIC"	"STATIVE"	"BOTH"
"brown_lore"	"249"	"hold"	"The highly important Dyer patents on the sliding gear transmission were held by the A.L.A.M. pool ."	"STATIVE"	"DYNAMIC"	"BOTH"
"brown_romance"	"250"	"hold"	"People came in and out all evening to see the baby and hold it ."	"DYNAMIC"	"BOTH"	"BOTH"
"brown_hobbies"	"251"	"hold"	"Place mold or paper pattern on rolled clay and cut clay by holding knife in vertical position ( cut more pieces than required for project to make allowance for defects ; ;"	"DYNAMIC"	"STATIVE"	"BOTH"
"brown_learned"	"252"	"hold"	"In the Dunn-Atherton memorandum of February 4 , 1942 , the State Department had expected to be able to hold Russia in check by withholding agreement to her 1941 boundaries ."	"DYNAMIC"	"DYNAMIC"	"DYNAMIC"
"brown_learned"	"253"	"hold"	"or allowing survival of a dividend carryover to a personal holding company ( section 381(c)(14) ) , but not carryover of excess tax credits for foreign taxes ? ?"	"CONTEXT"	"STATIVE"	"BOTH"
"brown_hobbies"	"254"	"hold"	"Instead of 3 a.m. in the past , the Juniors Class at Westminster was held at 4:45 p.m. ."	"DYNAMIC"	"DYNAMIC"	"DYNAMIC"
"brown_news"	"255"	"hold"	"The Pirates jumped off to an 11-3 start by May 1 last year , when the Redbirds as well as the Dodgers held them even over the season ."	"DYNAMIC"	"STATIVE"	"BOTH"
"brown_reviews"	"256"	"hold"	"He may respect too much the Italian tradition of letting singers hold on to their notes , but to restrain them in a singers' opera may be quite difficult ."	"DYNAMIC"	"STATIVE"	"BOTH"
"brown_belles_lettres"	"257"	"hold"	"For it includes the emotional ties that bind men to their homeland and the complex motivations that hold a large group of people together as a unit ."	"STATIVE"	"STATIVE"	"STATIVE"
"brown_mystery"	"258"	"hold"	"All this went through Casey's mind in the first instant , but what held his interest was the fact that these two should be together at all ."	"DYNAMIC"	"DYNAMIC"	"DYNAMIC"
"brown_hobbies"	"259"	"hold"	"A number of C clamps hold the pieces together on the jig until the glue sets ."	"STATIVE"	"STATIVE"	"STATIVE"
"brown_romance"	"260"	"hold"	"God knew his tears were his to shed if he so desired , for it had not been with an egotist's rage for fame that he had held precious his naval career ."	"STATIVE"	"STATIVE"	"STATIVE"
"brown_belles_lettres"	"261"	"hold"	"The Fourth Corps assaulted and carried a small portion of the enemy works but could not hold possession of the gain for want of cooperation from the balance of the line ."	"DYNAMIC"	"STATIVE"	"BOTH"
"brown_belles_lettres"	"262"	"hold"	"Fuzzy caterpillars , snails with their sensitive horns , struggling grasshoppers held by their long hind legs and commanded to `` spit tobacco , spit '' ."	"DYNAMIC"	"DYNAMIC"	"DYNAMIC"
"brown_lore"	"263"	"hold"	"The audition was held a few minutes later in somebody's apartment ."	"DYNAMIC"	"BOTH"	"BOTH"
"brown_lore"	"264"	"hold"	"As for me , I am holding in reserve two huge puzzles ( I love puzzles ) to put together when time hangs heavy on my hands ."	"STATIVE"	"STATIVE"	"STATIVE"
"brown_romance"	"265"	"hold"	"Besides , suppose we hold a court of inquiry , then what ? ?"	"DYNAMIC"	"DYNAMIC"	"DYNAMIC"
"brown_adventure"	"266"	"hold"	"`` A man was holding onto Lou , holding him up ."	"DYNAMIC"	"STATIVE"	"BOTH"
"brown_news"	"267"	"hold"	"`` I would expect the proposed committee to hold public hearings '' , Mr. Notte said , `` to obtain the views of the general public and religious , labor and special-interest groups affected by these laws '' ."	"DYNAMIC"	"DYNAMIC"	"DYNAMIC"
"brown_reviews"	"268"	"hold"	"Like Eisenhower , he holds the militarist's suspicion of politicians ."	"STATIVE"	"STATIVE"	"STATIVE"
"brown_learned"	"269"	"hold"	"The simple time-temperature equivalence valid for many amorphous systems did not hold here ."	"STATIVE"	"DYNAMIC"	"BOTH"
"brown_adventure"	"270"	"hold"	"He held the black plastic kazoo lightly ."	"DYNAMIC"	"STATIVE"	"BOTH"
"brown_adventure"	"271"	"hold"	"He held a cigarette in his right hand ."	"DYNAMIC"	"STATIVE"	"BOTH"
"brown_belles_lettres"	"272"	"hold"	"There the community , faced with the need to formulate policy on the level of absolute justice , can find the answer to its problem in the absolute truth which it holds as partially experienced ."	"STATIVE"	"STATIVE"	"STATIVE"
"brown_fiction"	"273"	"hold"	"Young Frederick Seward held out his hand ."	"DYNAMIC"	"DYNAMIC"	"DYNAMIC"
"brown_news"	"274"	"hold"	"Dick Carroll and his accordion ( which we now refer to as `` Freida '' ) held over at Bahia Cabana where `` Sir '' Judson Smith brings in his calypso capers Oct. 13 ."	"STATIVE"	"STATIVE"	"STATIVE"
"brown_mystery"	"275"	"hold"	"He held his arms close to his sides and made himself as small as possible ."	"DYNAMIC"	"DYNAMIC"	"DYNAMIC"
"brown_news"	"276"	"hold"	"Frog-marched off the airplane at 1:48 p.m. , the Beardens were held in bail of $100,000 each on charges of kidnapping and transporting a stolen plane across state lines ."	"DYNAMIC"	"STATIVE"	"BOTH"
"brown_belles_lettres"	"277"	"appear"	"On the very day that the parliamentary session began , another `` Infamous Libel '' appeared , entitled A Letter From The Facetious Dr. Andrew Tripe , At Bath , To The Venerable Nestor Ironside ."	"DYNAMIC"	"DYNAMIC"	"DYNAMIC"
"brown_learned"	"278"	"appear"	"The Ifni crisis in the fall of 1957 postponed further consideration of elections , but French consultants were called in and notices of further investigation appeared from time to time ."	"DYNAMIC"	"DYNAMIC"	"DYNAMIC"
"brown_government"	"279"	"appear"	"and it is to be noted also that confidence should grow from remembering that great men often appeared in the past to turn local catastrophe into future good for all mankind ."	"STATIVE"	"BOTH"	"BOTH"
"brown_adventure"	"280"	"appear"	"Kodyke had appeared at the mine one day bearing a letter from Kruger ."	"DYNAMIC"	"DYNAMIC"	"DYNAMIC"
"brown_mystery"	"281"	"appear"	"Roberts appeared to be dead ; ;"	"STATIVE"	"STATIVE"	"STATIVE"
"brown_learned"	"282"	"appear"	"Philosophy conceived of as servant to the sciences might appear as less dramatic than philosophy which jeers as the sciences evolve ."	"STATIVE"	"STATIVE"	"STATIVE"
"brown_learned"	"283"	"appear"	"While talking with Julian M. Beall , Francisco Archuleta and Juan Marcus appeared , both heavily armed , and after watching the house for a while , rode away ."	"DYNAMIC"	"DYNAMIC"	"DYNAMIC"
"brown_belles_lettres"	"284"	"appear"	"On the evening that they were to sail , Lewis himself gave a party , but he was too indisposed to appear at it ."	"DYNAMIC"	"DYNAMIC"	"DYNAMIC"
"brown_reviews"	"285"	"appear"	"George Kennan's account of relations between Russia and the West from the fall of Tsarism to the end of World War 2 , is the finest piece of diplomatic history that has appeared in many years ."	"DYNAMIC"	"DYNAMIC"	"DYNAMIC"
"brown_reviews"	"286"	"appear"	"This may be unfortunate , perhaps , from the standpoint of David Hedison , Providence's contribution to Hollywood , who is appearing by special arrangement with 20th Century-Fox ."	"DYNAMIC"	"DYNAMIC"	"DYNAMIC"
"brown_learned"	"287"	"appear"	"That which I found most profound and most disturbing appeared to evoke a curiously muted reaction ."	"STATIVE"	"STATIVE"	"STATIVE"
"brown_humor"	"288"	"appear"	"Without further discussion he appeared the next morning with a pile of boards sticking over the end of his light truck and proceeded with the paneling , which he then stained and waxed according to his taste ."	"DYNAMIC"	"DYNAMIC"	"DYNAMIC"
"brown_learned"	"289"	"appear"	"It appears possible to set a lower limit of about Af for the activation energy of the abstraction of a chlorine atom from a carbon tetrachloride molecule by a chlorine atom to form Af radical ."	"STATIVE"	"STATIVE"	"STATIVE"
"brown_learned"	"290"	"appear"	"When a dot appears close to the end of the transverse line , the `` moderate '' rating may be further classified according to the position of the dot with respect to the vertical marking denoting the mean age ."	"STATIVE"	"DYNAMIC"	"BOTH"
"brown_learned"	"291"	"appear"	"The incomplete antibody activity appeared in the early part of the chromatogram ; ;"	"DYNAMIC"	"DYNAMIC"	"DYNAMIC"
"brown_news"	"292"	"appear"	"The signature of Harold V. Varani , former director of architecture and engineering in the Department of Public Property , appeared on payment vouchers certifying work on the project ."	"STATIVE"	"DYNAMIC"	"BOTH"
"brown_reviews"	"293"	"appear"	"Miss Sutherland appeared almost as another person in this scene : A much more girlish Lucia , a sensational coloratura who ran across stage while singing , and an actress immersed in her role ."	"STATIVE"	"STATIVE"	"STATIVE"
"brown_humor"	"294"	"appear"	"They were pushed gently into the room by Arlene -- whose only part appearing were hands that crept quickly back around to the kitchen side of the door ."	"DYNAMIC"	"DYNAMIC"	"DYNAMIC"
"brown_religion"	"295"	"appear"	"There was no doubt in my mind that if I crossed him , mobs would appear outside our windows shouting `` Paredon ! !"	"DYNAMIC"	"DYNAMIC"	"DYNAMIC"
"brown_religion"	"296"	"appear"	"Fortunately the number of pathological bigots appears to be quite small , but it would be a mistake to think that more than a matter of degree separates them from the rest of us ."	"STATIVE"	"STATIVE"	"STATIVE"
"brown_fiction"	"297"	"appear"	"Or at least appear to reject it ! !"	"STATIVE"	"STATIVE"	"STATIVE"
"brown_belles_lettres"	"298"	"appear"	"At first glance this appears strange : of all people , was not America founded by rugged individualists who established a new way of life still inspiring `` undeveloped '' societies abroad ? ?"	"STATIVE"	"STATIVE"	"STATIVE"
"brown_hobbies"	"299"	"appear"	"Multiplication , subtraction , and addition can then be accomplished as they appear in the equation by starting at the left end of the equation and working toward the right ."	"STATIVE"	"DYNAMIC"	"BOTH"
"brown_news"	"300"	"appear"	"The education bill appears to be temporarily stalled in the Rules Committee , where two Northern Democratic members who usually vote with the Administration are balking because of the religious controversy ."	"STATIVE"	"STATIVE"	"STATIVE"
"brown_learned"	"301"	"appear"	"This method of rinsing appears to produce maximum cleansing with minimum soil redeposition ."	"STATIVE"	"STATIVE"	"STATIVE"
"brown_belles_lettres"	"302"	"appear"	"Perhaps Patchen was once involved in a train accident , and this passage from First Will And Testament may have been how the accident appeared to the poet when he first saw it -- if he did : ``"	"STATIVE"	"BOTH"	"BOTH"
"brown_adventure"	"303"	"appear"	"When she appeared at the store to help out for a few hours even my looking at her was surreptitious lest my Uncle notice it ."	"DYNAMIC"	"DYNAMIC"	"DYNAMIC"
"brown_mystery"	"304"	"appear"	"The crime showed too much planning , the kidnappers appeared too proficient to be caught by a checklist ."	"STATIVE"	"STATIVE"	"STATIVE"
"brown_lore"	"305"	"appear"	"North and south , east and west , back and forth he sailed in the land-locked bay , plowing furiously forward until land appeared , then turning to repeat the process , day after day , week after week ."	"DYNAMIC"	"DYNAMIC"	"DYNAMIC"
"brown_editorial"	"306"	"appear"	"Had U.S. warships not appeared off the Dominican coast , there is every possibility that the country would now be wracked by civil war ."	"DYNAMIC"	"DYNAMIC"	"DYNAMIC"
"brown_belles_lettres"	"307"	"appear"	"What manner of person does Milton appear to have been when as an undergraduate he resided at Christ's College ? ?"	"STATIVE"	"STATIVE"	"STATIVE"
"brown_fiction"	"308"	"appear"	"A romantic is one who thinks the world is divinely inspired and all he has to do is find the right key , and then divine justice and altruism will appear ."	"DYNAMIC"	"DYNAMIC"	"DYNAMIC"
"brown_belles_lettres"	"309"	"appear"	"However , the General Court at Boston ordered the purchasers of Shawomet to appear before them to answer the sachems' claim ."	"DYNAMIC"	"DYNAMIC"	"DYNAMIC"
"brown_news"	"310"	"appear"	"The fight over the Warwick School Committee's appointment of a coordinator of audio-visual education may go to the state Supreme Court , it appeared last night ."	"STATIVE"	"STATIVE"	"STATIVE"
"brown_fiction"	"311"	"appear"	"He appeared to be peering haughtily down his nose at the crowded and unclean vessel that would carry him to freedom ."	"STATIVE"	"STATIVE"	"STATIVE"
"brown_belles_lettres"	"312"	"appear"	"He advised the poor woman not to appear in court as what she was charged with was not in violation of law ."	"DYNAMIC"	"DYNAMIC"	"DYNAMIC"
"brown_news"	"313"	"appear"	"Unlike most such sports rivalries , it appeared to have developed almost spontaneously , although this was not exactly the case ."	"STATIVE"	"STATIVE"	"STATIVE"
"brown_fiction"	"314"	"appear"	"He started by making free sketches to loosen up his thinking so that images would appear on paper ."	"DYNAMIC"	"DYNAMIC"	"DYNAMIC"
"brown_lore"	"315"	"appear"	"I do mean , however , that I take them for granted , and that everything I shall be saying would appear quite idiotic against any contrary assumptions ."	"STATIVE"	"STATIVE"	"STATIVE"
"brown_adventure"	"316"	"appear"	"They appeared to be the enemy ."	"STATIVE"	"STATIVE"	"STATIVE"
"brown_lore"	"317"	"appear"	"Many appeared to regard their sexual behavior as a justifiable means of gaining acceptance from and identification with others ; ;"	"STATIVE"	"STATIVE"	"STATIVE"
"brown_fiction"	"318"	"appear"	"Jean Jacques asked , striving to appear unimpressed ."	"STATIVE"	"STATIVE"	"STATIVE"
"brown_news"	"319"	"appear"	"Apart from the personal equation , another reason advanced in favor of the meeting was that too often in the past the U.S. appeared to have been dragged reluctantly to the summit ."	"STATIVE"	"STATIVE"	"STATIVE"
"brown_fiction"	"320"	"appear"	"Lawrence stared a minute at the lighted ribbon of traffic , hoping that a clue to his dislike of the Vice President would appear ."	"DYNAMIC"	"DYNAMIC"	"DYNAMIC"
"brown_belles_lettres"	"321"	"appear"	"It does not appear that we will be delivered from our situation by articles on The National Purpose ."	"STATIVE"	"STATIVE"	"STATIVE"
"brown_learned"	"322"	"appear"	"Even those who appear in only one or two scenes are full personalities , defined with economical precision ."	"DYNAMIC"	"DYNAMIC"	"DYNAMIC"
"brown_news"	"323"	"appear"	"Still , I don't wish to appear happy at somebody else's misfortune '' ."	"STATIVE"	"STATIVE"	"STATIVE"
"brown_hobbies"	"324"	"appear"	"Just because a tree or other object appears in a certain spot is absolutely no reason to place it in the same position in the painting , unless the position serves the design of the whole composition ."	"STATIVE"	"DYNAMIC"	"BOTH"
"brown_government"	"325"	"appear"	"In fact , one of the major reasons for the failure of the ill-starred expedition appears to have been a lack of full information on the extent to which Cuba has been getting this Russian military equipment ."	"STATIVE"	"STATIVE"	"STATIVE"
"brown_romance"	"326"	"appear"	"The mural around the wall depicted early settlers in covered wagons , who appeared much more animated than the gamblers ."	"STATIVE"	"STATIVE"	"STATIVE"
"brown_learned"	"327"	"appear"	"Six editions of James Dwight Dana's System appeared between 1837 and 1892 ."	"DYNAMIC"	"DYNAMIC"	"DYNAMIC"
"brown_lore"	"328"	"appear"	"pitchers of water merely appear on the tables ."	"DYNAMIC"	"DYNAMIC"	"DYNAMIC"
"brown_learned"	"329"	"appear"	"The low compulsive child was one who appeared relatively unconcerned about such matters ."	"STATIVE"	"STATIVE"	"STATIVE"
"brown_religion"	"330"	"appear"	"Catholic priests have frequently appeared on television programs , sometimes discussing the Christian faith on an equal footing with Protestant clergymen ."	"DYNAMIC"	"DYNAMIC"	"DYNAMIC"
"brown_government"	"331"	"appear"	"It appears to us that the same reasoning applies to the production of the hearing officer's report and notes at the trial ."	"STATIVE"	"STATIVE"	"STATIVE"
"brown_learned"	"332"	"appear"	"The Institute derives its name from Paul Von Groth's Chemische Krystallographie , a five-volume work which appeared between 1906 and 1919 ."	"DYNAMIC"	"DYNAMIC"	"DYNAMIC"
"brown_learned"	"333"	"appear"	"( 3 ) For anionics , these micelles appear to be roughly spherical assemblages in which the hydrocarbon tails come together so that the polar groups ( the ionized ends ) face outward towards the aqueous continuous phase ."	"STATIVE"	"STATIVE"	"STATIVE"
"brown_reviews"	"334"	"appear"	"In a succession of scenes they appear in different guises -- patrons of a cafe , performers in a circus and participants in a family picnic -- but in each instance they inevitably put ugliness before beauty ."	"DYNAMIC"	"DYNAMIC"	"DYNAMIC"
"brown_lore"	"335"	"appear"	"As the first scene begins to fade , the succeeding scene begins to appear ."	"DYNAMIC"	"DYNAMIC"	"DYNAMIC"
"brown_belles_lettres"	"336"	"appear"	"They are situated in the midst of trees , which hang over them , and appear truly romantick ."	"STATIVE"	"STATIVE"	"STATIVE"
"brown_hobbies"	"337"	"appear"	"The primary deterrent appears to lie with the technical people themselves , and their concept of what constitutes status in present-day society ."	"STATIVE"	"STATIVE"	"STATIVE"
"brown_lore"	"338"	"appear"	"The slaves appeared to be in good health and at work under John Palfrey's overseer ."	"STATIVE"	"STATIVE"	"STATIVE"
"brown_learned"	"339"	"appear"	"Because of the simplicity of the molecules , isotopic exchange reactions between elemental halogens and the corresponding carbon tetrahalides would appear to offer particularly fruitful possibilities for obtaining unambiguous basic kinetic data ."	"STATIVE"	"STATIVE"	"STATIVE"
"brown_news"	"340"	"appear"	"But questions with which committee members taunted bankers appearing as witnesses left little doubt that they will recommend passage of it ."	"DYNAMIC"	"DYNAMIC"	"DYNAMIC"
"brown_news"	"341"	"appear"	"Atty. Gen. J. Joseph Nugent appeared for the state ."	"DYNAMIC"	"DYNAMIC"	"DYNAMIC"
"brown_learned"	"342"	"appear"	"In their own words , it had aided them to get a clearer picture of how they had gotten into their marriages , and perhaps they had obtained some insights on why certain troubles appeared from time to time ."	"DYNAMIC"	"DYNAMIC"	"DYNAMIC"
"brown_adventure"	"343"	"appear"	"The hall , on the other hand , appeared lifeless and deserted on these long waterfront afternoons ."	"STATIVE"	"STATIVE"	"STATIVE"
"brown_editorial"	"344"	"appear"	"The odds thus appear favorable that the secretary's neck may be spared ."	"STATIVE"	"STATIVE"	"STATIVE"
"brown_hobbies"	"345"	"appear"	"Big Magnum calibers appeared in the Remington line for 1961 , with the addition of the and to the list of Model 725's ."	"STATIVE"	"DYNAMIC"	"BOTH"
"brown_learned"	"346"	"appear"	"The females like to burrow in the short turf of well-kept lawns , where their little mounds of earth often appear by the hundreds ."	"DYNAMIC"	"DYNAMIC"	"DYNAMIC"
"brown_hobbies"	"347"	"appear"	"If private brand competition hasn't been felt in your product field as yet , have you thought how you will cope with it if and when it does appear ? ?"	"DYNAMIC"	"DYNAMIC"	"DYNAMIC"
"brown_fiction"	"348"	"appear"	"The next morning , as the clock struck nine , he appeared at the Council meeting in the Town Hall and insisted that the couple would have to be punished if the Church was to be respected ."	"DYNAMIC"	"DYNAMIC"	"DYNAMIC"
"brown_learned"	"349"	"appear"	"In general , it appears that educational decisions and educational policies are made by people who intend to act in the interests of the society as a whole ."	"STATIVE"	"STATIVE"	"STATIVE"
"brown_news"	"350"	"appear"	"The long crisis in Laos appeared nearing a showdown today ."	"STATIVE"	"STATIVE"	"STATIVE"
"brown_belles_lettres"	"351"	"appear"	"As we observe moral law and physical law they appear as being inevitable ."	"STATIVE"	"STATIVE"	"STATIVE"
"brown_lore"	"352"	"appear"	"Society here and abroad has been built around the dominating male -- even the Bible appears to endorse the concept ."	"STATIVE"	"STATIVE"	"STATIVE"
"brown_learned"	"353"	"appear"	"It appears in a form that is admirably suited to the powers of the digital computer ."	"STATIVE"	"DYNAMIC"	"BOTH"
"brown_learned"	"354"	"appear"	"The gross details of the structure appear reasonable ."	"STATIVE"	"STATIVE"	"STATIVE"
"brown_lore"	"355"	"appear"	"As long as his material is Americana , can in some way be ascribed to the masses and appears `` democratic '' to his audience , he remains satisfied ."	"STATIVE"	"STATIVE"	"STATIVE"
"brown_romance"	"356"	"appear"	"Cady appeared slightly mollified ."	"STATIVE"	"STATIVE"	"STATIVE"
"brown_belles_lettres"	"357"	"appear"	"For a time it appeared that a common European army might be created , but the project for a European Defense Community was rejected by the French National Assembly in 1954 ."	"STATIVE"	"STATIVE"	"STATIVE"
"brown_learned"	"358"	"appear"	"It has been shown that thyroglobulin binds thyroxine , but the binding does not appear to be particularly strong ."	"STATIVE"	"STATIVE"	"STATIVE"
"brown_belles_lettres"	"359"	"appear"	"Now an abiding difficulty of paragraphs like the foregoing is that they appear to preach ; ;"	"STATIVE"	"STATIVE"	"STATIVE"
"brown_learned"	"360"	"appear"	"Although slab stock appeared first , it soon became apparent that for the production of cushions with irregular shapes , crowned contours , or rounded edges , the cutting of slab stock is a wasteful and uneconomical process ."	"DYNAMIC"	"DYNAMIC"	"DYNAMIC"
"brown_reviews"	"361"	"appear"	"Most of them were written between 1953 and 1960 and originally appeared in various magazines ."	"STATIVE"	"DYNAMIC"	"BOTH"
"brown_belles_lettres"	"362"	"appear"	"At this time Miriam Noel appeared , urging on Constable Henry Pengally , whose name showed him to be a descendant of the Welsh settlers in the neighborhood ."	"DYNAMIC"	"DYNAMIC"	"DYNAMIC"
"brown_belles_lettres"	"363"	"appear"	"It appears that the dominant tendency of Mann's early tales , however pictorial or even picturesque the surface , is already toward the symbolic , the emblematic , the expressionistic ."	"STATIVE"	"STATIVE"	"STATIVE"
"brown_news"	"364"	"appear"	"The disagreement was over what Dr. Jenkins had said at a previous session and how his remarks appeared in the minutes presented at the following meeting ."	"STATIVE"	"DYNAMIC"	"BOTH"
"brown_learned"	"365"	"appear"	"Well developed respiratory bronchioles , on the other hand , appear to be the only form taken by the distal airways in type 2 ."	"STATIVE"	"STATIVE"	"STATIVE"
"brown_learned"	"366"	"appear"	"Readers interested in additional information on foams are referred to the Foamed Plastics Chart appearing in the Technical Data section and to the list of references which appears below ."	"STATIVE"	"STATIVE"	"STATIVE"
"brown_belles_lettres"	"367"	"appear"	"First The Life Of John Bright appeared and seven years later Lord Grey Of The Reform Bill ."	"DYNAMIC"	"DYNAMIC"	"DYNAMIC"
"brown_learned"	"368"	"appear"	"The broods of workers that appear later tend to be bigger than the first ones , probably because they are better fed ."	"DYNAMIC"	"DYNAMIC"	"DYNAMIC"
"brown_learned"	"369"	"appear"	"Until such evidence appears , we must make do with the evidence we have ."	"DYNAMIC"	"DYNAMIC"	"DYNAMIC"
"brown_fiction"	"370"	"appear"	"She appeared with the teacart and he opened the windows ."	"DYNAMIC"	"DYNAMIC"	"DYNAMIC"
"brown_adventure"	"371"	"appear"	"Bill Doolin's ambition , it appeared , was to carve out his name with bullets alongside those of Jesse James and Billy the Kid , and Bill Tilghman had sworn he would stop him ."	"STATIVE"	"STATIVE"	"STATIVE"
"brown_belles_lettres"	"372"	"appear"	"It appears to be one of intense dislike , which he makes little effort to conceal even in the presence of Southern friends ."	"STATIVE"	"STATIVE"	"STATIVE"
"brown_adventure"	"373"	"appear"	"For a second , engages , cooks , voyageurs appeared struck dumb ."	"STATIVE"	"STATIVE"	"STATIVE"
"brown_learned"	"374"	"appear"	"It should be noted that photoluminescence , due to `` Bremsstrahlung '' generated within the viewing screen by electron impact , appears to be important only if anode voltages in excess of 30 KV are utilized ."	"STATIVE"	"STATIVE"	"STATIVE"
"brown_belles_lettres"	"375"	"appear"	"A few days after this Englishman appeared , Defoe reported to Oxford that Steele was expected to move in Parliament that the Duke be called over ; ;"	"DYNAMIC"	"DYNAMIC"	"DYNAMIC"
"brown_hobbies"	"376"	"appear"	"Until this hunter-killer operation can be performed by spacecraft , manned aircraft appear to be the only means available to us ."	"STATIVE"	"STATIVE"	"STATIVE"
"brown_belles_lettres"	"377"	"appear"	"Morgan took the suggested steps , but when Mrs. Sanderson appeared , there was nobody with her but her husband , whom he promptly sent to headquarters to be questioned ."	"DYNAMIC"	"DYNAMIC"	"DYNAMIC"
"brown_editorial"	"378"	"appear"	"It is also symptomatic of a change in attitude which appears to be spreading all across the South ."	"STATIVE"	"STATIVE"	"STATIVE"
"brown_hobbies"	"379"	"appear"	"They germinate quickly , the tiny plants appearing in a week , and grow along lustily ."	"DYNAMIC"	"STATIVEHABITUAL"	"BOTH"
"brown_editorial"	"380"	"appear"	"Until the work actually appears I am not privileged to analyze it publicly in detail ."	"DYNAMIC"	"DYNAMIC"	"DYNAMIC"
"brown_humor"	"381"	"appear"	"Readers of the Reader's Digest are familiar with such items which often appear in its lists of verbal slips , like the ad in a California paper that advertised `` House for rent ."	"STATIVE"	"DYNAMIC"	"BOTH"
"brown_lore"	"382"	"appear"	"From the lioness' point of view , this strange creature on the back of another creature , lashing out with its long thin paw , very likely appeared as something she could not at first cope with ."	"STATIVE"	"STATIVE"	"STATIVE"
"brown_editorial"	"383"	"appear"	"Another piece of evidence appears in a dispatch from Bonn in The Observer ( London ) ."	"STATIVE"	"DYNAMIC"	"BOTH"
"brown_adventure"	"384"	"appear"	"When she appeared , two or three of the little girls jumped up and down , yelling , `` Goody , goody '' ."	"DYNAMIC"	"DYNAMIC"	"DYNAMIC"
"brown_mystery"	"385"	"appear"	"She jumped as the little man now appeared at the window and , reaching through the opening , offered her a bottle of coke ."	"DYNAMIC"	"DYNAMIC"	"DYNAMIC"
"brown_religion"	"386"	"appear"	"The general tone of articles appearing in such important newspapers as the Manchester Guardian and the Sunday Observer implies a kindly recognition that the Catholic Church is now at least of equal stature in England with the Protestant churches ."	"STATIVE"	"STATIVEHABITUAL"	"BOTH"
"brown_learned"	"387"	"appear"	"A resolution of 70 - 80 line-pairs per millimeter appears to be feasible ."	"STATIVE"	"STATIVE"	"STATIVE"
"brown_fiction"	"388"	"appear"	"`` Your name will never appear ."	"CONTEXT"	"DYNAMIC"	"BOTH"
"brown_learned"	"389"	"appear"	"Actually , there do not presently appear to be items in the statute comparable to a net operating loss carryover ."	"STATIVE"	"STATIVE"	"STATIVE"
"brown_religion"	"390"	"appear"	"Though the reference to race was stricken by the association in 1950 , being an agent of such `` detrimental '' influences still appears as the cardinal sin realtors see themselves committed to avoid ."	"STATIVE"	"STATIVE"	"STATIVE"
"brown_hobbies"	"391"	"appear"	"So frequently have pictures of the bridge appeared in books and in national publications that it vies with the old John Brown Fort at Harpers Ferry as the two nationally best known structures in West Virginia ."	"STATIVE"	"STATIVE"	"STATIVE"
"brown_belles_lettres"	"392"	"appear"	"The major effect of these advances appears to lie in the part they have played in the industrial revolution and in the tools which scientific understanding has given us to build and manipulate a more protective environment ."	"STATIVE"	"STATIVE"	"STATIVE"
"brown_learned"	"393"	"appear"	"The general intellectual outlook which had appeared in the eleventh century was now consolidated to a significant degree ."	"DYNAMIC"	"DYNAMIC"	"DYNAMIC"
"brown_learned"	"394"	"appear"	"It does not appear to affect the iodinating mechanism as such ."	"STATIVE"	"STATIVE"	"STATIVE"
"brown_learned"	"395"	"appear"	"In most places , there are two generations a year , a second brood of adults appearing late in the summer ."	"DYNAMIC"	"DYNAMIC"	"DYNAMIC"
"brown_fiction"	"396"	"appear"	"He couldn't appear as a composer now ."	"STATIVE"	"CONTEXT"	"BOTH"
"brown_news"	"397"	"appear"	"About 75 persons appeared at that time ."	"DYNAMIC"	"DYNAMIC"	"DYNAMIC"
"brown_belles_lettres"	"398"	"appear"	"The Burmese appeared to have little knowledge of British power or any idea of trade ."	"STATIVE"	"STATIVE"	"STATIVE"
"brown_belles_lettres"	"399"	"appear"	"The planter aristocracy has appeared in literature at least since John Pendleton Kennedy published Swallow-Barn in 1832 and in his genial portrait of Frank Meriwether presiding over his plantation dominion initiated the most persistent tradition of Southern literature ."	"STATIVE"	"DYNAMIC"	"BOTH"
"brown_news"	"400"	"appear"	"Meanwhile , there appears to be enough money in the road's reserve fund to cover the interest deficiency for eight more years ."	"STATIVE"	"STATIVE"	"STATIVE"
"brown_adventure"	"401"	"appear"	"I bobbed my head each time it appeared ."	"DYNAMIC"	"DYNAMIC"	"DYNAMIC"
"brown_editorial"	"402"	"appear"	"Edison could hardly have guessed , however , that Sophocles would one day appear in stereo ."	"DYNAMIC"	"DYNAMIC"	"DYNAMIC"
"brown_editorial"	"403"	"appear"	"With good reason it appeared that a new day was upon divided Christendom ."	"STATIVE"	"STATIVE"	"STATIVE"
"brown_learned"	"404"	"appear"	"The first section of this publication appeared in 1948 and the last supplement in 1960 ."	"DYNAMIC"	"DYNAMIC"	"DYNAMIC"
"brown_hobbies"	"405"	"appear"	"Jean-Paul Senesac , whose story appeared here two issues ago ; ;"	"STATIVE"	"STATIVE"	"STATIVE"
"brown_news"	"406"	"appear"	"-- The Gov. Jimmie H. Davis administration appears to face a difficult year in 1961 , with the governor's theme of peace and harmony subjected to severe stresses ."	"STATIVE"	"STATIVE"	"STATIVE"
"brown_learned"	"407"	"appear"	"It appeared that the theory could be saved in one way only ."	"STATIVE"	"STATIVE"	"STATIVE"
"brown_romance"	"408"	"appear"	"Then Julia appeared under the arch leading to the dining room ."	"DYNAMIC"	"DYNAMIC"	"DYNAMIC"
"brown_learned"	"409"	"appear"	"A quiet but sturdy theme , somewhat folklike in character , appears whenever the old monk speaks of the history he is recording or of his own past life :"	"DYNAMIC"	"DYNAMIC"	"DYNAMIC"
"brown_learned"	"410"	"appear"	"Here we shall restrict discussion to those methods that appear sufficiently sensitive and precise for determining the concentration of TSH in blood ."	"STATIVE"	"STATIVE"	"STATIVE"
"brown_belles_lettres"	"411"	"appear"	"While there may still be many Faulknerian Lucas Beauchamps scattered through the rural South , such men appear to be a vanishing breed ."	"STATIVE"	"STATIVE"	"STATIVE"
"brown_lore"	"412"	"appear"	"while Jones , on the other hand , appeared perfectly confident and Ulyate decided perhaps that was the answer ."	"STATIVE"	"STATIVE"	"STATIVE"
"brown_editorial"	"413"	"appear"	"The Republican party was not lacking in humanity , but it permitted its extremely partisan leadership to make it appear devoid of any consideration for people in trouble ."	"STATIVE"	"STATIVE"	"STATIVE"
"brown_romance"	"414"	"appear"	"His mother , who had seen little of him for four years , appeared worried about his sailing off by himself for an Orient which , she herself having slight knowledge of it , had to be distrusted ."	"STATIVE"	"STATIVE"	"STATIVE"
"brown_reviews"	"415"	"take"	"The playing takes both sides of the disc ."	"STATIVE"	"STATIVE"	"STATIVE"
"brown_lore"	"416"	"take"	"She took refuge on a tongue of land extending into a gully , crouched at the base of a thorn tree , and waited for them to come up ."	"DYNAMIC"	"DYNAMIC"	"DYNAMIC"
"brown_news"	"417"	"take"	"Mr. Hawksley said he believed there are a number of qualified city residents who would be willing to take the full-time CD job ."	"DYNAMIC"	"DYNAMIC"	"DYNAMIC"
"brown_news"	"418"	"take"	"The statement did not mention what steps might be taken to overcome the legal obstacles to desegregation ."	"DYNAMIC"	"DYNAMIC"	"DYNAMIC"
"brown_editorial"	"419"	"take"	"The White House itself has taken steps to remove a former Batista official , Col. Mariano Faget , from his preposterous position as interrogator of Cuban refugees for the Immigration Service ."	"DYNAMIC"	"DYNAMIC"	"DYNAMIC"
"brown_news"	"420"	"take"	"It would give him an opportunity to take the measure of his chief adversary in the cold war , to try to probe Mr. Khrushchev's intentions and to make clear his own views ."	"DYNAMIC"	"DYNAMIC"	"DYNAMIC"
"brown_reviews"	"421"	"take"	"As soon as the fox has taken hold on most of the populace he imports more wharf rats , who , of course , say they are the aggrieved victims of an extermination campaign in the city ."	"DYNAMIC"	"DYNAMIC"	"DYNAMIC"
"brown_fiction"	"422"	"take"	"Couldn't take them near a river , though , or they'd squawk like a turkey cock the day before Thanksgiving '' ."	"DYNAMIC"	"DYNAMIC"	"DYNAMIC"
"brown_lore"	"423"	"take"	"I could tell you of plenty narrow escapes , but we take no notice of them now '' ."	"DYNAMIC"	"DYNAMIC"	"DYNAMIC"
"brown_science_fiction"	"424"	"take"	"She could take care of herself and her ambulatory half , in any situation already recorded in the annals of Central Worlds and any situation its most fertile minds could imagine ."	"DYNAMIC"	"DYNAMIC"	"DYNAMIC"
"brown_belles_lettres"	"425"	"take"	"He had taken out first papers for American citizenship ; ;"	"DYNAMIC"	"DYNAMIC"	"DYNAMIC"
"brown_belles_lettres"	"426"	"take"	"In his own words , Bang-Jensen ' took it for granted that the Group would report to the Secretary General privately and not in public ."	"STATIVE"	"STATIVE"	"STATIVE"
"brown_editorial"	"427"	"take"	"I must , in fairness , take issue with his premise , primarily because the so-called scandals in labor unions were very much connected with business scandals ."	"STATIVE"	"STATIVE"	"STATIVE"
"brown_lore"	"428"	"take"	"William , who lived in neighboring St. Mary's parish , had taken charge and decided that it would be best for all if the plantation were operated for another year ."	"DYNAMIC"	"DYNAMIC"	"DYNAMIC"
"brown_lore"	"429"	"take"	"The partners each bring to it unselfish love , and each takes away an equal share of pleasure and joy ."	"DYNAMIC"	"DYNAMIC"	"DYNAMIC"
"brown_government"	"430"	"take"	"In this , as in so many aspects of our development assistance activities , the incentive effects of the posture we take are the most important ones ."	"DYNAMIC"	"DYNAMIC"	"DYNAMIC"
"brown_hobbies"	"431"	"take"	"He accepted the environment of his destiny -- took root and grew to fulfill the stature of his early promise ."	"DYNAMIC"	"DYNAMIC"	"DYNAMIC"
"brown_fiction"	"432"	"take"	"From the saddlebags , hung on a Hitchcock chair , David took out a good English razor , a present from John Hunter ."	"DYNAMIC"	"DYNAMIC"	"DYNAMIC"
"brown_belles_lettres"	"433"	"take"	"Although one meets with occasional extremists like Zachrisson or , very recently , Arthur Wade-Evans the majority of scholars have taken a middle position between the extremes of scepticism and gullibility ."	"DYNAMIC"	"DYNAMIC"	"DYNAMIC"
"brown_hobbies"	"434"	"take"	"The Outdoor Education Project took cognizance of the fact , so often overlooked , that athletic activities stressed in most school programs have little or no relationship to the physical and mental needs and interests of later life ."	"DYNAMIC"	"DYNAMIC"	"DYNAMIC"
"brown_learned"	"435"	"take"	"President Truman's Commission on Higher Education tended to take a liberal , expansionist position , while President Eisenhower's Committee on Education Beyond the High School was slightly more conservative ."	"DYNAMIC"	"DYNAMIC"	"DYNAMIC"
"brown_lore"	"436"	"take"	"almost everyone , on first hearing one of his own sessions on tape , expressed some desire to take the whole thing over again ."	"DYNAMIC"	"DYNAMIC"	"DYNAMIC"
"brown_romance"	"437"	"take"	"At the edge of the field , the wild rolling land took over , dotted with fat round bushes like sheep ."	"DYNAMIC"	"DYNAMIC"	"DYNAMIC"
"brown_fiction"	"438"	"take"	"I guess fooling Hans and me took doing ."	"STATIVE"	"DYNAMIC"	"BOTH"
"brown_news"	"439"	"take"	"In the past few years the men , mostly husbands of members , have taken an interest ."	"DYNAMIC"	"DYNAMIC"	"DYNAMIC"
"brown_adventure"	"440"	"take"	"His shout had been taken up and repeated ."	"DYNAMIC"	"DYNAMIC"	"DYNAMIC"
"brown_editorial"	"441"	"take"	"It is the intent of the law that their actions be taken openly and that their deliberations be conducted openly ."	"DYNAMIC"	"DYNAMIC"	"DYNAMIC"
"brown_mystery"	"442"	"take"	"He was in his car with his camera and equipment bag in less than two minutes , and it took him only three more to reach the corner , a block from Columbus Avenue ."	"STATIVE"	"STATIVE"	"STATIVE"
"brown_adventure"	"443"	"take"	"A spectacle occurred across the meadow : the lone marine took a seat on the ground ; ;"	"DYNAMIC"	"DYNAMIC"	"DYNAMIC"
"brown_belles_lettres"	"444"	"take"	"Instead she waited for Alfred to get better and take care of her ."	"DYNAMIC"	"DYNAMIC"	"DYNAMIC"
"brown_hobbies"	"445"	"take"	"inns have burned down , moved elsewhere , or taken other names ."	"DYNAMIC"	"DYNAMIC"	"DYNAMIC"
"brown_learned"	"446"	"take"	"By permitting freshman students we might extend the opportunity for such a course to some individuals who otherwise might never get to take it ."	"DYNAMIC"	"DYNAMIC"	"DYNAMIC"
"brown_lore"	"447"	"take"	"In a growing number of American homes , marriage counselors report , the wife is taking a commanding role in sexual relationships ."	"DYNAMIC"	"DYNAMIC"	"DYNAMIC"
"brown_news"	"448"	"take"	"Nothing has been done yet to take advantage of the enabling legislation ."	"DYNAMIC"	"DYNAMIC"	"DYNAMIC"
"brown_mystery"	"449"	"take"	"It would take time ; ;"	"STATIVE"	"STATIVE"	"STATIVE"
"brown_news"	"450"	"take"	"`` A person with a master's degree in physics , chemistry , math or English , yet who has not taken Education courses , is not permitted to teach in the public schools '' , said Grover ."	"DYNAMIC"	"DYNAMIC"	"DYNAMIC"
"brown_belles_lettres"	"451"	"take"	"Finally they went off to file their stories , after the photographers had taken pictures of my latest vigil ."	"DYNAMIC"	"DYNAMIC"	"DYNAMIC"
"brown_adventure"	"452"	"take"	"He took a big swig of his drink ."	"DYNAMIC"	"DYNAMIC"	"DYNAMIC"
"brown_mystery"	"453"	"take"	"Well -- I'll take it down with me as I go '' ."	"DYNAMIC"	"DYNAMIC"	"DYNAMIC"
"brown_hobbies"	"454"	"take"	"Such modifications are all for the best but it takes something as different as a Deerstalker or a Jet to change arms-making concepts ."	"STATIVE"	"STATIVE"	"STATIVE"
"brown_mystery"	"455"	"take"	"A taxi took him back to the bar and grill where he had left his car , and a few minutes later he found a parking place across the street from his apartment ."	"DYNAMIC"	"DYNAMIC"	"DYNAMIC"
"brown_editorial"	"456"	"take"	"In his first six weeks in office he presided over 96 conferences , attended 35 official breakfasts and dinners , studied and signed 285 official papers and personally took 312 telephone calls ."	"DYNAMIC"	"DYNAMIC"	"DYNAMIC"
"brown_fiction"	"457"	"take"	"`` I ain't taking no goddamned chances for no Jew business '' ."	"DYNAMIC"	"DYNAMIC"	"DYNAMIC"
"brown_romance"	"458"	"take"	"Who would take over ? ?"	"DYNAMIC"	"DYNAMIC"	"DYNAMIC"
"brown_belles_lettres"	"459"	"take"	"I persuaded an Australian friend who had lived `` outback '' for years to take me to see some aborigines living in the bush ."	"DYNAMIC"	"DYNAMIC"	"DYNAMIC"
"brown_fiction"	"460"	"take"	"He hesitated for a moment when Michelangelo asked him to disrobe , so Michelangelo gave him a piece of toweling to wrap around his loins , led him to the kitchen to take off his clothes ."	"DYNAMIC"	"DYNAMIC"	"DYNAMIC"
"brown_reviews"	"461"	"take"	"Shearing takes over"	"DYNAMIC"	"DYNAMIC"	"DYNAMIC"
"brown_belles_lettres"	"462"	"take"	"I think you are being unfair to take these things up now ."	"DYNAMIC"	"DYNAMIC"	"DYNAMIC"
"brown_news"	"463"	"take"	"Until that first dedication service , he and Lois felt their children were too young to take part in any religious life at home ."	"DYNAMIC"	"DYNAMIC"	"DYNAMIC"
"brown_humor"	"464"	"take"	"She would sometimes even get a little hard on you , she took you so seriously ."	"STATIVE"	"BOTH"	"BOTH"
"brown_hobbies"	"465"	"take"	"On the following pages and in the following issues we take you every step of the way to your vacation cottage , from choosing the proper site to applying the final trim ."	"DYNAMIC"	"DYNAMIC"	"DYNAMIC"
"brown_hobbies"	"466"	"take"	"A dinner and celebration in honor of this piece of engineering took place July 4 , 1793 , in a tavern erected by the corporation on the island ."	"DYNAMIC"	"DYNAMIC"	"DYNAMIC"
"brown_lore"	"467"	"take"	"If , as a home movie maker , you shoot the inevitable footage of your child taking its first steps , you have merely recorded an historical event ."	"DYNAMIC"	"DYNAMIC"	"DYNAMIC"
"brown_romance"	"468"	"take"	"He could take the advice or leave it ."	"DYNAMIC"	"DYNAMIC"	"DYNAMIC"
"brown_adventure"	"469"	"take"	"When Fred Powell's brother-in-law , Charlie Keane , moved into the dead man's home , the anonymous letter writer took no chances on Charlie taking up where Fred had left off and wasted no time on a first notice :"	"DYNAMIC"	"DYNAMIC"	"DYNAMIC"
"brown_lore"	"470"	"take"	"Or am I taking something that could really apply to almost anybody , and forgetting that many other people probably have had a similar experience '' ? ?"	"DYNAMIC"	"DYNAMIC"	"DYNAMIC"
"brown_mystery"	"471"	"take"	"She took another bite of toast ."	"DYNAMIC"	"DYNAMIC"	"DYNAMIC"
"brown_mystery"	"472"	"take"	"It was a kick , but not a big enough one for me to want to take the chance again , except for stakes ."	"DYNAMIC"	"DYNAMIC"	"DYNAMIC"
"brown_science_fiction"	"473"	"take"	"Although this was the first time that Helva had seen unshelled people , she took this experience calmly ."	"DYNAMIC"	"DYNAMIC"	"DYNAMIC"
"brown_romance"	"474"	"take"	"Phil took off one shoe and stared at it ."	"DYNAMIC"	"DYNAMIC"	"DYNAMIC"
"brown_adventure"	"475"	"take"	"He grabbed her by the shoulders and went down on one knee , taking her weight so that some of the wind was driven out of him ."	"DYNAMIC"	"DYNAMIC"	"DYNAMIC"
"brown_hobbies"	"476"	"take"	"You pay your money and you take your choice ."	"DYNAMIC"	"DYNAMIC"	"DYNAMIC"
"brown_learned"	"477"	"take"	"If goodness and badness lie in attitudes only and hence are brought into being by them , those men who greeted death and misery with childishly merry laughter are taking the only sensible line ."	"DYNAMIC"	"DYNAMIC"	"DYNAMIC"
"brown_mystery"	"478"	"take"	"I kept trying to get him to take my money ."	"DYNAMIC"	"DYNAMIC"	"DYNAMIC"
"brown_romance"	"479"	"take"	"`` Every month , f'r three days '' , he said happily , `` I take no water into my system , no water whatsoever ."	"DYNAMIC"	"DYNAMIC"	"DYNAMIC"
"brown_reviews"	"480"	"take"	"Here Keys and others , such as Dr. A. E. Ahrens of the Rockefeller Institute , took over to demonstrate the chemical difference between vegetable and animal fats -- and even between different varieties of each ."	"DYNAMIC"	"DYNAMIC"	"DYNAMIC"
"brown_religion"	"481"	"take"	"From this earth , then , while it was still virgin God took dust and fashioned the man , the beginning of humanity '' ."	"DYNAMIC"	"DYNAMIC"	"DYNAMIC"
"brown_news"	"482"	"take"	"He made his fortune during World War 2 , when he took over a number of dying steel plants and kept them alive until the boom ."	"DYNAMIC"	"DYNAMIC"	"DYNAMIC"
"brown_mystery"	"483"	"take"	"I took a short swallow from it myself and handed it to him ."	"DYNAMIC"	"DYNAMIC"	"DYNAMIC"
"brown_news"	"484"	"take"	"The poll was taken at the Center's annual builders' intentions conference ."	"DYNAMIC"	"DYNAMIC"	"DYNAMIC"
"brown_news"	"485"	"take"	"Last fall , after they took their hopes for entering Georgia to court , Judge Bootle ordered them to apply again ."	"DYNAMIC"	"DYNAMIC"	"DYNAMIC"
"brown_romance"	"486"	"take"	"That done , I told Miss Groggins to take her patient back to bed and again put her out of my mind ."	"DYNAMIC"	"DYNAMIC"	"DYNAMIC"
"brown_adventure"	"487"	"take"	"The forest took on an impersonal aspect ."	"DYNAMIC"	"DYNAMIC"	"DYNAMIC"
"brown_hobbies"	"488"	"take"	"As a Christmas service , I've taken a close look at this year's crop of new models ."	"DYNAMIC"	"DYNAMIC"	"DYNAMIC"
"brown_adventure"	"489"	"take"	"Even so , it took her several days to force Walter to tell her Nicolas's whereabouts ."	"STATIVE"	"STATIVE"	"STATIVE"
"brown_government"	"490"	"take"	"The work program , as it was originally proposed , was to take five years to complete ."	"STATIVE"	"STATIVE"	"STATIVE"
"brown_reviews"	"491"	"take"	"Beatrice ( Nan Martin ) and Benedick ( J. D. Cannon ) took their places on the stage ."	"DYNAMIC"	"DYNAMIC"	"DYNAMIC"
"brown_reviews"	"492"	"take"	"This season the orchestra has already taken a step toward the suburbs in that it is giving six subscription concerts for the Orchestral Society of Westchester in the County Center in White Plains ."	"DYNAMIC"	"DYNAMIC"	"DYNAMIC"
"brown_adventure"	"493"	"take"	"His face took on a sudden pallor , became beaded with sweat , and he seemed to have trouble with his breathing ."	"DYNAMIC"	"DYNAMIC"	"DYNAMIC"
"brown_belles_lettres"	"494"	"take"	"He must take it from `` the red box '' ."	"DYNAMIC"	"DYNAMIC"	"DYNAMIC"
"brown_editorial"	"495"	"take"	"In designing his home fallout shelter there is nothing to prevent a man from planning to shelter that home's occupants , `` plus-one '' -- so he will be able to take in a stranger ."	"DYNAMIC"	"DYNAMIC"	"DYNAMIC"
"brown_belles_lettres"	"496"	"take"	"Then the various officers of the college might take up the case ."	"DYNAMIC"	"DYNAMIC"	"DYNAMIC"
"brown_adventure"	"497"	"take"	"`` But to take him and leave his mother behind is not good '' ."	"DYNAMIC"	"DYNAMIC"	"DYNAMIC"
"brown_learned"	"498"	"take"	"In the main , this course took the following directional high roads ."	"DYNAMIC"	"STATIVEHABITUAL"	"BOTH"
"brown_hobbies"	"499"	"take"	"Where an opportunity to enjoy boating has not been created by bringing bodies of water to the people , means have been found to take the people and their boats to the water ."	"DYNAMIC"	"DYNAMIC"	"DYNAMIC"
"brown_mystery"	"500"	"take"	"A clerk in the outer office took him in to Sheriff Carruthers , a big , paunchy man with thick , white hair and a voice with a senatorial resonance which suggested he should be running for higher office ."	"DYNAMIC"	"DYNAMIC"	"DYNAMIC"
"brown_belles_lettres"	"501"	"take"	"It generally took well into the autumn for the firm to recover from the summer's help ."	"STATIVE"	"STATIVE"	"STATIVE"
"brown_romance"	"502"	"take"	"`` No , I take classes with different people '' , he said ."	"DYNAMIC"	"STATIVEHABITUAL"	"BOTH"
"brown_mystery"	"503"	"take"	"He went to a closet to get a light jacket , and took his hat from beside the door ."	"DYNAMIC"	"DYNAMIC"	"DYNAMIC"
"brown_learned"	"504"	"take"	"Not always , though , does the development of a bumblebee colony take place in the smooth fashion we have just described ."	"DYNAMIC"	"DYNAMIC"	"DYNAMIC"
"brown_belles_lettres"	"505"	"take"	"Morgan took charge of the furniture and restored it to its thankful owners , but he let the culprits who had stolen it go free ."	"DYNAMIC"	"DYNAMIC"	"DYNAMIC"
"brown_fiction"	"506"	"take"	"The Americans , like yourself , take the fact for granted , try to be helpful , but don't ask questions ."	"STATIVE"	"STATIVE"	"STATIVE"
"brown_science_fiction"	"507"	"take"	"`` The ship is huge '' , said Macneff , `` but the number of military men and specialists we are taking limits the linguists to one ."	"DYNAMIC"	"DYNAMIC"	"DYNAMIC"
"brown_learned"	"508"	"take"	"If we were asked why we thought so , we should say that these things involve great evil and are wrong , and that to take delight in what is evil or wrong is plainly unfitting ."	"STATIVE"	"DYNAMIC"	"BOTH"
"brown_fiction"	"509"	"take"	"Cap would find him and take care of him ."	"DYNAMIC"	"DYNAMIC"	"DYNAMIC"
"brown_adventure"	"510"	"take"	"The man took two short steps backward then sat down heavily on the pavement ."	"DYNAMIC"	"DYNAMIC"	"DYNAMIC"
"brown_belles_lettres"	"511"	"take"	"The restaurant to which the Sakellariadises took us on this night of controversy was the Asteria , on Asteria beach ."	"DYNAMIC"	"DYNAMIC"	"DYNAMIC"
"brown_hobbies"	"512"	"take"	"we will take up alternative foundations later on ."	"DYNAMIC"	"DYNAMIC"	"DYNAMIC"
"brown_learned"	"513"	"take"	"The appropriate action for handling these forms can be taken at that time ."	"DYNAMIC"	"DYNAMIC"	"DYNAMIC"
"brown_humor"	"514"	"take"	"Nobody liked to hire him because you never could tell when he was going to be taken drunk ."	"DYNAMIC"	"DYNAMIC"	"DYNAMIC"
"brown_lore"	"515"	"take"	"`` To get a marriage back where it belongs '' , comments Dr. Schillinger of the Lincoln Institute , `` the husband must take some very basic steps ."	"DYNAMIC"	"DYNAMIC"	"DYNAMIC"
"brown_religion"	"516"	"take"	"Care must be taken neither to confuse unity with uniformity nor God with our parochial ideas about him , but with these two qualifications , the statement stands ."	"DYNAMIC"	"DYNAMIC"	"DYNAMIC"
"brown_romance"	"517"	"take"	"`` Don't take it like this '' , Frankie said ."	"DYNAMIC"	"DYNAMIC"	"DYNAMIC"
"brown_adventure"	"518"	"take"	"Greg took the formation wide around three A-26 attack bombers that were headed north over the Gulf ."	"DYNAMIC"	"DYNAMIC"	"DYNAMIC"
"brown_learned"	"519"	"take"	"A Mexican justice of the peace had issue a writ against Chavez for taking part in the `` murder '' of Manuel Gonzales so he and his father were anxious to be taken out of danger ."	"DYNAMIC"	"DYNAMIC"	"DYNAMIC"
"brown_belles_lettres"	"520"	"take"	"Entrance into such stellar song writing company encouraged the burgeoning song writer to take a wife , Elizabeth Meehan , a dancer in the Gaieties ."	"DYNAMIC"	"DYNAMIC"	"DYNAMIC"
"brown_mystery"	"521"	"take"	"If you draw the short straw I'll lend you some bread , like fifty bucks , before I take off to visit my sister in Frisco ."	"DYNAMIC"	"DYNAMIC"	"DYNAMIC"
"brown_fiction"	"522"	"take"	"He told Argiento to take a bird out of the cage , cut a large vein under its wing , let the blood gush into Michelangelo's injured eye ."	"DYNAMIC"	"DYNAMIC"	"DYNAMIC"
"brown_lore"	"523"	"take"	"The six expeditions to study eclipses of the sun , of which he was a member , took him to Colorado , Virginia , and California as well as to the South Pacific and to Russia ."	"DYNAMIC"	"DYNAMIC"	"DYNAMIC"
"brown_fiction"	"524"	"take"	"After he had gone , Kate asked Uncle Randolph proudly , `` Would you take their oath '' ? ?"	"DYNAMIC"	"DYNAMIC"	"DYNAMIC"
"brown_news"	"525"	"take"	"When Continental Airlines night-coach Flight 54 took off at 11:30 one night last week , there was no reason to think it would take any longer ."	"DYNAMIC"	"DYNAMIC"	"DYNAMIC"
"brown_science_fiction"	"526"	"take"	"Sometimes B'dikkat took the new ones , resting in the everlasting sleep of their burned-out brains , in a ground-truck to be added to other herds ."	"DYNAMIC"	"DYNAMIC"	"DYNAMIC"
"brown_lore"	"527"	"take"	"The concessionaires also had to pay a tax of one-tenth on the goods they traded , and all pelts were to be taken to company stores and shipped to France in company ships ."	"DYNAMIC"	"DYNAMIC"	"DYNAMIC"
"brown_editorial"	"528"	"take"	"`` Remember the French railroad baron who was going to take me floating down the Nile '' ? ?"	"DYNAMIC"	"DYNAMIC"	"DYNAMIC"
"brown_editorial"	"529"	"take"	"And it becomes clear why in general we cannot take the initiative against the Left ."	"DYNAMIC"	"DYNAMIC"	"DYNAMIC"
"brown_fiction"	"530"	"take"	"Somehow Winston didn't think she'd take to window boxes ."	"DYNAMIC"	"STATIVE"	"BOTH"
"brown_religion"	"531"	"take"	"Naturally , where one or the other of the effects of an action is uncertain , this has to be taken into account ."	"DYNAMIC"	"DYNAMIC"	"DYNAMIC"
"brown_adventure"	"532"	"take"	"He took it without flinching ."	"DYNAMIC"	"DYNAMIC"	"DYNAMIC"
"brown_news"	"533"	"take"	"The first witness , Moses Winston Mardis , 5835 Michigan Av. , a real estate agent and former bail bondsman , took the stand after opening statements had been made ."	"DYNAMIC"	"DYNAMIC"	"DYNAMIC"
"brown_lore"	"534"	"take"	"This development is reflected in the action taken in February , 1961 , by the general board of the National Council of Churches , the largest Protestant organization in the Aj ."	"DYNAMIC"	"DYNAMIC"	"DYNAMIC"
"brown_humor"	"535"	"take"	"He took his glass , clinked it against mine , and said , `` Toujours gai , what the hell '' ! !"	"DYNAMIC"	"DYNAMIC"	"DYNAMIC"
"brown_fiction"	"536"	"take"	"It took a piece of bad luck to show Michelangelo that the boy was devoted to him ."	"STATIVE"	"STATIVE"	"STATIVE"
"brown_romance"	"537"	"take"	"He just took over the week Bill Daley was in the state basketball play-off '' ."	"DYNAMIC"	"DYNAMIC"	"DYNAMIC"
"brown_news"	"538"	"take"	"`` I am taking the position that the contract was clearly violated '' , Berger said ."	"DYNAMIC"	"DYNAMIC"	"DYNAMIC"
"brown_belles_lettres"	"539"	"take"	"one can take it as no more than another veil torn from the mystery of the soul ."	"STATIVE"	"STATIVE"	"STATIVE"
"brown_romance"	"540"	"take"	"He wisecracked about the captain's indoctrination of new men , took great delight in slaughtering cockroaches with ethyl chloride , and gave no thought for tomorrow ."	"STATIVE"	"DYNAMIC"	"BOTH"
"brown_belles_lettres"	"541"	"take"	"She would often go up on the roof to see the attendant take down the flag in the evening ."	"DYNAMIC"	"DYNAMIC"	"DYNAMIC"
"brown_belles_lettres"	"542"	"take"	"Every recorded request by Thomas for a delay in a flank movement or an advance was to gain time to take care of his horses ."	"DYNAMIC"	"DYNAMIC"	"DYNAMIC"
"brown_fiction"	"543"	"take"	"sometimes she opened her eyes and looked around , and sometimes she took a little milk or soup ."	"DYNAMIC"	"DYNAMIC"	"DYNAMIC"
"brown_romance"	"544"	"take"	"`` She'll take every one of them '' ."	"DYNAMIC"	"DYNAMIC"	"DYNAMIC"
"brown_adventure"	"545"	"take"	"She had to move in some direction -- any direction that would take her away from this evil place ."	"DYNAMIC"	"DYNAMIC"	"DYNAMIC"
"brown_hobbies"	"546"	"take"	"It pays in the long ( hot ) run to take good care of the water works ."	"DYNAMIC"	"DYNAMIC"	"DYNAMIC"
"brown_belles_lettres"	"547"	"take"	"By now he was undergoing a fresh torrent of abuse from Tory papers and pamphlets , and action was being taken to effect his punishment by expulsion from Parliament ."	"DYNAMIC"	"DYNAMIC"	"DYNAMIC"
"brown_belles_lettres"	"548"	"take"	"`` Mr. Miller was in the shop '' , the Herald Tribune story related , `` but was reluctant to have anybody's picture taken inside , because his business was too ' confidential ' for pictures ."	"DYNAMIC"	"DYNAMIC"	"DYNAMIC"
"brown_romance"	"549"	"take"	"Poor John will take it as a miracle and have every other independent steel company sitting up nights worrying about us '' ."	"DYNAMIC"	"STATIVE"	"BOTH"
"brown_adventure"	"550"	"take"	"Mary Jane took the page from him and began reading it , moving her lips with the words ."	"DYNAMIC"	"DYNAMIC"	"DYNAMIC"
"brown_news"	"551"	"take"	"The battalion chief said he had just gotten into his 1958 model automobile to move it from the driveway of his home so that he could take his other car to work ."	"DYNAMIC"	"DYNAMIC"	"DYNAMIC"
"brown_romance"	"552"	"take"	"Sometimes she took the path that winds up around my cottage to the walk at the edge of the cliff ."	"DYNAMIC"	"DYNAMIC"	"DYNAMIC"
"brown_news"	"553"	"carry"	"Her veil was caught to a crown , and she carried gardenias and stephanotis ."	"BOTH"	"BOTH"	"BOTH"
"brown_belles_lettres"	"554"	"carry"	"Questions and , particularly , exclamations are usually channeled along informal , horizontal lines not indicated in Figure 3 and seldom are carried beyond the nearest neighbor ."	"DYNAMIC"	"DYNAMIC"	"DYNAMIC"
"brown_belles_lettres"	"555"	"carry"	"Johnson Jones Hooper , whose character Simon Suggs bears a close kinship to Flem Snopes in both his willingness to take cruel advantage of all and sundry and the sharpness with which he habitually carried out his will ; ;"	"DYNAMIC"	"DYNAMIC"	"DYNAMIC"
"brown_adventure"	"556"	"carry"	"The others put on old coats or ducking jackets , whichever they carried behind their saddle cantles ."	"STATIVE"	"STATIVE"	"STATIVE"
"brown_adventure"	"557"	"carry"	"And carried him backward in a footballer's tackle ."	"DYNAMIC"	"DYNAMIC"	"DYNAMIC"
"brown_government"	"558"	"carry"	"These are mostly through highways that carry traffic going from one destination to another ."	"STATIVE"	"STATIVEHABITUAL"	"BOTH"
"brown_government"	"559"	"carry"	"The urban land use study carried out by the planning division staff has consisted of identifying and mapping all urban land uses which are of significance to statewide planning ."	"DYNAMIC"	"DYNAMIC"	"DYNAMIC"
"brown_lore"	"560"	"carry"	"but if justice for Bantus entails driving the government of the Union of South Africa away from the West , then the Bantus must be prepared to carry their identification cards yet a while longer ."	"DYNAMIC"	"STATIVE"	"BOTH"
"brown_belles_lettres"	"561"	"carry"	"Supposing you or I were being accused in this manner , and yet we were doing our level best to carry on our work ."	"DYNAMIC"	"DYNAMIC"	"DYNAMIC"
"brown_belles_lettres"	"562"	"carry"	"Nothing testifies more clearly to that cleavage than the peculiar editorial page appearing in a July issue of Life Magazine , the issue which also carried the second announcement of the candidacy ."	"STATIVE"	"STATIVE"	"STATIVE"
"brown_belles_lettres"	"563"	"carry"	"To carry out this exalted conception the author has combined the vivid realism and imaginative power we have noticed in his early poetry and carried them out on a grand scale ."	"DYNAMIC"	"DYNAMIC"	"DYNAMIC"
"brown_news"	"564"	"carry"	"Many local citizens feared that there would be irregularities at the polls , and Williams got himself a permit to carry a gun and promised an orderly election ."	"STATIVE"	"STATIVE"	"STATIVE"
"brown_learned"	"565"	"carry"	"In carrying out the provisions of this Act , the Secretary is authorized and directed to provide for the giving of notice of strikes or lock-outs to applicants before they are referred to employment ."	"DYNAMIC"	"DYNAMIC"	"DYNAMIC"
"brown_fiction"	"566"	"carry"	"Warren and White each carried , in addition to their own weapons and ammo , a box of ammo for the ROK's machine gun ."	"STATIVE"	"STATIVE"	"STATIVE"
"brown_government"	"567"	"carry"	"The rural land use study is being carried out under contract by the University of Rhode Island and identifies all agricultural land uses in the state by type of use ."	"DYNAMIC"	"DYNAMIC"	"DYNAMIC"
"brown_mystery"	"568"	"carry"	"Shayne noted idly that it carried Miami Beach license plates as he approached , and then saw the flare of a match in the front seat as they passed , indicating that it was occupied ."	"STATIVE"	"STATIVE"	"STATIVE"
"brown_hobbies"	"569"	"carry"	"Ants carry away the seeds so better be sure that there are no ant hills nearby ."	"DYNAMIC"	"STATIVEHABITUAL"	"BOTH"
"brown_lore"	"570"	"carry"	"In March there was a division of the slaves , and Giffen carried out his instructions as nearly as possible ."	"DYNAMIC"	"DYNAMIC"	"DYNAMIC"
"brown_romance"	"571"	"carry"	"Buzz had on a Hawaiian shirt and was carrying some sun-tan oil and dark glasses ."	"DYNAMIC"	"STATIVE"	"BOTH"
"brown_adventure"	"572"	"carry"	"In any case , he had no intention of being caught asleep , so he carried his revolver in its holster on his hip and he took his Winchester with him and leaned it against the fence ."	"DYNAMIC"	"STATIVE"	"BOTH"
"brown_government"	"573"	"carry"	"The amount which may be borrowed from the SBA depends on how much is required to carry out the intended purpose of the loan ."	"DYNAMIC"	"DYNAMIC"	"DYNAMIC"
"brown_lore"	"574"	"carry"	"He went to his cabin and emerged carrying a large chart , which he set up in view of the crew ."	"DYNAMIC"	"DYNAMIC"	"DYNAMIC"
"brown_adventure"	"575"	"carry"	"Early in November the clouds lifted enough to carry out the assigned missions ."	"DYNAMIC"	"DYNAMIC"	"DYNAMIC"
"brown_mystery"	"576"	"carry"	"Hoag would carry its sound to his grave ."	"DYNAMIC"	"DYNAMIC"	"DYNAMIC"
"brown_romance"	"577"	"carry"	"Then , quickly , and a little nervously , the doctor ordered a couple of ballplayers to carry the catcher into the dressing room ."	"DYNAMIC"	"DYNAMIC"	"DYNAMIC"
"brown_government"	"578"	"carry"	"Food , medical supplies , utensils , and equipment , if not already stored in the shelter , must be quickly gathered up and carried into it ."	"DYNAMIC"	"DYNAMIC"	"DYNAMIC"
"brown_belles_lettres"	"579"	"carry"	"To the Rebels it seemed as if Sherman carried tunnels and bridges in his pockets ."	"DYNAMIC"	"BOTH"	"BOTH"
"brown_editorial"	"580"	"carry"	"So far the platoons on left and right fielders don't seem capable of carrying the load ."	"DYNAMIC"	"STATIVE"	"BOTH"
"brown_news"	"581"	"carry"	"Later , a bus will carry members to the Chicago Stadium to see Jack Kramer's professional tennis matches at 8 p.m. ."	"DYNAMIC"	"DYNAMIC"	"DYNAMIC"
"brown_romance"	"582"	"carry"	"He would not carry a brief case ."	"BOTH"	"DYNAMIC"	"BOTH"
"brown_editorial"	"583"	"carry"	"For Mr. Kennedy , speaking softly and carrying a sizable stick is making the best of a bad situation ."	"DYNAMIC"	"BOTH"	"BOTH"
"brown_mystery"	"584"	"carry"	"He went back and got the flashlight , returned to the tunnel and carried the suitcase to the edge of the pit he had found earlier ."	"DYNAMIC"	"DYNAMIC"	"DYNAMIC"
"brown_humor"	"585"	"carry"	"Ambiguity arises when the pronoun it carries a twofold reference ."	"STATIVE"	"STATIVE"	"STATIVE"
"brown_belles_lettres"	"586"	"carry"	"Although it does not follow the metrical rules for a blues to be sung , the phrases themselves carry a blues feeling ."	"STATIVE"	"STATIVE"	"STATIVE"
"brown_lore"	"587"	"carry"	"It didn't take Captain Chandler long to realize that he had to carry a heavy load of tradition on his shoulders as commander of Troop Aj ."	"DYNAMIC"	"DYNAMIC"	"DYNAMIC"
"brown_romance"	"588"	"carry"	"the worn teddy bear , a tiny suitcase that Jim carried , and the clothes she wore , were all she had ."	"BOTH"	"DYNAMIC"	"BOTH"
"brown_reviews"	"589"	"carry"	"Robert Morse , singing with comically plaintive earnestness , carries most of the burden and is responsible for the high spots in Frank Loesser's score ."	"STATIVE"	"STATIVE"	"STATIVE"
"brown_adventure"	"590"	"carry"	"He picked her up , sliding one hand under her shoulders , the other under her knees , and carried her into the house ."	"DYNAMIC"	"DYNAMIC"	"DYNAMIC"
"brown_learned"	"591"	"carry"	"The measurement of topcoats on primers can also readily be carried out ."	"DYNAMIC"	"DYNAMIC"	"DYNAMIC"
"brown_adventure"	"592"	"carry"	"Each plane carried two five-hundred pound bombs ."	"STATIVE"	"DYNAMIC"	"BOTH"
"brown_lore"	"593"	"carry"	"He carried three guns -- one in the right trouser pocket , one under his left armpit , one in the left outside coat pocket -- and was equally lethal with both hands ."	"DYNAMIC"	"STATIVE"	"BOTH"
"brown_fiction"	"594"	"carry"	"When the boat had touched , the weaker ones and the two wounded men had been lifted out and carried away by the soldiers ."	"DYNAMIC"	"DYNAMIC"	"DYNAMIC"
"brown_government"	"595"	"carry"	"Functionally the planning division carries out four activities : long-range state planning , current state planning , local planning assistance ; ;"	"DYNAMIC"	"STATIVEHABITUAL"	"BOTH"
"brown_government"	"596"	"carry"	"Assistant Secretaries of State will now carry an increased burden of active formulation and coordination of policies ."	"STATIVE"	"STATIVE"	"STATIVE"
"brown_science_fiction"	"597"	"carry"	"Meanwhile , all the personnel except those few needed to carry out the performance of the ship , went into the suspensor ."	"DYNAMIC"	"DYNAMIC"	"DYNAMIC"
"brown_reviews"	"598"	"carry"	"John Heffernan , playing Larry Larkin , the cartoonist , carries the show in marvelous fashion ."	"DYNAMIC"	"STATIVEHABITUAL"	"BOTH"
"brown_news"	"599"	"carry"	"As the third round of the tournament began on Saturday and the duel was resumed in earnest , it was Player's superior aggressiveness that carried him into the lead ."	"DYNAMIC"	"DYNAMIC"	"DYNAMIC"
"brown_romance"	"600"	"carry"	"There she walked to the far left and leaned on a vacant section of banister , while the vendor picked himself another well-dressed American lady , carrying a camera and a handsome alligator bag , ascending the steps alone ."	"DYNAMIC"	"STATIVE"	"BOTH"
"brown_humor"	"601"	"carry"	"His hubris , deficiency of taste , and sadism carried him straightaway to the top ."	"DYNAMIC"	"DYNAMIC"	"DYNAMIC"
"brown_fiction"	"602"	"carry"	"A week later the sentence of the Council was carried out : Jake Camaret and the woman were marched naked through the streets past a mocking populace ."	"DYNAMIC"	"DYNAMIC"	"DYNAMIC"
"brown_belles_lettres"	"603"	"carry"	"No organization can carry on like that ."	"DYNAMIC"	"DYNAMIC"	"DYNAMIC"
"brown_mystery"	"604"	"carry"	"Like , for example , a man carrying a twenty-two rifle , probably with a telescopic sight attached ? ?"	"DYNAMIC"	"DYNAMIC"	"DYNAMIC"
"brown_belles_lettres"	"605"	"carry"	"Over these voluntary agencies , in 1917-18 , the CTCA served as a co-ordinating body in carrying out what Survey called `` the most stupendous piece of social work in modern times '' ."	"DYNAMIC"	"DYNAMIC"	"DYNAMIC"
"brown_learned"	"606"	"carry"	"The result of this attitude has been the domination of many orthography conferences by such considerations as typographic ' esthetics ' , which usually turns out to be nothing more than certain prejudices carried over from European languages ."	"DYNAMIC"	"DYNAMIC"	"DYNAMIC"
"brown_government"	"607"	"carry"	"Dramatic activity at the College is organized and carried on by The Carleton Players , which is to say by all students who are so inclined to advance these aims ."	"DYNAMIC"	"DYNAMIC"	"DYNAMIC"
"brown_news"	"608"	"carry"	"Bernard Parrillo , 20 , of 19 Fletcher Ave. , Cranston , was admitted to Roger Williams Hospital shortly before 11:30 a.m. yesterday after a hunting accident in which a shotgun he was carrying discharged against his heel ."	"DYNAMIC"	"STATIVE"	"BOTH"
"brown_reviews"	"609"	"carry"	"but the East would have to show sincerity in carrying it out '' ."	"DYNAMIC"	"DYNAMIC"	"DYNAMIC"
"brown_government"	"610"	"carry"	"The education function of the Institute is carried on by the staff in the departments of pathology and its consultants ."	"DYNAMIC"	"DYNAMIC"	"DYNAMIC"
"brown_news"	"611"	"carry"	"The books are carried around by truck in canvas bags from headquarters to the other libraries ."	"DYNAMIC"	"DYNAMIC"	"DYNAMIC"
"brown_belles_lettres"	"612"	"carry"	"Each must match Wisman's `` pie '' with the fragment that he carries with him ."	"DYNAMIC"	"BOTH"	"BOTH"
"brown_mystery"	"613"	"carry"	"Had that tall dark boy , carrying trays too heavy for him , found what he might have considered adulation of a man he probably hated more than he could bear ? ?"	"DYNAMIC"	"DYNAMIC"	"DYNAMIC"
"brown_learned"	"614"	"carry"	"It is proposed that in the future complete sampling censuses be carried out at five-year intervals ."	"DYNAMIC"	"DYNAMIC"	"DYNAMIC"
"brown_news"	"615"	"carry"	"Beyond that , Allied disagreement about military intervention in Laos -- despite warnings that they might do so -- allowed Moscow to carry out with impunity a series of military and diplomatic moves that greatly strengthened the pro-Communist forces ."	"DYNAMIC"	"DYNAMIC"	"DYNAMIC"
"brown_government"	"616"	"carry"	"Throughout these years , the statutory authorization was for such sums as were necessary to carry out the provisions of the Act ."	"DYNAMIC"	"DYNAMIC"	"DYNAMIC"
"brown_adventure"	"617"	"carry"	"In two minutes the body of Tilghman's former comrade , who had been killed by Blue Throat in a gambling brawl the previous night , was carried into the town's funeral parlor to be prepared for decent burial ."	"DYNAMIC"	"DYNAMIC"	"DYNAMIC"
"brown_government"	"618"	"carry"	"There is hereby authorized to be appropriated , out of any money in the Treasury not otherwise appropriated , such sums as may be necessary to enable the Commission to carry out its functions under this Title ."	"DYNAMIC"	"DYNAMIC"	"DYNAMIC"
"brown_editorial"	"619"	"carry"	"Then he arrived in Zanzibar and found Africans carrying signs saying `` American imperialists , go home '' ."	"BOTH"	"DYNAMIC"	"BOTH"
"brown_fiction"	"620"	"carry"	"He appeared to be peering haughtily down his nose at the crowded and unclean vessel that would carry him to freedom ."	"DYNAMIC"	"DYNAMIC"	"DYNAMIC"
"brown_adventure"	"621"	"carry"	"Barton's men cut the telegraph wires in half a dozen places , carrying away whole sections to make repairs more difficult ."	"DYNAMIC"	"DYNAMIC"	"DYNAMIC"
"brown_editorial"	"622"	"carry"	"I worked on the Schuylkill Expressway and if it had not been for the big trucks carrying rock and concrete there wouldn't be an Expressway ."	"DYNAMIC"	"STATIVEHABITUAL"	"BOTH"
"brown_news"	"623"	"carry"	"-- Richard J. Hughes made his Morris County debut in his bid for the Democratic gubernatorial nomination here last night with a pledge `` to carry the issues to every corner of the state '' ."	"DYNAMIC"	"DYNAMIC"	"DYNAMIC"
"brown_government"	"624"	"carry"	"Our Office of Foreign and Domestic Commerce carries on a vigorous program , directly aimed at solving and expediting the problems of manufacturers in the lower employment categories ."	"DYNAMIC"	"STATIVE"	"BOTH"
"brown_romance"	"625"	"carry"	"A glance revealed that the main topgallant mast had been carried away ."	"DYNAMIC"	"DYNAMIC"	"DYNAMIC"
"brown_belles_lettres"	"626"	"carry"	"She designed and supervised the building of the Harbert , Michigan , house , most of which was constructed by one local carpenter who carried the heavy beams singly upon his shoulder ."	"DYNAMIC"	"DYNAMIC"	"DYNAMIC"
"brown_learned"	"627"	"carry"	"The term enquetes demographiques , previously used for the supplementary investigations carried out in connection with the administrative censuses , was used for the new investigations ."	"DYNAMIC"	"DYNAMIC"	"DYNAMIC"
"brown_learned"	"628"	"carry"	"This he did by using utterly literal means to carry the forward push of the collage ( and of Cubism in general ) literally into the literal space in front of the picture plane ."	"DYNAMIC"	"DYNAMIC"	"DYNAMIC"
"brown_fiction"	"629"	"carry"	"an explosive laugh which always carried everything before it ."	"DYNAMIC"	"DYNAMIC"	"DYNAMIC"
"brown_adventure"	"630"	"carry"	"Morgan returned to the kitchen , built a fire , and carried in several buckets of water from the spring which he poured into the copper boiler that he had placed on the stove ."	"DYNAMIC"	"DYNAMIC"	"DYNAMIC"
"brown_editorial"	"631"	"carry"	"In their maneuvers last month , they wore World War 2 , camouflage garb and helmets , and carried unloaded M-1 rifles ."	"STATIVE"	"STATIVE"	"STATIVE"
"brown_mystery"	"632"	"carry"	"If Felix was still wearing the hat and carrying the horn because he'd forgotten about them , he now remembered ."	"STATIVE"	"STATIVE"	"STATIVE"
"brown_belles_lettres"	"633"	"carry"	"There was , of course , more to the portrait of a lady you carried in your mind's eye than the sine qua non of her virtue ."	"STATIVE"	"STATIVE"	"STATIVE"
"brown_news"	"634"	"carry"	"But , he told the `` skyjackers '' , the 707 didn't carry enough fuel to reach Havana ; ;"	"STATIVE"	"STATIVE"	"STATIVE"
"brown_government"	"635"	"carry"	"Ballet flowered in Italy during the next hundred years , and about 1550 was carried to France when the Italian princess , Catherine De Medicis , married the King of France ."	"DYNAMIC"	"DYNAMIC"	"DYNAMIC"
"brown_editorial"	"636"	"carry"	"Both Mr. K's have so far continued to speak softly and carry big sticks over Laos ."	"STATIVE"	"STATIVE"	"STATIVE"
"brown_romance"	"637"	"carry"	"He would square his shoulders and carry a cane before each step ."	"DYNAMIC"	"DYNAMIC"	"DYNAMIC"
"brown_adventure"	"638"	"carry"	"She was carrying a quirt , and she started to raise it , then let it fall again and dangle from her wrist ."	"DYNAMIC"	"DYNAMIC"	"DYNAMIC"
"brown_romance"	"639"	"carry"	"He had dusted each of the books carefully and carried them all to the basement and , trembling at having to open the big furnace , given them up to the flames ."	"DYNAMIC"	"DYNAMIC"	"DYNAMIC"
"brown_government"	"640"	"carry"	"All operations now carried on at our plant at Cranston will be transferred to Warwick ."	"DYNAMIC"	"STATIVEHABITUAL"	"BOTH"
"brown_editorial"	"641"	"carry"	"DeKalb's budget for 1961 is a record one and carries with it the promise of no tax increase to make it balance ."	"STATIVE"	"STATIVE"	"STATIVE"
"brown_mystery"	"642"	"carry"	"Walking away on impulse , he might logically leave behind what it was inconvenient to carry ."	"DYNAMIC"	"DYNAMIC"	"DYNAMIC"
"brown_romance"	"643"	"carry"	"He remembered his mother gossiping with her neighborhood women friends , lowering her voice to a penetrating hoarseness which might be trusted to carry to the head of the stairs , where he crouched listening ."	"DYNAMIC"	"STATIVE"	"BOTH"
"brown_hobbies"	"644"	"carry"	"It still stands as a monument to the engineering skills of the last century and still serves in the gasoline age to carry heavy traffic on U.S. Route 250 -- the old Beverly and Fairmont Turnpike ."	"STATIVE"	"STATIVEHABITUAL"	"BOTH"
"brown_learned"	"645"	"carry"	"These teams carried out the same operations successively in different areas ."	"DYNAMIC"	"DYNAMIC"	"DYNAMIC"
"brown_lore"	"646"	"carry"	"On their frequent hikes into the nearby mountains , the children carry whole grains to munch along the trail ."	"DYNAMIC"	"STATIVE"	"BOTH"
"brown_religion"	"647"	"carry"	"Already the city was filled with Barbudos , the bearded , war-dirty Revolutionaries , carrying carbines , waving to the crowds that lined the Prado ."	"DYNAMIC"	"STATIVE"	"BOTH"
"brown_news"	"648"	"carry"	"Instead , retailers would sign a certificate of correctness , violation of which would carry a penalty of one to five years in prison , plus a $1,000 fine ."	"STATIVE"	"DYNAMIC"	"BOTH"
"brown_mystery"	"649"	"carry"	"He was unwilling to rely on Griffith's carrying his message , and he had no confidence the police would act on it ."	"DYNAMIC"	"DYNAMIC"	"DYNAMIC"
"brown_learned"	"650"	"carry"	"Several related tasks must be carried out if self-sustaining growth is to be achieved ."	"DYNAMIC"	"DYNAMIC"	"DYNAMIC"
"brown_hobbies"	"651"	"carry"	"A large aircraft , such as the B-52 or B-70 , could carry perhaps 50 or 100 small nuclear weapons ."	"DYNAMIC"	"STATIVE"	"BOTH"
"brown_belles_lettres"	"652"	"carry"	"He hadn't worn a watch or carried pocket money for years because he disliked both , but highest among his hates were looking glasses : he had snatched one from an officer's grasp and smashed it to smithereens ."	"STATIVE"	"STATIVE"	"STATIVE"
"brown_lore"	"653"	"carry"	"She carried , besides her captain , a crew of twenty-one and provisions for a voyage of exploration of the Arctic waters of North America ."	"STATIVE"	"STATIVE"	"STATIVE"
"brown_learned"	"654"	"carry"	"They began to meet in the evenings and carry forward various discussions they felt not fully enough covered in class ."	"DYNAMIC"	"DYNAMIC"	"DYNAMIC"
"brown_belles_lettres"	"655"	"carry"	"At dinner the courses were carried in by tall cuirassiers in red capes and black fur caps topped with tufts of feathers , marching in pairs like guards from a stage tragedy ."	"DYNAMIC"	"DYNAMIC"	"DYNAMIC"
"brown_lore"	"656"	"carry"	"In 1802 Henry referred to `` our new carts '' as being about four feet off the ground and carrying five times as much as a horse could pack ."	"STATIVE"	"STATIVE"	"STATIVE"
"brown_hobbies"	"657"	"carry"	"For site planning work , it is best to have a qualified and experienced park planner to carry through the study ."	"DYNAMIC"	"DYNAMIC"	"DYNAMIC"
"brown_learned"	"658"	"carry"	"Paper electrophoresis was carried out on the concentrated samples in a Spinco model R cell using barbital buffer , pH 8.6 , ionic strength 0.075 , at room temperature on Whatman 3MM filter paper ."	"DYNAMIC"	"DYNAMIC"	"DYNAMIC"
"brown_news"	"659"	"carry"	"Tailback James Saxton already has surpassed his rushing total for his brilliant sophomore season , when he netted 271 yards on 55 carries ; ;"	"CONTEXT"	"CONTEXT"	"CONTEXT"
"brown_fiction"	"660"	"carry"	"She just about made me carry her upstairs and then she clung to me and wouldn't let me go ."	"DYNAMIC"	"DYNAMIC"	"DYNAMIC"
"brown_hobbies"	"661"	"carry"	"The various mathematical processes can be simplified by carrying the results to only two or three decimal places ."	"DYNAMIC"	"DYNAMIC"	"DYNAMIC"
"brown_mystery"	"662"	"carry"	"It wasn't like carrying the suitcase ."	"DYNAMIC"	"DYNAMIC"	"DYNAMIC"
"brown_news"	"663"	"carry"	"Each ally will have to carry out obligations long since laid down , but never completely fulfilled ."	"DYNAMIC"	"DYNAMIC"	"DYNAMIC"
"brown_adventure"	"664"	"carry"	"He had been carrying an Enfield rifle and a holstered navy cap-and-ball pistol ."	"DYNAMIC"	"STATIVE"	"BOTH"
"brown_religion"	"665"	"carry"	"During about three and a half months of the year , in the summer , there are three boats that run from the mainland to the Island carrying passengers , food , and cars ; ;"	"DYNAMIC"	"STATIVEHABITUAL"	"BOTH"
"brown_belles_lettres"	"666"	"carry"	"`` Dear Miss Steichen : It is a very good letter you send me -- softens the intensity of this guerilla warfare I am carrying on up here ."	"DYNAMIC"	"DYNAMIC"	"DYNAMIC"
"brown_belles_lettres"	"667"	"carry"	"As I got off the trolley at Kehl bridge the next morning , I was met by what looked like 5,000 students , some of whom were carrying sticks apparently for the coming `` battle '' with the police ."	"DYNAMIC"	"DYNAMIC"	"DYNAMIC"
"brown_mystery"	"668"	"carry"	"He got it onto his shoulder after some work and carried it outside and down to the Jeep ."	"DYNAMIC"	"DYNAMIC"	"DYNAMIC"
"brown_lore"	"669"	"carry"	"For Marvin Goulding , like Giovanni Martini , the bugler boy who carried Custer's last message , or Margarito Lopez , the one-man Army on Leyte , was a Garryowen , through and through ."	"DYNAMIC"	"DYNAMIC"	"DYNAMIC"
"brown_news"	"670"	"carry"	"The perjury charge against Mr. Parker carries a maximum penalty of $2,000 fine and five years imprisonment on conviction ."	"STATIVE"	"STATIVE"	"STATIVE"
"brown_fiction"	"671"	"carry"	"Three Union guards appeared , carrying their rifles at ready ."	"DYNAMIC"	"STATIVE"	"BOTH"
"brown_fiction"	"672"	"carry"	"Others carried extra clips for the Browning Automatic Rifle , which was in the hands of a little Mexican named Martinez ."	"BOTH"	"STATIVE"	"BOTH"
"brown_learned"	"673"	"carry"	"During the past decade the program has been carried on through expansion of free higher education in state universities , state colleges , and community colleges ."	"DYNAMIC"	"DYNAMIC"	"DYNAMIC"
"brown_news"	"674"	"carry"	"He could tell the Legislature they had provided the needed funds to carry on the battle ."	"DYNAMIC"	"DYNAMIC"	"DYNAMIC"
"brown_romance"	"675"	"carry"	"An ugly scar disfigured the somewhat familiar puffy face , already marred by the tell-tale network of broken red veins that heavy drinkers carry ."	"STATIVE"	"STATIVE"	"STATIVE"
"brown_government"	"676"	"carry"	"These roads are largely of less than highway standards , and usually carry traffic which is related to use of the National Forests ."	"STATIVE"	"STATIVEHABITUAL"	"BOTH"
"brown_news"	"677"	"carry"	"Gordon A. Lonsdale , 37 , a mystery man presumed to be Russian although he carries a Canadian passport ."	"STATIVE"	"STATIVE"	"STATIVE"
"brown_hobbies"	"678"	"carry"	"These positions carry such titles as :"	"STATIVE"	"STATIVE"	"STATIVE"
"brown_mystery"	"679"	"carry"	"I know as well as the next man that a ship is called from the rigging she carries , where the live wind blows , and not from the hull ."	"STATIVE"	"STATIVE"	"STATIVE"
"brown_lore"	"680"	"carry"	"Armed with constitutional power to negate the Executive's foreign policy , the Senate carries a big stick and is easily provoked to use it on the State Department's back , or on the head of the Secretary of State ."	"STATIVE"	"STATIVEHABITUAL"	"BOTH"
"brown_fiction"	"681"	"carry"	"The surgeon carried a cage of live pigeons ."	"DYNAMIC"	"DYNAMIC"	"DYNAMIC"
"brown_adventure"	"682"	"carry"	"I think I have a way so we can carry on without his suspecting us '' ."	"DYNAMIC"	"DYNAMIC"	"DYNAMIC"
"brown_learned"	"683"	"carry"	"District Attorney M. W. Mills warned that he would vigorously prosecute persons caught committing these crimes or carrying arms -- he just didn't catch anyone ."	"STATIVE"	"STATIVE"	"STATIVE"
"brown_belles_lettres"	"684"	"carry"	"Under the general heading `` poetry-and-jazz '' widely divergent experiments have been carried out ."	"DYNAMIC"	"DYNAMIC"	"DYNAMIC"
"brown_mystery"	"685"	"carry"	"He got one of the menus and brushed the spilled sugar onto it and carried it to a box on the floor behind the counter ."	"DYNAMIC"	"DYNAMIC"	"DYNAMIC"
"brown_editorial"	"686"	"carry"	"One additional lane would then be directional with the traffic burden and effectively increase the traffic carrying capability of the East River Drive by fifty percent ."	"STATIVE"	"STATIVEHABITUAL"	"BOTH"
"brown_fiction"	"687"	"carry"	"This , of course , was the sort of thing that used to take place in Southern cities -- putting white houses of prostitution with colored girls in colored neighborhoods and carrying them on openly ."	"CONTEXT"	"DYNAMIC"	"BOTH"
"brown_government"	"688"	"carry"	"The Court adopted this procedure with an appropriate time schedule for carrying it out ."	"DYNAMIC"	"DYNAMIC"	"DYNAMIC"
"brown_fiction"	"689"	"carry"	"This air of disengagement carried over to his apparent attitude toward his things , and people often mistook it for boredom in him or a surrender to repetitious routine ."	"STATIVE"	"DYNAMIC"	"BOTH"
"brown_learned"	"690"	"carry"	"Five milliamperes/cell were applied for 18 hr , after which the strips were stained with bromphenol blue and densitometry was carried out using a Spinco Analytrol ."	"DYNAMIC"	"DYNAMIC"	"DYNAMIC"
"brown_lore"	"691"	"meet"	"`` Then she went to Deauville where she met a member of a powerful Greek syndicate of gamblers '' ."	"DYNAMIC"	"DYNAMIC"	"DYNAMIC"
"brown_learned"	"692"	"meet"	"Since C is rational , this correspondence has K coincidences , each of which implies a line of the pencil which meets its image ."	"BOTH"	"DYNAMIC"	"BOTH"
"brown_belles_lettres"	"693"	"meet"	"after all , the large ( and probably unreliable ) Reader's Digest literature on the `` most unforgettable character I ever met '' deals with village grocers , country doctors , favorite if illiterate aunts , and so forth ."	"DYNAMIC"	"DYNAMIC"	"DYNAMIC"
"brown_adventure"	"694"	"meet"	"When our eyes met the air was filled with an unuttered message of `` Me , too '' ."	"DYNAMIC"	"DYNAMIC"	"DYNAMIC"
"brown_learned"	"695"	"meet"	"When a child fails to meet the standards of the school in his rate of learning , insecurity , unhappiness , and other forms of maladjustment frequently follow ."	"DYNAMIC"	"DYNAMIC"	"DYNAMIC"
"brown_learned"	"696"	"meet"	"The first possibility requires that there be a line through P which meets **zg in Af points ; ;"	"BOTH"	"DYNAMIC"	"BOTH"
"brown_lore"	"697"	"meet"	"Here Mr. Yoneda met us after a three-hour train trip from the town where he teaches ."	"DYNAMIC"	"DYNAMIC"	"DYNAMIC"
"brown_religion"	"698"	"meet"	"Still others sprang up late in the century to meet conditions which arose from fresh stages of the revolutionary age ."	"DYNAMIC"	"DYNAMIC"	"DYNAMIC"
"brown_belles_lettres"	"699"	"meet"	"That , however , may also bring the police , if the thinking does not meet with social approval ."	"DYNAMIC"	"DYNAMIC"	"DYNAMIC"
"brown_mystery"	"700"	"meet"	"Pamela North said , `` Hi '' , to her cats , and added that proper cats met their humans at the door ."	"DYNAMIC"	"DYNAMIC"	"DYNAMIC"
"brown_belles_lettres"	"701"	"meet"	"Thomas tried hard to have his cavalry ready for the test it was to meet , but his plans were wrecked when it was forced into a campaign without optimum mobility and with its commander stripped from it ."	"DYNAMIC"	"DYNAMIC"	"DYNAMIC"
"brown_romance"	"702"	"meet"	"if Tommy sat long enough , she would be sure to see all the young officers she had met in San Diego and Long Beach ."	"DYNAMIC"	"DYNAMIC"	"DYNAMIC"
"brown_belles_lettres"	"703"	"meet"	"I never met John Dewey , whose style was a sort of verbal fog and who had written asking me to go to Mexico with him when he was investigating the cause of Trotsky ; ;"	"DYNAMIC"	"DYNAMIC"	"DYNAMIC"
"brown_news"	"704"	"meet"	"`` This is a very modest proposal cut to meet absolutely essential needs '' , he said , `` and with sufficient ' deductible ' requirements to discourage any malingering or unnecessary overcrowding of our hospitals ."	"DYNAMIC"	"STATIVE"	"BOTH"
"brown_government"	"705"	"meet"	"A busy president , conversant with a problem and its ramifications and beset by pressures to meet deadlines , tends naturally to assume that others must be as familiar with a problem as he is ."	"DYNAMIC"	"DYNAMIC"	"DYNAMIC"
"brown_government"	"706"	"meet"	"The growing communications needs of this new State can best be met , as they have in other States , through the operation and development of such facilities by private enterprise ."	"DYNAMIC"	"DYNAMIC"	"DYNAMIC"
"brown_belles_lettres"	"707"	"meet"	"This of course was not true of the educated and sophisticated people we met , who loved their pets , but kindness is not a basic human instinct ."	"DYNAMIC"	"DYNAMIC"	"DYNAMIC"
"brown_religion"	"708"	"meet"	"But what significance attaches to `` professional '' , beyond the narrow sense of skillfulness in meeting a client's stated needs as already noted ? ?"	"DYNAMIC"	"DYNAMIC"	"DYNAMIC"
"brown_editorial"	"709"	"meet"	"If they do meet and recognize one another , slap backs and embrace , the moment soon is done ."	"DYNAMIC"	"DYNAMIC"	"DYNAMIC"
"brown_lore"	"710"	"meet"	"But everyone I met had sought cover first and asked questions later ."	"DYNAMIC"	"DYNAMIC"	"DYNAMIC"
"brown_lore"	"711"	"meet"	"She had a hard time making him understand that it was Farouk she wished to meet ."	"DYNAMIC"	"DYNAMIC"	"DYNAMIC"
"brown_learned"	"712"	"meet"	"A general line L meets Q in two points , Af and Af , through each of which passes a unique generator of the regulus , Af , whose lines are simple secants of Aj ."	"BOTH"	"BOTH"	"BOTH"
"brown_fiction"	"713"	"meet"	"He replied that he could not imagine what importance there might be in thus meeting with a stranger , but -- joy of joys , he would be at home at the hour mentioned ."	"DYNAMIC"	"DYNAMIC"	"DYNAMIC"
"brown_adventure"	"714"	"meet"	"`` They were supposed to meet Thor at nine PM for a conference concerning the ad campaign for their soap , a new angle based on this SX-21 stuff '' ."	"DYNAMIC"	"DYNAMIC"	"DYNAMIC"
"brown_humor"	"715"	"meet"	"`` Oh , I'm so delighted to meet you '' , she gushed ."	"DYNAMIC"	"DYNAMIC"	"DYNAMIC"
"brown_lore"	"716"	"meet"	"In the spring and early summer of that year she met a wealthy foreign tycoon who took her to France , where she later met a very wealthy man and toured all Europe with him ."	"DYNAMIC"	"DYNAMIC"	"DYNAMIC"
"brown_government"	"717"	"meet"	"It could , by avoiding direct intervention , provide a short-of-war strategy to meet short-of-war infiltration ."	"DYNAMIC"	"DYNAMIC"	"DYNAMIC"
"brown_news"	"718"	"meet"	"Charles A. Black , COAHR chairman , said Friday that three theater representatives had agreed to meet with the students on Oct. 31 but had failed to show up ."	"DYNAMIC"	"DYNAMIC"	"DYNAMIC"
"brown_romance"	"719"	"meet"	"The two met in the Captain's cabin ."	"DYNAMIC"	"DYNAMIC"	"DYNAMIC"
"brown_romance"	"720"	"meet"	"They met next morning and all the mornings thereafter ."	"DYNAMIC"	"DYNAMIC"	"DYNAMIC"
"brown_news"	"721"	"meet"	"He said Mitchell is against the centralization of government in Washington but looks to the Kennedy Administration for aid to meet New Jersey school and transportation crises ."	"DYNAMIC"	"DYNAMIC"	"DYNAMIC"
"brown_hobbies"	"722"	"meet"	"Neither are shelters , because there is one to meet the needs of every camper or prospective camper ."	"STATIVE"	"DYNAMIC"	"BOTH"
"brown_belles_lettres"	"723"	"meet"	"No wonder Wright was enchanted -- no two better suited people ever met ."	"DYNAMIC"	"DYNAMIC"	"DYNAMIC"
"brown_government"	"724"	"meet"	"And this is meeting the world's need , too , since what the world most needs from this country is better understanding of the world ."	"DYNAMIC"	"BOTH"	"BOTH"
"brown_adventure"	"725"	"meet"	"I've noticed the way you've been looking at me ever since we met '' ."	"DYNAMIC"	"DYNAMIC"	"DYNAMIC"
"brown_learned"	"726"	"meet"	"Adaptation to the social and non-social environment through the economy has been met to a degree through a type of occupational segregation ."	"DYNAMIC"	"DYNAMIC"	"DYNAMIC"
"brown_learned"	"727"	"meet"	"An ordinary point will be any point of intersection A such that in every neighborhood of A in the C-plane , Af meets both the interior and the exterior of C ."	"BOTH"	"DYNAMIC"	"BOTH"
"brown_romance"	"728"	"meet"	"In the tiny cabin , Alexander met with Gansevoort , Heiser and Wales to speak and to listen ."	"DYNAMIC"	"DYNAMIC"	"DYNAMIC"
"brown_reviews"	"729"	"meet"	"`` In many corners of the globe '' , he said , `` the major source of impressions about this country are in the movies they meet ."	"DYNAMIC"	"DYNAMIC"	"DYNAMIC"
"brown_learned"	"730"	"meet"	"Hence its image , C' , meets any line of Af in Af points ."	"BOTH"	"DYNAMIC"	"BOTH"
"brown_government"	"731"	"meet"	"On those rare occasions when a faculty member on tenure is not meeting the standards of the institution , the president must also bear the ultimate burden of decision and action ."	"DYNAMIC"	"DYNAMIC"	"DYNAMIC"
"brown_belles_lettres"	"732"	"meet"	"To meet situations of less than general nuclear war , we continue to maintain our carrier forces , our many service units abroad , our always ready Army strategic forces and Marine Corps divisions , and the civilian components ."	"DYNAMIC"	"DYNAMIC"	"DYNAMIC"
"brown_lore"	"733"	"meet"	"Instead he brought with him the names of some people he had never met and of whom the medium knew nothing ."	"DYNAMIC"	"DYNAMIC"	"DYNAMIC"
"brown_government"	"734"	"meet"	"These strengths are considered adequate to meet the essential roles and missions of the reserves in support of our national security objectives ."	"DYNAMIC"	"DYNAMIC"	"DYNAMIC"
"brown_news"	"735"	"meet"	"President Kennedy will meet with Soviet Premier Nikita S. Khrushchev in Vienna June 3 and 4 ."	"DYNAMIC"	"DYNAMIC"	"DYNAMIC"
"brown_learned"	"736"	"meet"	"Turning from these problems of the use of evidence , one meets another type of difficulty in Fromm's analysis , which is his loose and ambiguous use of certain important terms ."	"DYNAMIC"	"DYNAMIC"	"DYNAMIC"
"brown_fiction"	"737"	"meet"	"Turning in at the Flannagans' driveway , he tried to remember if he had ever met them ."	"DYNAMIC"	"DYNAMIC"	"DYNAMIC"
"brown_learned"	"738"	"meet"	"For the lines of any plane , **yp , meeting Q in a conic C , are transformed into the congruence of secants of the curve C' into which C is transformed in the point involution on Q ."	"CONTEXT"	"DYNAMIC"	"BOTH"
"brown_adventure"	"739"	"meet"	"Glowering looks met them in the bar , but there was no attempt to halt them ."	"DYNAMIC"	"DYNAMIC"	"DYNAMIC"
"brown_learned"	"740"	"meet"	"By ( 1 ) , the image of this pencil is a ruled surface of order Af which is met by the plane of the pencil in a curve , C , of order Af ."	"BOTH"	"DYNAMIC"	"BOTH"
"brown_government"	"741"	"meet"	"To qualify for either type of loan , an applicant must be a small business or approved small business `` pool '' and must meet certain credit requirements ."	"BOTH"	"DYNAMIC"	"BOTH"
"brown_romance"	"742"	"meet"	"And Sam thanked her , and hoped he might meet her nephew back home , and asked her if she had any further news of the Pope ."	"DYNAMIC"	"DYNAMIC"	"DYNAMIC"
"brown_lore"	"743"	"meet"	"`` We '' were Bill Garrett of the National Geographic Illustrations Staff , whose three cameras and eight lenses made him look as formidable as any fighting man we met ; ;"	"DYNAMIC"	"DYNAMIC"	"DYNAMIC"
"brown_lore"	"744"	"meet"	"She thought royal status might come her way when , while she was still in Rome , she met Pulley Bey , a personal procurer to King Farouk of Egypt ."	"DYNAMIC"	"DYNAMIC"	"DYNAMIC"
"brown_belles_lettres"	"745"	"meet"	"We met some charming Athenians , and among them our chauffeur Panyotis ranked high ."	"DYNAMIC"	"DYNAMIC"	"DYNAMIC"
"brown_humor"	"746"	"meet"	"The husbands of these women and others I had met in Catatonia were distinguished only in that they were , to me at least , indistinguishable ."	"DYNAMIC"	"DYNAMIC"	"DYNAMIC"
"brown_government"	"747"	"meet"	"It met these problems by the creation of the state automobile maintenance unit ( more popularly called the motor pool ) , a centralized operation for the maintenance and control of all state transportation ."	"DYNAMIC"	"DYNAMIC"	"DYNAMIC"
"brown_fiction"	"748"	"meet"	"Was it preferable to meet her at home or in the city ? ?"	"DYNAMIC"	"DYNAMIC"	"DYNAMIC"
"brown_fiction"	"749"	"meet"	"They've never met , you know ."	"DYNAMIC"	"DYNAMIC"	"DYNAMIC"
"brown_belles_lettres"	"750"	"meet"	"That , I thought , is at least one thing I can find out when we meet ."	"DYNAMIC"	"DYNAMIC"	"DYNAMIC"
"brown_romance"	"751"	"meet"	"He helped her meet people so she could go out and do the work she wanted ."	"DYNAMIC"	"DYNAMIC"	"DYNAMIC"
"brown_learned"	"752"	"meet"	"Large numbers of potential builders have been investigated , but none have been found to be as effective as the polyphosphates over the relatively wide range of conditions met in practice ."	"DYNAMIC"	"DYNAMIC"	"DYNAMIC"
"brown_lore"	"753"	"meet"	"He met nobody he knew on this walk ."	"DYNAMIC"	"DYNAMIC"	"DYNAMIC"
"brown_news"	"754"	"meet"	"`` The church's ability to change her methods is going to determine her ability to meet the challenge of this hour '' ."	"DYNAMIC"	"DYNAMIC"	"DYNAMIC"
"brown_hobbies"	"755"	"meet"	"If you use company transportation to meet trains or to haul visitors , would taxis be cheaper ? ?"	"DYNAMIC"	"DYNAMIC"	"DYNAMIC"
"brown_government"	"756"	"meet"	"Once these conditions of international law are met , countries that try to run the blockade do so at their own risk ."	"DYNAMIC"	"DYNAMIC"	"DYNAMIC"
"brown_mystery"	"757"	"meet"	"Shrugs met that , from room clerks , from bellhops ."	"DYNAMIC"	"DYNAMIC"	"DYNAMIC"
"brown_government"	"758"	"meet"	"The Peace Corps offers an opportunity to bring home to the United States the problems of the world as well as an opportunity to meet urgent host country needs for trained manpower ."	"DYNAMIC"	"DYNAMIC"	"DYNAMIC"
"brown_editorial"	"759"	"meet"	"I feel that few burglars would be prone to break and enter into someone's apartment if they were met with a good hardy growl that a dog would provide ."	"DYNAMIC"	"DYNAMIC"	"DYNAMIC"
"brown_government"	"760"	"meet"	"The assessors' association , meeting at Narragansett in September 1960 , devoted its session to a discussion of the boat problem ."	"DYNAMIC"	"DYNAMIC"	"DYNAMIC"
"brown_fiction"	"761"	"meet"	"Exboyfriend meet exhusband '' ."	"DYNAMIC"	"DYNAMIC"	"DYNAMIC"
"brown_learned"	"762"	"meet"	"Ridiculing a child for being afraid or forcing him to meet the feared situation alone are poor ways of dealing with the problem ; ;"	"DYNAMIC"	"DYNAMIC"	"DYNAMIC"
"brown_lore"	"763"	"meet"	"Throughout the Adirondack region abandoned farm homes and wild orchards bear ghostly testimony that their owners met defeat ."	"DYNAMIC"	"DYNAMIC"	"DYNAMIC"
"brown_religion"	"764"	"meet"	"Ask the new members to meet thirty minutes before the service to complete `` talent sheets '' and pledge cards ."	"DYNAMIC"	"DYNAMIC"	"DYNAMIC"
"brown_learned"	"765"	"meet"	"To do this we must first show that every line which meets **zg in a point P meets its image at P ."	"BOTH"	"DYNAMIC"	"BOTH"
"brown_learned"	"766"	"meet"	"The class of the congruence is Af , since an arbitrary plane meets **zg in K points ."	"BOTH"	"DYNAMIC"	"BOTH"
"brown_fiction"	"767"	"meet"	"If a branch extended out too far , each man held it back for the next , and if they met a low overhang , each warned the other ."	"DYNAMIC"	"DYNAMIC"	"DYNAMIC"
"brown_learned"	"768"	"meet"	"Moreover , C' obviously meets any line Af in a single point ."	"BOTH"	"DYNAMIC"	"BOTH"
"brown_government"	"769"	"meet"	"The group meets once a week in the Boliou Student Workshop ."	"DYNAMIC"	"STATIVEHABITUAL"	"BOTH"
"brown_learned"	"770"	"meet"	"To establish an emotionally meaningful relationship the worker must demonstrate actual or potential helpfulness immediately , preferably within the first interview , by meeting the client's specific needs ."	"DYNAMIC"	"DYNAMIC"	"DYNAMIC"
"brown_lore"	"771"	"meet"	"Nice country to meet a lion in face to face ."	"DYNAMIC"	"DYNAMIC"	"DYNAMIC"
"brown_belles_lettres"	"772"	"meet"	"Art `` makings '' or pseudo-anthropological myths did not meet all of Patchen's requirements for a poetic frame of reference ."	"STATIVE"	"DYNAMIC"	"BOTH"
"brown_humor"	"773"	"meet"	"It was during her `` writing '' period that she and Herb met and decided that they were in love ."	"DYNAMIC"	"DYNAMIC"	"DYNAMIC"
"brown_lore"	"774"	"meet"	"Each time in , the unhappy pilot , pushing his luck , begged the postal officials that met him to find a safer landing place , preferably on the flat-topped hills across the Winooski River ."	"DYNAMIC"	"DYNAMIC"	"DYNAMIC"
"brown_lore"	"775"	"meet"	"And are not the State Department men who dispense this largesse merely crackpots and do-gooders who have never met a payroll ? ?"	"DYNAMIC"	"DYNAMIC"	"DYNAMIC"
"brown_belles_lettres"	"776"	"meet"	"it is a dedication which began the moment she met Carl ."	"DYNAMIC"	"DYNAMIC"	"DYNAMIC"
"brown_lore"	"777"	"meet"	"The farmer's life must be arranged to meet the demands of crops and livestock ."	"DYNAMIC"	"DYNAMIC"	"DYNAMIC"
"brown_lore"	"778"	"meet"	"My instructions were that Mr. Nishimo would meet me at the hotel , but instead he and three others were at the station with a very warm welcome ."	"DYNAMIC"	"DYNAMIC"	"DYNAMIC"
"brown_reviews"	"779"	"meet"	"Sergei Vikulov , as the lone male , meets the competition well with some brilliant hits , but the work is designed to belong to the ladies ."	"DYNAMIC"	"DYNAMIC"	"DYNAMIC"
"brown_editorial"	"780"	"meet"	"When a person meets God's requirements for the experience of forgiveness he is forgiven ."	"DYNAMIC"	"DYNAMIC"	"DYNAMIC"
"brown_belles_lettres"	"781"	"meet"	"As I got off the trolley at Kehl bridge the next morning , I was met by what looked like 5,000 students , some of whom were carrying sticks apparently for the coming `` battle '' with the police ."	"DYNAMIC"	"DYNAMIC"	"DYNAMIC"
"brown_romance"	"782"	"meet"	"about keeping warm , about keeping well , about meeting the minor emergencies that came up once , twice , fifty times a day ."	"DYNAMIC"	"DYNAMIC"	"DYNAMIC"
"brown_belles_lettres"	"783"	"meet"	"A common meeting ground is desirable for those nations which are prepared to assist in the development effort ."	"CONTEXT"	"DYNAMIC"	"BOTH"
"brown_romance"	"784"	"meet"	"But there is more in this than meets the eye ."	"DYNAMIC"	"BOTH"	"BOTH"
"brown_news"	"785"	"meet"	"A startlingly high percentage do not exceed $500 annually , which includes the librarian's salary , and not even the New York Public has enough money to meet its needs -- this in the world's richest city ."	"DYNAMIC"	"BOTH"	"BOTH"
"brown_hobbies"	"786"	"meet"	"The earlier New Haven development was public housing , so it easily leaped over the problems met in a private venture ."	"DYNAMIC"	"DYNAMIC"	"DYNAMIC"
"brown_lore"	"787"	"meet"	"It is here that the local and ecumenical must meet ."	"DYNAMIC"	"CONTEXT"	"BOTH"
"brown_belles_lettres"	"788"	"meet"	"One cannot read the records of scientists , officials and travelers who have penetrated to the minds of the most savage races without realizing that each individual met with is a person ."	"DYNAMIC"	"DYNAMIC"	"DYNAMIC"
"brown_lore"	"789"	"meet"	"Most people do not realize that the congregation , as a gathered fellowship meeting regularly face to face , personally sharing in a common experience and expressing that experience in daily relationships with one another , is unique ."	"DYNAMIC"	"STATIVEHABITUAL"	"BOTH"
"brown_romance"	"790"	"meet"	"it is when I meet someone who was a close friend of the family , and therefore of mine , and they nod to me so coolly and walk away , that it hurts ."	"DYNAMIC"	"DYNAMIC"	"DYNAMIC"
"brown_belles_lettres"	"791"	"meet"	"The Bank of Wisconsin sent a representative to the judge's chambers in Madison to give information on Wright's ability to meet the terms ."	"DYNAMIC"	"DYNAMIC"	"DYNAMIC"
"brown_hobbies"	"792"	"meet"	"At the recent horse show convention in New York it was stated that this Intermediate Judging Class is meeting with great success and will be a great help to future judges in the horse world ."	"DYNAMIC"	"DYNAMIC"	"DYNAMIC"
"brown_fiction"	"793"	"meet"	"`` Joseph Maria Ballestre meet Francis Xavier Bowman ."	"DYNAMIC"	"DYNAMIC"	"DYNAMIC"
"brown_news"	"794"	"meet"	"The President said the nation's 92 medical and 47 dental schools cannot now handle the student load needed to meet the rising need for health care ."	"DYNAMIC"	"DYNAMIC"	"DYNAMIC"
"brown_belles_lettres"	"795"	"meet"	"We would all meet at ten o'clock at the Kehl bridge , five miles from Strasbourg , and march triumphantly across into Germany ."	"DYNAMIC"	"DYNAMIC"	"DYNAMIC"
"brown_belles_lettres"	"796"	"meet"	"My wish to meet Samuel Beckett had been prompted by simple curiosity and interest in his work ."	"DYNAMIC"	"DYNAMIC"	"DYNAMIC"
"brown_hobbies"	"797"	"meet"	"And you don't meet the folks from home in Northwest Spain which has remained almost untouched by time and tourists since the Middle Ages ."	"DYNAMIC"	"DYNAMIC"	"DYNAMIC"
"brown_news"	"798"	"meet"	"Three groups to meet"	"DYNAMIC"	"DYNAMIC"	"DYNAMIC"
"brown_humor"	"799"	"meet"	"Fran and he had met about two years after she had arrived in Manhattan from Nebraska , or was it Wyoming ? ?"	"DYNAMIC"	"DYNAMIC"	"DYNAMIC"
"brown_news"	"800"	"meet"	"In Oslo , the ministers have met in a climate of candor , and made a genuine attempt to get information and understanding one another's problems ."	"DYNAMIC"	"DYNAMIC"	"DYNAMIC"
"brown_learned"	"801"	"meet"	"Annual authorizations of $15 million were added for area vocational education programs that meet national defense needs for highly skilled technicians ."	"STATIVE"	"DYNAMIC"	"BOTH"
"brown_romance"	"802"	"meet"	"Just the same , the old woman said , she would write to her nephew in his boxcar and tell him she had met a nice man from his adopted country ."	"DYNAMIC"	"DYNAMIC"	"DYNAMIC"
"brown_learned"	"803"	"meet"	"the second requires that there be a line through P which meets **zg in Af points ."	"BOTH"	"DYNAMIC"	"BOTH"
"brown_learned"	"804"	"meet"	"Just yesterday we had met and talked with a living writer , a contemporary of the dead poet , who is known for his ability of manipulating his ideas and his craft more advantageously ."	"DYNAMIC"	"DYNAMIC"	"DYNAMIC"
"brown_humor"	"805"	"meet"	"A woman met a famous author at a literary tea ."	"DYNAMIC"	"DYNAMIC"	"DYNAMIC"
"brown_romance"	"806"	"meet"	"The hazel eyes met Alexander's ."	"DYNAMIC"	"DYNAMIC"	"DYNAMIC"
"brown_government"	"807"	"meet"	"An additional 15 million acres will be given a lesser degree of protection but adequate to meet the average fire situation ."	"DYNAMIC"	"DYNAMIC"	"DYNAMIC"
"brown_belles_lettres"	"808"	"meet"	"Although one meets with occasional extremists like Zachrisson or , very recently , Arthur Wade-Evans the majority of scholars have taken a middle position between the extremes of scepticism and gullibility ."	"DYNAMIC"	"DYNAMIC"	"DYNAMIC"
"brown_news"	"809"	"meet"	"He cited , as an example , how the American camera industry has been able to meet successfully the competition of Japan despite lower Japanese labor costs , by improving its production know-how and technology ."	"DYNAMIC"	"DYNAMIC"	"DYNAMIC"
"brown_learned"	"810"	"meet"	"There are , of course , certain times during the 24-hour daily cycle when most of these conditions will be met ."	"DYNAMIC"	"DYNAMIC"	"DYNAMIC"
"brown_belles_lettres"	"811"	"meet"	"These could be met only by considering the dynamical elements of several planets at one time ."	"DYNAMIC"	"DYNAMIC"	"DYNAMIC"
"brown_editorial"	"812"	"meet"	"Thirteen Italian airmen who went to the Congo to serve the cause of peace under the United Nations banner have instead met violent death at the hands of Congolese troops supposedly their friends ."	"DYNAMIC"	"DYNAMIC"	"DYNAMIC"
"brown_editorial"	"813"	"meet"	"Generally , throughout the South , there is a growing impatience with the pattern of violence with which every step of desegregation is met ."	"DYNAMIC"	"DYNAMIC"	"DYNAMIC"
"brown_belles_lettres"	"814"	"meet"	"A man and a girl happen to meet ; ;"	"DYNAMIC"	"DYNAMIC"	"DYNAMIC"
"brown_editorial"	"815"	"meet"	"But , lacking money from commercial sponsors , the stations have had difficulties meeting expenses or improving their service ."	"DYNAMIC"	"DYNAMIC"	"DYNAMIC"
"brown_lore"	"816"	"meet"	"But as November 1924 drew close the Democratic hierarchy was sorely troubled by grapevine reports that O'Banion was being wooed by the opposition , and was meeting and conferring with important Republicans ."	"DYNAMIC"	"DYNAMIC"	"DYNAMIC"
"brown_learned"	"817"	"meet"	"These are defined by a simple involutorial transformation of the points in which a general line meets a nonsingular quadric surface bearing a curve of symbol Af ."	"BOTH"	"DYNAMIC"	"BOTH"
"brown_editorial"	"818"	"meet"	"It met a serious rebuff in New Orleans , where the two schools selected for the first moves toward integration were boycotted by white parents ."	"DYNAMIC"	"DYNAMIC"	"DYNAMIC"
"brown_belles_lettres"	"819"	"meet"	"and General the Count Pallavicini , founder of the Austrian branch of that celebrated Italian house , a courtier Littlepage could have met at Madrid in December , 1780 ."	"DYNAMIC"	"DYNAMIC"	"DYNAMIC"
"brown_romance"	"820"	"meet"	"I met Claire , which was better ."	"DYNAMIC"	"DYNAMIC"	"DYNAMIC"
"brown_lore"	"821"	"meet"	"A newspaperman who met him at a reception swore that he asked Menshikov : `` What should we call you '' ? ?"	"DYNAMIC"	"DYNAMIC"	"DYNAMIC"
"brown_fiction"	"822"	"meet"	"In December I wrote her with authority that we would meet on the steps of the Hotel Astor , a rendezvous spot that I had learned was the most sophisticated ."	"DYNAMIC"	"DYNAMIC"	"DYNAMIC"
"brown_government"	"823"	"meet"	"Occasional meetings are held for the whole membership , usually with a guest speaker , while smaller discussion groups meet more frequently ."	"DYNAMIC"	"DYNAMIC"	"DYNAMIC"
"brown_fiction"	"824"	"meet"	"At last he consented to meet her , and following that brief interview Claire wrote him a yet more remarkable proposal :"	"DYNAMIC"	"DYNAMIC"	"DYNAMIC"
"brown_reviews"	"825"	"meet"	"He met with enthusiastic audience approval , especially when he swung from jazz to Latin American things like the Mambo ."	"DYNAMIC"	"DYNAMIC"	"DYNAMIC"
"brown_fiction"	"826"	"meet"	"I wrote her that I'd met up with Eileen and that old bonds had proved too strong and asked her to send my clothes down by express ."	"DYNAMIC"	"DYNAMIC"	"DYNAMIC"
"brown_hobbies"	"827"	"meet"	"And further he must understand his obligation to the client to not only meet his physical necessities but also to enhance and improve his life and to enlarge the cultural horizon of our society ."	"DYNAMIC"	"STATIVEHABITUAL"	"BOTH"
"brown_learned"	"828"	"meet"	"Now consider an arbitrary line , l , meeting Q in two points , Af and Af ."	"BOTH"	"DYNAMIC"	"BOTH"
"brown_learned"	"829"	"show"	"Microscopic examination of the effluent showed that minimum BOD occurred when the algae began to decrease with cold weather ."	"DYNAMIC"	"DYNAMIC"	"DYNAMIC"
"brown_learned"	"830"	"show"	"Each card is expected to show certain information about the individual concerned , including his or her date of birth ( or age at a specified time ) , spouses , and children ."	"STATIVE"	"DYNAMIC"	"BOTH"
"brown_hobbies"	"831"	"show"	"In recent years many counties and the U. S. Forest Service have taken aerial photos which show features in detail and are very good for planning use ."	"STATIVE"	"STATIVE"	"STATIVE"
"brown_belles_lettres"	"832"	"show"	"Just as in the case of every prodigy child , we must watch for the efficacy of my teaching to show up in the future -- if he should master all the strenuous exercises I inflicted on him ."	"DYNAMIC"	"DYNAMIC"	"DYNAMIC"
"brown_adventure"	"833"	"show"	"Come , I show you '' ."	"DYNAMIC"	"DYNAMIC"	"DYNAMIC"
"brown_lore"	"834"	"show"	"Mrs. Kennedy shows a determination to change all this ."	"BOTH"	"DYNAMIC"	"BOTH"
"brown_lore"	"835"	"show"	"there is scarcely a scar showing ."	"STATIVE"	"STATIVE"	"STATIVE"
"brown_lore"	"836"	"show"	"Photos showed later that she'd been about six feet from Means ."	"STATIVE"	"DYNAMIC"	"BOTH"
"brown_learned"	"837"	"show"	"As it will be shown later , the field-flattening properties of the interstage and output fiber coupler comprise indeed the main advantage of such a design ."	"DYNAMIC"	"DYNAMIC"	"DYNAMIC"
"brown_news"	"838"	"show"	"New car sales in Dallas County during March showed slight signs of recovering from the doldrums which have characterized sales this year ."	"DYNAMIC"	"STATIVE"	"BOTH"
"brown_belles_lettres"	"839"	"show"	"`` I'll show you '' , Hearst replied , grinning ."	"DYNAMIC"	"DYNAMIC"	"DYNAMIC"
"brown_mystery"	"840"	"show"	"None of this showed in his face , and he tried to keep his skepticism in hand ."	"BOTH"	"DYNAMIC"	"BOTH"
"brown_hobbies"	"841"	"show"	"A typical `` sonogram '' of a human eye , together with a description of the anatomical parts , is shown in Fig. 5 ."	"STATIVE"	"STATIVE"	"STATIVE"
"brown_news"	"842"	"show"	"And when they sell it to television in a couple of years , it can be shown without editing ."	"DYNAMIC"	"DYNAMIC"	"DYNAMIC"
"brown_learned"	"843"	"show"	"The opening scene shows this method at its most individual ."	"STATIVE"	"STATIVEHABITUAL"	"BOTH"
"brown_learned"	"844"	"show"	"The Skeletal Age curve in the lower portion of Figure 2 shows that slowing may have occurred for her during the prepubescent period ."	"STATIVE"	"DYNAMIC"	"BOTH"
"brown_hobbies"	"845"	"show"	"Most Juniors who were entered in the Finals are seasoned campaigners and not only show and win in Junior Classes but score in the Breed Classes as well ."	"DYNAMIC"	"DYNAMIC"	"DYNAMIC"
"brown_lore"	"846"	"show"	"As daylight began to show through the frosty windows , Fogg would place a call to William A. Shaw at the U. S. Weather Station at Northfield , Vermont , for temperature and wind-velocity readings ."	"DYNAMIC"	"DYNAMIC"	"DYNAMIC"
"brown_editorial"	"847"	"show"	"They were shown how to advance against an enemy outpost atop a cleared ridge ."	"DYNAMIC"	"DYNAMIC"	"DYNAMIC"
"brown_belles_lettres"	"848"	"show"	"But when he showed his new figurative pictures to his artist friends of the abstract camp , they paid him no compliments and drew long faces ."	"DYNAMIC"	"DYNAMIC"	"DYNAMIC"
"brown_editorial"	"849"	"show"	"Since he has just shown who is top dog , he may not be ready to receive this highest honor in the gift of the Soviet people ."	"DYNAMIC"	"DYNAMIC"	"DYNAMIC"
"brown_fiction"	"850"	"show"	"He breathed now with his mouth open , showing a whitely curving section of lower teeth ; ;"	"DYNAMIC"	"DYNAMIC"	"DYNAMIC"
"brown_learned"	"851"	"show"	"Differential thermal analysis showed a very small endothermic reaction at 340-degrees-C and a large endothermic reaction at 470-degrees-C ."	"DYNAMIC"	"BOTH"	"BOTH"
"brown_belles_lettres"	"852"	"show"	"others were of men doffing their hats to each other , carrying umbrellas with pomp , reading newspapers , or simply showing loaves of bread spread out ."	"STATIVE"	"STATIVE"	"STATIVE"
"brown_lore"	"853"	"show"	"Today's earthquakes are most numerous in belts where the earth's restlessness is presently concentrated , but scars of the past show that there is no part of the earth that has not had them ."	"STATIVE"	"STATIVEHABITUAL"	"BOTH"
"brown_learned"	"854"	"show"	"Thermogravimetric analysis showed a weight loss of 1.8% centered at 337-degrees-C and another weight loss of 10.8% at 463-degrees-C ."	"DYNAMIC"	"DYNAMIC"	"DYNAMIC"
"brown_editorial"	"855"	"show"	"The next days may show where things stand ."	"DYNAMIC"	"DYNAMIC"	"DYNAMIC"
"brown_mystery"	"856"	"show"	"`` If you expect her to show up '' , she said , `` you'd better put ' and wife ' on there ."	"DYNAMIC"	"DYNAMIC"	"DYNAMIC"
"brown_learned"	"857"	"show"	"Experience showed , however , that it is very difficult to paint a dark umber background in fresco that will not dry out spotty and uneven ."	"DYNAMIC"	"DYNAMIC"	"DYNAMIC"
"brown_fiction"	"858"	"show"	"The oyabun was entertaining a group of dignitaries , the secretary said , businessmen from Tokyo for the most part , and Kayabashi wished to show them the mission ."	"DYNAMIC"	"DYNAMIC"	"DYNAMIC"
"brown_belles_lettres"	"859"	"show"	"She could not resist the opportunity `` of showing her superiority in argument over a man '' which she had remarked as one of the `` feminine follies '' of Sara Sullam ; ;"	"DYNAMIC"	"DYNAMIC"	"DYNAMIC"
"brown_hobbies"	"860"	"show"	"Inside over the first door I saw one of these , which shows Constantine offering the city to the Virgin Mary and Justinian offering the temple ."	"STATIVE"	"STATIVE"	"STATIVE"
"brown_belles_lettres"	"861"	"show"	"When the young biologist , Dr. Ballard , began to show interest in our daughter Elizabeth , this induced a corresponding interest , on our part , in him ."	"DYNAMIC"	"DYNAMIC"	"DYNAMIC"
"brown_lore"	"862"	"show"	"In a detailed letter published in the Scientific American in 1912 , he remarked that `` loose statements '' about the case showed scant understanding of the facts ."	"STATIVE"	"STATIVE"	"STATIVE"
"brown_fiction"	"863"	"show"	"We heard him before he ever showed , and we heard him yelling after he was out of sight ."	"DYNAMIC"	"DYNAMIC"	"DYNAMIC"
"brown_news"	"864"	"show"	"Schools and community groups turn to the headquarters film library for documentary , art , and experimental films to show at libraries that sponsor local programs , and to organizations in member communities ."	"DYNAMIC"	"DYNAMIC"	"DYNAMIC"
"brown_learned"	"865"	"show"	"Thus , the dotted line shown in figure 4 was taken as typical for the temperature distribution for all blowing rates ."	"STATIVE"	"STATIVE"	"STATIVE"
"brown_belles_lettres"	"866"	"show"	"We showed them to each other and said `` Would you have guessed '' ? ?"	"DYNAMIC"	"DYNAMIC"	"DYNAMIC"
"brown_religion"	"867"	"show"	"We may show , first , that there cannot possibly be an alternative other than the three typically represented by Bultmann , Barth , and Buri ."	"DYNAMIC"	"DYNAMIC"	"DYNAMIC"
"brown_humor"	"868"	"show"	"Did he show the rest of the cast -- numbering four thousand -- the consideration of arriving at the studio punctually -- or even at all ? ?"	"DYNAMIC"	"DYNAMIC"	"DYNAMIC"
"brown_learned"	"869"	"show"	"I would propose , next , as the prime requirement for constitution of new basic lists , items whose forms show as high an empirical retention rate as possible ."	"STATIVE"	"STATIVE"	"STATIVE"
"brown_fiction"	"870"	"show"	"Let's throw a little nuclear hardware at them and show them who's boss '' ."	"DYNAMIC"	"DYNAMIC"	"DYNAMIC"
"brown_belles_lettres"	"871"	"show"	"Unruly hair goes straight up from his forehead , standing so high that the top falls gently over , as if to show that it really is hair and not bristle ."	"BOTH"	"BOTH"	"BOTH"
"brown_hobbies"	"872"	"show"	"The interlocking frame we built at the model railroader workshop and then installed on Paul Larson's railroad follows the Fig. 1 scheme and is shown beginning in Fig. 7 , page 65 , and in the photos ."	"STATIVE"	"STATIVE"	"STATIVE"
"brown_learned"	"873"	"show"	"Microscopically , both kidneys showed many small cortical scars in which there was glomerular and interstitial fibrosis , tubular atrophy , and an infiltration of lymphocytes and plasma cells ."	"STATIVE"	"STATIVE"	"STATIVE"
"brown_government"	"874"	"show"	"Experiments have shown that the shutter is 75 percent open in about 60-80 microseconds ."	"DYNAMIC"	"DYNAMIC"	"DYNAMIC"
"brown_mystery"	"875"	"show"	"The shelves looked emptier than when Miss Celie had shown her the storeroom , and since the men from the Commissary had called ; ;"	"DYNAMIC"	"DYNAMIC"	"DYNAMIC"
"brown_belles_lettres"	"876"	"show"	"When Fosdick showed the letter to Baker his negative response was : `` For God's sake , Raymond , don't show this to the President or he'll stop the war '' ."	"DYNAMIC"	"DYNAMIC"	"DYNAMIC"
"brown_hobbies"	"877"	"show"	"The filler panels for the gable ends are cut from full Af sheets as shown , leaving no wastage ."	"STATIVE"	"DYNAMIC"	"BOTH"
"brown_belles_lettres"	"878"	"show"	"This would show that somebody , even a foreigner living in Rome , cared ."	"DYNAMIC"	"DYNAMIC"	"DYNAMIC"
"brown_learned"	"879"	"show"	"Research at Fayette , Missouri on oxidation ponds has shown that the BOD in the treated effluent varied from 30 to 53 mg/l with loadings from 8 to 120 lb ."	"DYNAMIC"	"DYNAMIC"	"DYNAMIC"
"brown_learned"	"880"	"show"	"Although the matter has not been unequivocally demonstrated , the available data show that micelles in themselves do not contribute significantly to the detergency process ."	"STATIVE"	"DYNAMIC"	"BOTH"
"brown_science_fiction"	"881"	"show"	"The tapes show that ."	"BOTH"	"STATIVE"	"BOTH"
"brown_learned"	"882"	"show"	"He has his cake and eats it too : if the workers say they are dissatisfied , this shows conscious alienation ; ;"	"BOTH"	"DYNAMIC"	"BOTH"
"brown_editorial"	"883"	"show"	"And the Chinese , as the Albanian incident shows , have strong suspicions that Khrushchev is anxious to secure a `` shameful '' peace with the West ."	"DYNAMIC"	"DYNAMIC"	"DYNAMIC"
"brown_learned"	"884"	"show"	"The serum containing the mixed type of complete and incomplete antibodies showed activity in both regions ( Fig. 1 ) ."	"DYNAMIC"	"DYNAMIC"	"DYNAMIC"
"brown_news"	"885"	"show"	"Our pitching is much better than it has shown '' ."	"DYNAMIC"	"DYNAMIC"	"DYNAMIC"
"brown_fiction"	"886"	"show"	"On the contrary , he was pleased that his face showed a neglect of several days ."	"STATIVE"	"STATIVE"	"STATIVE"
"brown_lore"	"887"	"show"	"As we stepped out into the sunlight , a man came up to John Cool and silently showed him his hand ."	"DYNAMIC"	"DYNAMIC"	"DYNAMIC"
"brown_mystery"	"888"	"show"	"He made the mistake of answering in an offhand way , and instantly realized that his skepticism must have showed in his face or voice ."	"DYNAMIC"	"STATIVE"	"BOTH"
"brown_learned"	"889"	"show"	"Metabolite 1 , isolated from the medium , however , showed a lower specific activity , which indicates endogenous synthesis of this metabolite ."	"DYNAMIC"	"DYNAMIC"	"DYNAMIC"
"brown_editorial"	"890"	"show"	"Russia has showed its intentions by exploding bombs in peace time to try to frighten the world ."	"DYNAMIC"	"DYNAMIC"	"DYNAMIC"
"brown_learned"	"891"	"show"	"Such sections showed bright yellow-green specific fluorescence in the cells of the pseudophloem tissue ( Lee and Black , 1955 ) ."	"BOTH"	"STATIVE"	"BOTH"
"brown_lore"	"892"	"show"	"But he still showed no intention of sharing with the syndicate ."	"STATIVE"	"BOTH"	"BOTH"
"brown_government"	"893"	"show"	"As shown earlier in Table 1 , the several cities and towns use widely varied fiscal and tax collection calendars ."	"STATIVE"	"STATIVE"	"STATIVE"
"brown_hobbies"	"894"	"show"	"The sizes of pieces needed for the interlocking frame are shown in the notes within Fig. 7 , most of the bars being 1/8'' '' brass in 1/4'' '' and 1/2'' '' widths ."	"STATIVE"	"STATIVE"	"STATIVE"
"brown_hobbies"	"895"	"show"	"And may you all continue to show at Westminster in the years to come '' ! !"	"DYNAMIC"	"DYNAMIC"	"DYNAMIC"
"brown_learned"	"896"	"show"	"Sections of crown gall tissue similarly stained with either Af and Af or NS and Af also showed only the light green nonspecific fluorescence ."	"STATIVE"	"DYNAMIC"	"BOTH"
"brown_learned"	"897"	"show"	"We must now show that on some component of the graph there exist two points for which the corresponding diagonal points in the C-plane are on opposite sides of C ."	"DYNAMIC"	"DYNAMIC"	"DYNAMIC"
"brown_learned"	"898"	"show"	"The pilot lagoon was located as shown in Figure 1 to serve the area just south of the existing housing area ."	"STATIVE"	"STATIVE"	"STATIVE"
"brown_lore"	"899"	"show"	"These waves have shown that 1,800 miles below the surface a liquid core begins , and that it , in turn , has a solid inner core ."	"DYNAMIC"	"DYNAMIC"	"DYNAMIC"
"brown_belles_lettres"	"900"	"show"	"It will be shown that the objectives of the cooperative people in an organization determine the type of network required , because the type of network functions according to the characteristics of the messages enumerated in Table 1 ."	"DYNAMIC"	"DYNAMIC"	"DYNAMIC"
"brown_belles_lettres"	"901"	"show"	"Nothing can show more than this the immensity of the danger to democratic peoples that lies in even relatively slight deviation from their true concept of sovereignty ."	"DYNAMIC"	"DYNAMIC"	"DYNAMIC"
"brown_hobbies"	"902"	"show"	"I like hay for this and apply it so that only the tops of the plants show right after a good frost ."	"STATIVE"	"DYNAMIC"	"BOTH"
"brown_news"	"903"	"show"	"Neither Mantle nor Maris need fear being classified an intellectual , but lately Mantle has shown unusual devotion to an intellectual opus , Henry Miller's `` Tropic of Cancer '' ."	"DYNAMIC"	"DYNAMIC"	"DYNAMIC"
"brown_adventure"	"904"	"show"	"He wanted to show the town what happened to anyone who tried to start trouble '' ."	"DYNAMIC"	"DYNAMIC"	"DYNAMIC"
"brown_learned"	"905"	"show"	"In Fig. 7-4 , the input axis of the three-axis platform is shown at some point on the earth ."	"STATIVE"	"STATIVE"	"STATIVE"
"brown_romance"	"906"	"show"	"After a few hours , Life hadn't showed , and I was crocked ."	"DYNAMIC"	"DYNAMIC"	"DYNAMIC"
"brown_news"	"907"	"show"	"A breakdown of the ten-month total showed :"	"STATIVE"	"DYNAMIC"	"BOTH"
"brown_religion"	"908"	"show"	"Studies of membership trends , even in some areas where population is expanding , show that numbers of churches have had little net increase , though many new members were received ."	"DYNAMIC"	"STATIVE"	"BOTH"
"brown_learned"	"909"	"show"	"The marrow of the vertebral bodies was pale and showed areas of fatty replacement ."	"STATIVE"	"STATIVE"	"STATIVE"
"brown_learned"	"910"	"show"	"Now that this is at odds with our meaning may be shown as follows ."	"DYNAMIC"	"DYNAMIC"	"DYNAMIC"
"brown_learned"	"911"	"show"	"This procedure is repeated for the second rinse , using the temperatures and time shown in Columns F and E of Table 2 ."	"STATIVE"	"STATIVE"	"STATIVE"
"brown_hobbies"	"912"	"show"	"If you walk into the ring because it is fun to show your dog , he will feel it and give you a good performance ! !"	"DYNAMIC"	"DYNAMIC"	"DYNAMIC"
"brown_learned"	"913"	"show"	"Cook had discovered a beef in his possession a few days earlier and , when he could not show the hide , arrested him ."	"DYNAMIC"	"DYNAMIC"	"DYNAMIC"
"brown_belles_lettres"	"914"	"show"	"At this time Miriam Noel appeared , urging on Constable Henry Pengally , whose name showed him to be a descendant of the Welsh settlers in the neighborhood ."	"STATIVE"	"STATIVE"	"STATIVE"
"brown_adventure"	"915"	"show"	"I showed her the shower and tub , and she said , smiling , `` If you really don't mind , I think I'll get clean in the shower , then soak for a few minutes in your tub ."	"DYNAMIC"	"DYNAMIC"	"DYNAMIC"
"brown_adventure"	"916"	"show"	"Now he was going to show how much he knew ."	"DYNAMIC"	"DYNAMIC"	"DYNAMIC"
"brown_hobbies"	"917"	"show"	"Many adults showing at Westminster today are products of this Class ."	"DYNAMIC"	"DYNAMIC"	"DYNAMIC"
"brown_editorial"	"918"	"show"	"Should I show my daughter how things should be colored ? ?"	"DYNAMIC"	"DYNAMIC"	"DYNAMIC"
"brown_belles_lettres"	"919"	"show"	"Every bone and muscle in his body showed , but he did not give the appearance of starving ."	"STATIVE"	"DYNAMIC"	"BOTH"
"brown_belles_lettres"	"920"	"show"	"Cried Wright , showing that automobiles were considered to be a danger as early as the 1920's ."	"DYNAMIC"	"DYNAMIC"	"DYNAMIC"
"brown_government"	"921"	"show"	"The adjustments needed to establish a uniform and coordinated fiscal tax collection year calendar throughout Rhode Island , based on a July 1 to June 30 year , are shown below ."	"STATIVE"	"STATIVEHABITUAL"	"BOTH"
"brown_learned"	"922"	"show"	"We wish to show that the range of Af is exactly the subspace Af ."	"DYNAMIC"	"DYNAMIC"	"DYNAMIC"
"brown_adventure"	"923"	"show"	"He showed his gleaming tusks of teeth and bellowed incoherently , his brass earrings jangling discordantly as he shook and trembled in ecstasy ."	"DYNAMIC"	"DYNAMIC"	"DYNAMIC"
"brown_news"	"924"	"show"	"`` The Pirates showed they could outclass the field last year ."	"DYNAMIC"	"DYNAMIC"	"DYNAMIC"
"brown_learned"	"925"	"show"	"In the system shown in Fig. 7-1 , the accelerometer output is amplified and the resulting voltage is applied to the gyro output-axis torquer ."	"DYNAMIC"	"STATIVE"	"BOTH"
"brown_learned"	"926"	"show"	"In the gastrocnemius and biceps there were many swollen and homogeneous necrotic fibers such as that shown in Figure 2 ."	"STATIVE"	"STATIVE"	"STATIVE"
"brown_news"	"927"	"show"	"Among individual dealers questioned in nearly a score of states , two out of three report their sales since August 1 show sizable gains from a year earlier , with the increases ranging from 5% to 50% ."	"STATIVE"	"DYNAMIC"	"BOTH"
"brown_belles_lettres"	"928"	"show"	"His bust shows an intense , mustached , fine-featured face ."	"STATIVE"	"STATIVE"	"STATIVE"
"brown_learned"	"929"	"show"	"I realized , now , that she had been showing me , in what impressed me as being a very accurate way , something her mother had once said to her ; ;"	"DYNAMIC"	"DYNAMIC"	"DYNAMIC"
"brown_learned"	"930"	"show"	"A study of their activity on thyroglobulin has shown that thyroxine is not preferentially released and that the degradation proceeds stepwise with the formation of macromolecular intermediates ( Alpers , Petermann and Rall , 1956 ) ."	"DYNAMIC"	"DYNAMIC"	"DYNAMIC"
"brown_reviews"	"931"	"show"	"As Kennan shows , the judgment of the Allied governments about what was happening in Russia was warped by the obsession of defeating Germany ."	"DYNAMIC"	"DYNAMIC"	"DYNAMIC"
"brown_learned"	"932"	"show"	"He showed convincingly that anxiety is a learned ( conditioned ) reaction and is the basis of experimental and clinical neuroses and assumed , therefore , that the neuronal changes which underlie the neuroses are functional and reversible ."	"DYNAMIC"	"DYNAMIC"	"DYNAMIC"
"brown_learned"	"933"	"show"	"Appropriate experiments showed that this is , indeed , possible ."	"DYNAMIC"	"DYNAMIC"	"DYNAMIC"
"brown_belles_lettres"	"934"	"show"	"Then more than ever before did they show their fortitude and patient cheerfulness ."	"DYNAMIC"	"DYNAMIC"	"DYNAMIC"
"brown_learned"	"935"	"show"	"It has been shown that thyroglobulin binds thyroxine , but the binding does not appear to be particularly strong ."	"DYNAMIC"	"DYNAMIC"	"DYNAMIC"
"brown_learned"	"936"	"show"	"The pictures of Figs. 3 and 4 show the cracking and peeling types of removal where the coating is detached by failure in a region at , or close to , the interface between coating and substrate ."	"STATIVE"	"STATIVE"	"STATIVE"
"brown_hobbies"	"937"	"show"	"Drill 20 No. 47 holes in the upper piece `` A '' as shown in Fig. 7 ."	"STATIVE"	"STATIVE"	"STATIVE"
"brown_lore"	"938"	"show"	"And , as shown in Chapter 6 , , some SNP females originally developed such trust only during their adolescence , through the aid of , and their identification with , alter-parents ."	"STATIVE"	"STATIVE"	"STATIVE"
"brown_learned"	"939"	"show"	"This unusual collagen also was shown to undergo a reversible thermal phase transformation ."	"DYNAMIC"	"DYNAMIC"	"DYNAMIC"
"brown_hobbies"	"940"	"show"	"Mrs. Freight ( Knight Dream-Miss Reed ) shows promise and does it in good form , and her best time is about 2:35 ."	"STATIVE"	"STATIVE"	"STATIVE"
"brown_learned"	"941"	"show"	"One experiment showed the greatest one-year difference occurring between the eleventh and twelfth years ."	"DYNAMIC"	"STATIVE"	"BOTH"
"brown_news"	"942"	"show"	"`` My experience as public safety commissioner '' , Roos said , `` has shown me that the office of sheriff is best filled by a man with law enforcement experience , and preferably one who is a lawyer ."	"DYNAMIC"	"STATIVEHABITUAL"	"BOTH"
"brown_learned"	"943"	"show"	"Fromm says these data show that job dissatisfaction and resentment are widespread ."	"STATIVE"	"DYNAMIC"	"BOTH"
"brown_mystery"	"944"	"show"	"His face was ruddy and heavy and unlined , and when he laughed he showed his teeth , which were big and white and strong and unquestionably home-grown ."	"DYNAMIC"	"DYNAMIC"	"DYNAMIC"
"brown_mystery"	"945"	"show"	"`` Forgot to get something out of the car '' , I told him , showing him my ticket ."	"DYNAMIC"	"DYNAMIC"	"DYNAMIC"
"brown_hobbies"	"946"	"show"	"Susan Hackmann , age 14 , from Baltimore , Md. , showing a Dachshund , was 3rd ."	"DYNAMIC"	"DYNAMIC"	"DYNAMIC"
"brown_editorial"	"947"	"show"	"The board's action shows what free enterprise is up against in our complex maze of regulatory laws ."	"DYNAMIC"	"DYNAMIC"	"DYNAMIC"
"brown_learned"	"948"	"show"	"Figure 2 , above , shows the aging properties of urethane foams as determined by the percent of change in tensile strength during exposure to ultra-violet light ."	"STATIVE"	"STATIVE"	"STATIVE"
"brown_learned"	"949"	"show"	"The value of the elections was lost , both as an experiment in increased political participation and as a reliable indicator of commercial interest , as shown in Table 1 ."	"STATIVE"	"STATIVE"	"STATIVE"
"brown_hobbies"	"950"	"show"	"Most counties also have maps available from the county engineer showing roads and other features and from the assessor's office showing ownerships of land ."	"STATIVE"	"STATIVE"	"STATIVE"
"brown_news"	"951"	"show"	"The Drexel collection , called Composite , to be shown by Titche's offers a realistic approach to decorating , a mature modern that is a variation of many designs ."	"DYNAMIC"	"DYNAMIC"	"DYNAMIC"
"brown_editorial"	"952"	"show"	"The present attempts of the politicians to contaminate ordinary Britons shows that this British common sense is unwilling to pull somebody else's chestnuts out of the fire by new military adventures '' ."	"DYNAMIC"	"DYNAMIC"	"DYNAMIC"
"brown_learned"	"953"	"show"	"if they say they are satisfied , this shows unconscious alienation ."	"DYNAMIC"	"STATIVE"	"BOTH"
"brown_learned"	"954"	"show"	"A careful search failed to show occlusion of any of the mesenteric vessels ."	"DYNAMIC"	"DYNAMIC"	"DYNAMIC"
"brown_learned"	"955"	"show"	"Then I realized that she had been deliberately showing me , this time , what Granny was like ; ;"	"DYNAMIC"	"DYNAMIC"	"DYNAMIC"
"brown_government"	"956"	"show"	"Table 2 shows operating cost data of state vehicles selected at random ."	"STATIVE"	"STATIVE"	"STATIVE"
"brown_learned"	"957"	"show"	"X-ray films of the vertebral column showed progression of the demineralization ."	"STATIVE"	"DYNAMIC"	"BOTH"
"brown_learned"	"958"	"show"	"The anode holder shown in figure 2 was designed with two goals in mind ."	"STATIVE"	"STATIVE"	"STATIVE"
"brown_hobbies"	"959"	"show"	"But up to date he has shown as much as any in the big Simpson stable ."	"DYNAMIC"	"DYNAMIC"	"DYNAMIC"
"brown_government"	"960"	"show"	"The illustrations in fig. 8 show how to lay a concrete block wall ."	"STATIVE"	"STATIVE"	"STATIVE"
"brown_lore"	"961"	"show"	"And despite Knowlton's attempts to show that the house was locked up tighter than a drum , this was not true ."	"DYNAMIC"	"DYNAMIC"	"DYNAMIC"
"brown_religion"	"962"	"show"	"And the size of the ocean shows us the magnitude of the destructive power we hold in our hands today ."	"DYNAMIC"	"BOTH"	"BOTH"
"brown_learned"	"963"	"show"	"The flow rate remained relatively constant during the winter months as shown in Table 1 ."	"STATIVE"	"STATIVE"	"STATIVE"
"brown_mystery"	"964"	"show"	"fresh scars showed that the door had been prized open ."	"STATIVE"	"STATIVE"	"STATIVE"
"brown_editorial"	"965"	"show"	"The girls , very fetching in their uniforms , are shown firing rockets from a launcher mounted on a dump truck ; ;"	"DYNAMIC"	"STATIVE"	"BOTH"
"brown_learned"	"966"	"show"	"During the Seventies the projections show a more pronounced rise to an annual rate of 1,338,000 in the second half of that decade ."	"STATIVE"	"STATIVE"	"STATIVE"
"brown_belles_lettres"	"967"	"say"	"Bang-Jensen said you told correspondents that you had checked in advance to make sure the term ' aberrant conduct ' was not libelous ."	"DYNAMIC"	"DYNAMIC"	"DYNAMIC"
"brown_romance"	"968"	"say"	"`` I can hardly say the same about you , Dave '' ! !"	"DYNAMIC"	"DYNAMIC"	"DYNAMIC"
"brown_humor"	"969"	"say"	"`` Great satire has always been clearly written and readily understandable '' , I said ."	"DYNAMIC"	"DYNAMIC"	"DYNAMIC"
"brown_adventure"	"970"	"say"	"He said now , `` I've got the perfect headquarters set up ."	"DYNAMIC"	"DYNAMIC"	"DYNAMIC"
"brown_fiction"	"971"	"say"	"You wouldn't have me throw the poor boy out on the street '' , Eileen said when I needled her about it ."	"DYNAMIC"	"DYNAMIC"	"DYNAMIC"
"brown_news"	"972"	"say"	"City Finance Director Richard J. McConnell indorsed the higher fees , which , he said , had been under study for more than a year ."	"DYNAMIC"	"DYNAMIC"	"DYNAMIC"
"brown_adventure"	"973"	"say"	"`` Golly '' , Rod exclaimed to Harmony as he dutifully stood by her side among the ringed spectators , `` don't that fiddle make you wish the Bible didn't say us Baptists can't dance '' ? ?"	"STATIVE"	"DYNAMIC"	"BOTH"
"brown_romance"	"974"	"say"	"`` Oh no '' , she said ."	"DYNAMIC"	"DYNAMIC"	"DYNAMIC"
"brown_mystery"	"975"	"say"	"`` Okay '' , I said to the attendant , `` I'll let you know if I close the deal on the office in this building '' ."	"DYNAMIC"	"DYNAMIC"	"DYNAMIC"
"brown_fiction"	"976"	"say"	"She stood there , a large old woman , smiling at the things she would say to him in the morning , this big foolish baby of a son ."	"DYNAMIC"	"DYNAMIC"	"DYNAMIC"
"brown_adventure"	"977"	"say"	"The coachman said softly ."	"DYNAMIC"	"DYNAMIC"	"DYNAMIC"
"brown_editorial"	"978"	"say"	"I submit that it cannot be dismissed simply by saying we are not facing the facts of life ."	"DYNAMIC"	"DYNAMIC"	"DYNAMIC"
"brown_government"	"979"	"say"	"On the contrary , if this be an apocalyptic era as is commonly said , we see it as an era of opportunity ."	"DYNAMIC"	"STATIVEHABITUAL"	"BOTH"
"brown_mystery"	"980"	"say"	"Rourke could see it better out the right-hand side , and he said , `` yes ."	"DYNAMIC"	"DYNAMIC"	"DYNAMIC"
"brown_belles_lettres"	"981"	"say"	"The supreme object of their lives is now fulfilled , says the wife , her husband has achieved immortality ."	"DYNAMIC"	"DYNAMIC"	"DYNAMIC"
"brown_adventure"	"982"	"say"	"The War Department wrote Mr. Manuel a letter and said he was a hero ."	"DYNAMIC"	"DYNAMIC"	"DYNAMIC"
"brown_romance"	"983"	"say"	"`` Hey , there , beautiful twin of mine '' , Ronald said ."	"DYNAMIC"	"DYNAMIC"	"DYNAMIC"
"brown_belles_lettres"	"984"	"say"	"`` The reason for this '' , the orders said , `` is that the enemy may think to take advantage of the celebration of this day ."	"DYNAMIC"	"DYNAMIC"	"DYNAMIC"
"brown_news"	"985"	"say"	"We've tried them out on the club chef -- or say , he has tried them out on us and we have selected the best '' ."	"DYNAMIC"	"DYNAMIC"	"DYNAMIC"
"brown_belles_lettres"	"986"	"say"	"I ask you to do me the last favour of reading them by 8 to-morrow evening , about which time I shall come to say my sad good-bye ."	"DYNAMIC"	"DYNAMIC"	"DYNAMIC"
"brown_romance"	"987"	"say"	"`` Probably '' , said Henrietta dryly ."	"DYNAMIC"	"DYNAMIC"	"DYNAMIC"
"brown_adventure"	"988"	"say"	"He said , lapsing into the profanity he often used when away from his parents and especially when he was with Charles ."	"DYNAMIC"	"DYNAMIC"	"DYNAMIC"
"brown_belles_lettres"	"989"	"say"	"Of Mark Antony De Wolfe Howe the philosopher Whitehead said the Earth's first visitors to Mars should be persons likely to make a good impression , and when he was asked , `` Whom would you send '' ? ?"	"DYNAMIC"	"DYNAMIC"	"DYNAMIC"
"brown_learned"	"990"	"say"	"Since this type of item was not in the statute when section 381 was enacted in 1954 , one cannot say with certainty what effect the enactment of that section should have ."	"DYNAMIC"	"DYNAMIC"	"DYNAMIC"
"brown_romance"	"991"	"say"	"`` He says he'll be here on the one-o'clock plane ."	"DYNAMIC"	"DYNAMIC"	"DYNAMIC"
"brown_science_fiction"	"992"	"say"	"Foster listened with angelic patience until Digby ran down , then said , `` Listen , junior , you're an angel now -- so forget it ."	"DYNAMIC"	"DYNAMIC"	"DYNAMIC"
"brown_science_fiction"	"993"	"say"	"He rammed his mind into focus and said to the two ladies who lay pinkly nude beside him in the desert , `` That was a good bite ."	"DYNAMIC"	"DYNAMIC"	"DYNAMIC"
"brown_fiction"	"994"	"say"	"Rachel said , `` I'd better get him to bed '' ."	"DYNAMIC"	"DYNAMIC"	"DYNAMIC"
"brown_mystery"	"995"	"say"	"`` Bully for you '' , Gibby said ."	"DYNAMIC"	"DYNAMIC"	"DYNAMIC"
"brown_lore"	"996"	"say"	"She named 48 items , and said there were `` many more things which it would take too long to write '' ."	"DYNAMIC"	"DYNAMIC"	"DYNAMIC"
"brown_fiction"	"997"	"say"	"`` She didn't mention bringing Myra '' , Mark said , maneuvering the car into the next lane ."	"DYNAMIC"	"DYNAMIC"	"DYNAMIC"
"brown_romance"	"998"	"say"	"She called then to say she had a baby-sitter for that night ."	"DYNAMIC"	"DYNAMIC"	"DYNAMIC"
"brown_belles_lettres"	"999"	"say"	"To give a patient the wrong type of blood , said the doctor , would likely kill him ."	"DYNAMIC"	"DYNAMIC"	"DYNAMIC"
"brown_belles_lettres"	"1000"	"say"	"The public , Tom said the man told him , wanted realism , and his play wasn't that ."	"DYNAMIC"	"DYNAMIC"	"DYNAMIC"
"brown_lore"	"1001"	"say"	"She said it was after she returned from her vomiting spell in the back yard that Mrs. Borden told her to wash the windows ."	"DYNAMIC"	"DYNAMIC"	"DYNAMIC"
"brown_mystery"	"1002"	"say"	"No need say anything at all to the old woman ."	"DYNAMIC"	"DYNAMIC"	"DYNAMIC"
"brown_mystery"	"1003"	"say"	"At last he said , `` Well , thank you for calling , Mr. Benson ."	"DYNAMIC"	"DYNAMIC"	"DYNAMIC"
"brown_humor"	"1004"	"say"	"`` I'm General Burnside's horse , upside down '' , Arlene said , sort of gaspingly , for her : even she had to breathe kind of funny when she was in that position ."	"DYNAMIC"	"DYNAMIC"	"DYNAMIC"
"brown_romance"	"1005"	"say"	"Personally , I prefer straight hair like yours , but as they say on the Continent , ' What can one do ' '' ? ?"	"DYNAMIC"	"DYNAMIC"	"DYNAMIC"
"brown_news"	"1006"	"say"	"The broadcast said Anderson , a Seattle ex-marine and Havana businessman , and McNair , of Miami , were condemned on charges of smuggling arms to Cuban rebels ."	"DYNAMIC"	"DYNAMIC"	"DYNAMIC"
"brown_romance"	"1007"	"say"	"Then Frankie said : `` What are you gonna do '' ? ?"	"DYNAMIC"	"DYNAMIC"	"DYNAMIC"
"brown_learned"	"1008"	"say"	"There is not much to be said for `` Revulsion '' ."	"DYNAMIC"	"DYNAMIC"	"DYNAMIC"
"brown_mystery"	"1009"	"say"	"`` What if I said nobody was here but a couple of patrolmen '' ? ?"	"DYNAMIC"	"DYNAMIC"	"DYNAMIC"
"brown_romance"	"1010"	"say"	"`` You've told God , Frank '' , he said ."	"DYNAMIC"	"DYNAMIC"	"DYNAMIC"
"brown_mystery"	"1011"	"say"	"Shayne said briskly , `` Grab another drink if you want it ."	"DYNAMIC"	"DYNAMIC"	"DYNAMIC"
"brown_religion"	"1012"	"say"	"This is not to say that the only explanation of the present infatuation with Norman Vincent Peale's `` cult of reassurance '' or the other types of a purely cultural Christianity is the ever-present need for a demythologized gospel ."	"DYNAMIC"	"DYNAMIC"	"DYNAMIC"
"brown_hobbies"	"1013"	"say"	"Of these , 376 said they make no extra charge for strapping in standard units , because they save enough on mechanized carloading to offset their strapping cost ."	"DYNAMIC"	"DYNAMIC"	"DYNAMIC"
"brown_lore"	"1014"	"say"	"Such an animal was said to be `` mealynosed '' ."	"STATIVEHABITUAL"	"DYNAMIC"	"BOTH"
"brown_adventure"	"1015"	"say"	"`` You're awfully kind '' , the girl said ."	"DYNAMIC"	"DYNAMIC"	"DYNAMIC"
"brown_adventure"	"1016"	"say"	"`` I might try it one of these days '' , Jack said wonderingly , thinking of Miss Langford ."	"DYNAMIC"	"DYNAMIC"	"DYNAMIC"
"brown_news"	"1017"	"say"	"A 24-year-old Atlanta man was arrested Sunday after breaking into the home of relatives in search of his wife , hitting his uncle with a rock and assaulting two police officers who tried to subdue him , police said ."	"DYNAMIC"	"DYNAMIC"	"DYNAMIC"
"brown_belles_lettres"	"1018"	"say"	"It is said that , even at the present stage of Southern urbanization , such a city as Atlanta is not distinctly unlike Columbus or Trenton ."	"DYNAMIC"	"DYNAMIC"	"DYNAMIC"
"brown_mystery"	"1019"	"say"	"`` Begin to look like him now , would you say ? ?"	"DYNAMIC"	"DYNAMIC"	"DYNAMIC"
"brown_editorial"	"1020"	"say"	"`` Of course I am '' , he said ."	"DYNAMIC"	"DYNAMIC"	"DYNAMIC"
"brown_fiction"	"1021"	"say"	"`` All right '' , Rector said ."	"DYNAMIC"	"DYNAMIC"	"DYNAMIC"
"brown_news"	"1022"	"say"	"`` Same thing '' , he said ."	"DYNAMIC"	"DYNAMIC"	"DYNAMIC"
"brown_learned"	"1023"	"say"	"If Af is the null space of Af , then Theorem 12 says that Af ."	"STATIVE"	"DYNAMIC"	"BOTH"
"brown_mystery"	"1024"	"say"	"Shayne said , `` I know it was , Tim '' ."	"DYNAMIC"	"DYNAMIC"	"DYNAMIC"
"brown_romance"	"1025"	"say"	"`` Oh , my God '' , Ham Richert said , `` a little child shall lead them ."	"DYNAMIC"	"DYNAMIC"	"DYNAMIC"
"brown_romance"	"1026"	"say"	"Phil turned away and opened his locker , and then he heard Mike Deegan say : `` You're yellow , Rossoff '' ! !"	"DYNAMIC"	"DYNAMIC"	"DYNAMIC"
"brown_romance"	"1027"	"say"	"`` Yes , a little parkish place '' , Charlotte said , and concluded , `` Anyhow , it's all very nice ."	"DYNAMIC"	"DYNAMIC"	"DYNAMIC"
"brown_religion"	"1028"	"say"	"you may attend mass , do penance , say prayers and zealously keep all the sacraments and ceremonies of the church ; ;"	"DYNAMIC"	"DYNAMIC"	"DYNAMIC"
"brown_romance"	"1029"	"say"	"`` So you said '' ."	"DYNAMIC"	"DYNAMIC"	"DYNAMIC"
"brown_news"	"1030"	"say"	"Mr. Hawksley said yesterday he would be willing to go before the city council `` or anyone else locally '' to outline his proposal at the earliest possible time ."	"DYNAMIC"	"DYNAMIC"	"DYNAMIC"
"brown_news"	"1031"	"say"	"Insuring that the countries have a freedom of choice , he said , was the biggest detriment to the Soviet Union ."	"DYNAMIC"	"DYNAMIC"	"DYNAMIC"
"brown_editorial"	"1032"	"say"	"President Kennedy was right when he said , `` We shall never negotiate out of fear and we never shall fear to negotiate '' ."	"DYNAMIC"	"DYNAMIC"	"DYNAMIC"
"brown_news"	"1033"	"say"	"Failure to attend the meeting or explain inability to attend , the letters said , would be considered a `` sign of indifference '' ."	"STATIVE"	"DYNAMIC"	"BOTH"
"brown_news"	"1034"	"say"	"Vast spraying programs conducted by `` technicians with narrow training and little wisdom '' are endangering crops and wildlife , Carl W. Buchheister , president of the National Audubon Society , said today ."	"DYNAMIC"	"DYNAMIC"	"DYNAMIC"
"brown_news"	"1035"	"say"	"The board members , after hearing the coordination plea from Mrs. Ralph H. Molvar , 1409 SW Maplecrest Dr. , said they thought they had already been cooperating ."	"DYNAMIC"	"DYNAMIC"	"DYNAMIC"
"brown_learned"	"1036"	"say"	"My point is this : whether there is such fitness or not , we all assume that there is , and if we do , we express in moral judgments more than the subjectivists say we do ."	"DYNAMIC"	"DYNAMIC"	"DYNAMIC"
"brown_religion"	"1037"	"say"	"At times we can say that it was the major factor ."	"DYNAMIC"	"DYNAMIC"	"DYNAMIC"
"brown_adventure"	"1038"	"say"	"`` Hettie , they didn't sell you '' , he said miserably ."	"DYNAMIC"	"DYNAMIC"	"DYNAMIC"
"brown_belles_lettres"	"1039"	"say"	"`` He's a wrong-o '' , said Runyon , `` and I wouldn't trust him as far as I could throw the Statue of Liberty '' ."	"DYNAMIC"	"DYNAMIC"	"DYNAMIC"
"brown_humor"	"1040"	"say"	"`` Just you wait '' , said Arlene again , as though she were discovering the pleasantly tingling insinuations of that handy little sturdy statement ."	"DYNAMIC"	"DYNAMIC"	"DYNAMIC"
"brown_romance"	"1041"	"say"	"What else did Eddie have to say '' ? ?"	"DYNAMIC"	"DYNAMIC"	"DYNAMIC"
"brown_government"	"1042"	"say"	"These were educated men , who , as Mr. Justice Holmes was fond of saying , formed their inductions out of experience under the burden of responsibility ."	"DYNAMIC"	"DYNAMIC"	"DYNAMIC"
"brown_editorial"	"1043"	"say"	"`` We tried to settle this dispute '' , he said , `` but could never come to an agreement ."	"DYNAMIC"	"DYNAMIC"	"DYNAMIC"
"brown_belles_lettres"	"1044"	"say"	"Paula says that even though Carl's letters usually began , `` Dear Miss Steichen '' , there was an understanding from the beginning that they would become husband and wife ."	"DYNAMIC"	"DYNAMIC"	"DYNAMIC"
"brown_news"	"1045"	"say"	"He said Britain also proposed that the international truce commission should be reconvened , sent to New Delhi and from there to Laos to verify the cease-fire ."	"DYNAMIC"	"DYNAMIC"	"DYNAMIC"
"brown_romance"	"1046"	"say"	"`` Rests the tissues '' , he said , `` and pacifies the system ."	"DYNAMIC"	"DYNAMIC"	"DYNAMIC"
"brown_reviews"	"1047"	"say"	"Hirsch says that he has given the role certain qualities he has observed in the city toughs of the real world ."	"DYNAMIC"	"DYNAMIC"	"DYNAMIC"
"brown_news"	"1048"	"say"	"-- Alfred Hayes , president of the Federal Reserve Bank of New York , said Tuesday `` there is no present need for far-reaching reforms '' which would basically alter the international financial system ."	"DYNAMIC"	"DYNAMIC"	"DYNAMIC"
"brown_learned"	"1049"	"say"	"Then I replied , coldly , `` If you despise me , why don't you say so , directly '' ? ?"	"DYNAMIC"	"DYNAMIC"	"DYNAMIC"
"brown_romance"	"1050"	"say"	"`` It's nice of you '' , Henrietta said doubtfully ."	"DYNAMIC"	"DYNAMIC"	"DYNAMIC"
"brown_news"	"1051"	"say"	"The bill , which Daniel said he drafted personally , would force banks , insurance firms , pipeline companies and other corporations to report such property to the state treasurer ."	"DYNAMIC"	"DYNAMIC"	"DYNAMIC"
"brown_learned"	"1052"	"say"	"the positivists are plainly right in saying that such remarks do usually express feeling ."	"DYNAMIC"	"DYNAMIC"	"DYNAMIC"
"brown_romance"	"1053"	"say"	"When at last she could suffer the insult no longer , nor face the girl's scorn , she said in a voice overloud :"	"DYNAMIC"	"DYNAMIC"	"DYNAMIC"
"brown_adventure"	"1054"	"say"	"`` In back , buddy '' , the driver said to me ."	"DYNAMIC"	"DYNAMIC"	"DYNAMIC"
"brown_government"	"1055"	"say"	"Plenty , say the experts ."	"DYNAMIC"	"DYNAMIC"	"DYNAMIC"
"brown_learned"	"1056"	"say"	"Still there was no Gonzales and the family would say nothing ."	"DYNAMIC"	"DYNAMIC"	"DYNAMIC"
"brown_belles_lettres"	"1057"	"say"	"She regretted what she described as the `` unwarrantable & unnecessary '' check to their friendship and said that she felt that they understood one another perfectly ."	"DYNAMIC"	"DYNAMIC"	"DYNAMIC"
"brown_news"	"1058"	"say"	"She says , `` of course I've had the best ."	"DYNAMIC"	"BOTH"	"BOTH"
"brown_adventure"	"1059"	"say"	"Well , why don't you say something '' ? ?"	"DYNAMIC"	"DYNAMIC"	"DYNAMIC"
"brown_news"	"1060"	"say"	"Rep. Charles E. Hughes of Sherman , sponsor of the bill , said a failure to enact it would amount `` to making a gift out of the taxpayers' pockets to banks , insurance and pipeline companies '' ."	"DYNAMIC"	"DYNAMIC"	"DYNAMIC"
"brown_mystery"	"1061"	"say"	"`` All right '' , Calenda said , his voice still quiet ."	"DYNAMIC"	"DYNAMIC"	"DYNAMIC"
"brown_mystery"	"1062"	"say"	"`` Yeah '' , he said ."	"DYNAMIC"	"DYNAMIC"	"DYNAMIC"
"brown_editorial"	"1063"	"say"	"I once heard a comedian say that if you are killed by a taxicab in New York , it is listed as `` death due to natural causes '' ."	"DYNAMIC"	"DYNAMIC"	"DYNAMIC"
"brown_fiction"	"1064"	"say"	"Offer her a cup of tea and she would say , `` Why , these cups look just like a set I gave to the Salvation Army last year '' ."	"DYNAMIC"	"DYNAMIC"	"DYNAMIC"
"brown_belles_lettres"	"1065"	"say"	"In answer to a New York Times query on what is fame ( `` Thoughts On Fame '' , October 23 , 1960 ) , Carl said : `` Fame is a figment of a pigment ."	"DYNAMIC"	"DYNAMIC"	"DYNAMIC"
"brown_news"	"1066"	"say"	"`` My feeling at the moment '' , he said , `` is that we have no alternative , irrespective of some of the arguments about him ."	"DYNAMIC"	"DYNAMIC"	"DYNAMIC"
"brown_news"	"1067"	"say"	"`` In 35 years we have opened 7,000 churches '' , the Rev. Mr. Brandt said , adding that the denomination had a national goal of one church for every 10,000 persons ."	"DYNAMIC"	"DYNAMIC"	"DYNAMIC"
"brown_adventure"	"1068"	"say"	"He could think of nothing else save his mental image of her nude figure and what Charles had said that morning about Margaret Rider ."	"DYNAMIC"	"DYNAMIC"	"DYNAMIC"
"brown_news"	"1069"	"say"	"Before 1933 , individuals who opposed trade unions and collective bargaining said so in plain English ."	"DYNAMIC"	"DYNAMIC"	"DYNAMIC"
"brown_romance"	"1070"	"say"	"Remember what you used to say in the Army ? ?"	"DYNAMIC"	"DYNAMIC"	"DYNAMIC"
"brown_romance"	"1071"	"say"	"`` By fall they'll be back in school '' , I'd say , trying to sound encouraging ."	"DYNAMIC"	"DYNAMIC"	"DYNAMIC"
"brown_romance"	"1072"	"say"	"He said , `` Captain , may I speak , please ? ?"	"DYNAMIC"	"DYNAMIC"	"DYNAMIC"
"brown_romance"	"1073"	"say"	"`` Yes '' , I said ."	"DYNAMIC"	"DYNAMIC"	"DYNAMIC"
"brown_news"	"1074"	"say"	"`` Pretty much hamburger , hotdogs , steak and , at night , maybe pizza '' , says the handsome food expert ."	"DYNAMIC"	"DYNAMIC"	"DYNAMIC"
"brown_belles_lettres"	"1075"	"say"	"Rimanelli is tough and square-built and adventurous , says what he thinks ."	"DYNAMIC"	"DYNAMIC"	"DYNAMIC"
"brown_adventure"	"1076"	"say"	"`` I could use some help '' , Morgan said finally , `` but I can't afford to pay you anything ."	"DYNAMIC"	"DYNAMIC"	"DYNAMIC"
"brown_romance"	"1077"	"say"	"`` I didn't ask you to fight for the ball club '' , Phil said slowly ."	"DYNAMIC"	"DYNAMIC"	"DYNAMIC"
"brown_adventure"	"1078"	"say"	"He said tensely , `` All right ."	"DYNAMIC"	"DYNAMIC"	"DYNAMIC"
"brown_romance"	"1079"	"say"	"She was talking about him that time , because he had done some bad thing , something she disliked , but `` Afterwards Martin said he was sorry ."	"DYNAMIC"	"DYNAMIC"	"DYNAMIC"
"brown_adventure"	"1080"	"say"	"What else he said was lost in the rattle of gunfire on all sides ."	"DYNAMIC"	"DYNAMIC"	"DYNAMIC"
"brown_adventure"	"1081"	"say"	"He waited awhile before he said , `` Roy , you know your decompression table , don't you '' ? ?"	"DYNAMIC"	"DYNAMIC"	"DYNAMIC"
"brown_mystery"	"1082"	"say"	"it was not quite six o'clock when we finished and Charlie said , `` Well , I guess that's it ."	"DYNAMIC"	"DYNAMIC"	"DYNAMIC"
"brown_romance"	"1083"	"say"	"Through quiet laughter his mother said , `` Don't speak to your father like that , Richard '' ."	"DYNAMIC"	"DYNAMIC"	"DYNAMIC"
"brown_belles_lettres"	"1084"	"say"	"`` This '' , he said , `` is exactly what has been happening between the politically free nations in the postwar world ."	"DYNAMIC"	"DYNAMIC"	"DYNAMIC"
"brown_belles_lettres"	"1085"	"say"	"In recollection he has said : `` Natural or man-made objects kept coming into my head , but I would suppress them sternly '' ."	"DYNAMIC"	"DYNAMIC"	"DYNAMIC"
"brown_mystery"	"1086"	"say"	"`` I told you , Mike '' , said Rourke in an aggrieved voice ."	"DYNAMIC"	"DYNAMIC"	"DYNAMIC"
"brown_editorial"	"1087"	"say"	"He went on to say : `` In the first place , industry per se is not dedicated to the role of savior of foundering municipalities ."	"DYNAMIC"	"DYNAMIC"	"DYNAMIC"
"brown_adventure"	"1088"	"say"	"`` I don't have many strays coming to my front door '' , he said ."	"DYNAMIC"	"DYNAMIC"	"DYNAMIC"
"brown_reviews"	"1089"	"say"	"Sponsor quotes John McLendon of the McLendon-Ebony station group as saying that the Southern Negro is becoming conscious of quality and `` does not wish to be associated with radio which is any way degrading to his race ; ;"	"DYNAMIC"	"DYNAMIC"	"DYNAMIC"
"brown_lore"	"1090"	"say"	"It has become almost trite to say that the ecumenical movement must be `` carried down to the grass roots '' ."	"DYNAMIC"	"DYNAMIC"	"DYNAMIC"
"brown_news"	"1091"	"say"	"Black said COAHR `` hoped to be able to integrate the theaters without taking direct action , but we are pledged to using every legal and nonviolent means at our disposal ''"	"DYNAMIC"	"DYNAMIC"	"DYNAMIC"
"brown_humor"	"1092"	"say"	"And the sheep said -- all in unison , I have no doubt -- ba-a-a ! !"	"DYNAMIC"	"DYNAMIC"	"DYNAMIC"
"brown_learned"	"1093"	"say"	"Speaking with `` great earnestness '' , he said : `` For the Russian people , the question of Poland is not only a question of honor but also a question of security ."	"DYNAMIC"	"DYNAMIC"	"DYNAMIC"
"brown_fiction"	"1094"	"say"	"`` At least you could leave it for the movers '' , Miss Ada said ."	"DYNAMIC"	"DYNAMIC"	"DYNAMIC"
"brown_news"	"1095"	"say"	"The President said he will ask Congress to increase grants to states for vocational rehabilitation ."	"DYNAMIC"	"DYNAMIC"	"DYNAMIC"
"brown_adventure"	"1096"	"say"	"said a Hail Mary , slowly and with understanding ."	"DYNAMIC"	"DYNAMIC"	"DYNAMIC"
"brown_romance"	"1097"	"say"	"`` You are talking foolishly '' , I said ."	"DYNAMIC"	"DYNAMIC"	"DYNAMIC"
"brown_belles_lettres"	"1098"	"say"	"He said , `` Some have criticized your book as being neither literary criticism nor history ."	"DYNAMIC"	"DYNAMIC"	"DYNAMIC"
"brown_adventure"	"1099"	"say"	"Todman said over the radio as he came back up in formation ."	"DYNAMIC"	"DYNAMIC"	"DYNAMIC"
"brown_fiction"	"1100"	"say"	"Once , they were at Easthampton for the summer ( again , Fritzie said , a good place , even though they were being robbed ) ."	"DYNAMIC"	"DYNAMIC"	"DYNAMIC"
"brown_reviews"	"1101"	"say"	"Suppose , says Dr. Lyttleton , the proton has a slightly greater charge than the electron ( so slight it is presently immeasurable ) ."	"STATIVE"	"DYNAMIC"	"BOTH"
"brown_belles_lettres"	"1102"	"say"	"`` Excuse me '' , the European said ."	"DYNAMIC"	"DYNAMIC"	"DYNAMIC"
"brown_adventure"	"1103"	"say"	"`` I hate to leave my garden '' , Gavin said ."	"DYNAMIC"	"DYNAMIC"	"DYNAMIC"
"brown_adventure"	"1104"	"say"	"I must say the figure was well made up ."	"DYNAMIC"	"DYNAMIC"	"DYNAMIC"
"brown_news"	"1105"	"cover"	"The plan does not cover doctor bills ."	"STATIVE"	"STATIVE"	"STATIVE"
"brown_hobbies"	"1106"	"cover"	"Then I cover the sowing with a board ."	"DYNAMIC"	"DYNAMIC"	"DYNAMIC"
"brown_adventure"	"1107"	"cover"	"It was as if they could hardly wait to get into their costumes , cover their faces with masks and go adventuring ."	"DYNAMIC"	"DYNAMIC"	"DYNAMIC"
"brown_mystery"	"1108"	"cover"	"The external signs of his approach to it would be covered by the snow , probably by the next day ."	"DYNAMIC"	"DYNAMIC"	"DYNAMIC"
"brown_religion"	"1109"	"cover"	"and I asked myself a question : Suppose I had the same number of peas as there are atoms in my body , how large an area would they cover ? ?"	"STATIVE"	"DYNAMIC"	"BOTH"
"brown_learned"	"1110"	"cover"	"We already have courses covering those problems , and so on ."	"STATIVE"	"STATIVE"	"STATIVE"
"brown_adventure"	"1111"	"cover"	"He had not covered a hundred yards before a gun crashed from somewhere behind ."	"DYNAMIC"	"DYNAMIC"	"DYNAMIC"
"brown_religion"	"1112"	"cover"	"Searching for the best in spiritual stories , my roving editors cover not only the country , but the whole world ."	"DYNAMIC"	"STATIVE"	"BOTH"
"brown_religion"	"1113"	"cover"	"You can imagine what it would look like going out on the turnpike with the peas banked up against the houses and covering the cars ; ;"	"CONTEXT"	"STATIVE"	"BOTH"
"brown_lore"	"1114"	"cover"	"Upper teeth completely covering the lowers when the back teeth close ."	"CONTEXT"	"STATIVE"	"BOTH"
"brown_learned"	"1115"	"cover"	"To the west of this road was another low bluff , forty or fifty feet high , covered with scrub oak and other brush ."	"STATIVE"	"STATIVE"	"STATIVE"
"brown_hobbies"	"1116"	"cover"	"Fury has made a few mistakes but looks like a wonderful prospect , with his impressive gait and stride which certainly make him cover the ground ."	"DYNAMIC"	"DYNAMIC"	"DYNAMIC"
"brown_romance"	"1117"	"cover"	"They were covered with tiny white blossoms , their scant roots clawing at the stony ground , and wild birds darted in and about and through them so they were nearly alive with the rustle and cry ."	"STATIVE"	"STATIVE"	"STATIVE"
"brown_learned"	"1118"	"cover"	"Part 1 , of the present edition covers the literature to mid-1948 ; ;"	"STATIVE"	"STATIVE"	"STATIVE"
"brown_learned"	"1119"	"cover"	"the former contains no poem dated before 1909 - 10 -- that is , no poem from a period covered by a previous volume -- and the latter has only a few such ."	"STATIVE"	"STATIVEHABITUAL"	"BOTH"
"brown_mystery"	"1120"	"cover"	"I know the killer , have the only road off the peninsula covered '' ."	"DYNAMIC"	"STATIVE"	"BOTH"
"brown_romance"	"1121"	"cover"	"The girls in the market place wore long-sleeved dresses and covered their legs with cloth stockings ."	"STATIVE"	"DYNAMIC"	"BOTH"
"brown_learned"	"1122"	"cover"	"Four washing test procedures are established , varying in severity from very severe to very mild , and are intended to cover the range of practical washing from commercial procedure to hand washing ."	"STATIVE"	"BOTH"	"BOTH"
"brown_fiction"	"1123"	"cover"	"When he felt the side of his head , his fingers came away covered with blood ."	"STATIVE"	"STATIVE"	"STATIVE"
"brown_adventure"	"1124"	"cover"	"He walked right up to the fire as though blissfully unaware of the guns covering him ."	"STATIVE"	"STATIVE"	"STATIVE"
"brown_mystery"	"1125"	"cover"	"For the first time in his life he forgot the lyrics midway through and had to cover up by humming the rest ."	"DYNAMIC"	"DYNAMIC"	"DYNAMIC"
"brown_government"	"1126"	"cover"	"A covered container such as a kitchen garbage pail might do as a toilet ."	"STATIVE"	"STATIVE"	"STATIVE"
"brown_lore"	"1127"	"cover"	"The King should expect no profit , and an advance of only 20 per cent above the cost in France , which would cover the expense of transportation and handling , was all he charged the traders ."	"DYNAMIC"	"STATIVE"	"BOTH"
"brown_fiction"	"1128"	"cover"	"The bombproof was a low-ceilinged structure of heavy timbers covered with earth ."	"STATIVE"	"STATIVE"	"STATIVE"
"brown_learned"	"1129"	"cover"	"As can be seen from Figure 2 , an extensive area was covered by this aerosol ."	"DYNAMIC"	"DYNAMIC"	"DYNAMIC"
"brown_learned"	"1130"	"cover"	"The intimal surface of the aorta was covered with confluent , yellow-brown , hard , friable plaques along its entire course , and there was a marked narrowing of the orifices of the large major visceral arteries ."	"STATIVE"	"STATIVE"	"STATIVE"
"brown_belles_lettres"	"1131"	"cover"	"It is covered ( partly ) with water , air is atop of that ."	"STATIVE"	"STATIVE"	"STATIVE"
"brown_hobbies"	"1132"	"cover"	"The first bridge known to have been covered wholly or in part , -- and perhaps the most interesting one , connected Newbury ( now Newburyport ) with Salisbury Point ."	"STATIVE"	"STATIVE"	"STATIVE"
"brown_romance"	"1133"	"cover"	"His head undulated gradually , covering space , to come straining beneath the taut belly within the warmth of those teats ."	"DYNAMIC"	"DYNAMIC"	"DYNAMIC"
"brown_hobbies"	"1134"	"cover"	"It's cheaper to buy Wall-Tex and cover your outdoor table ."	"DYNAMIC"	"DYNAMIC"	"DYNAMIC"
"brown_learned"	"1135"	"cover"	"In addition , the inner surface of the carbon shield was covered with aluminum foil to reduce radiation ."	"STATIVE"	"STATIVE"	"STATIVE"
"brown_news"	"1136"	"cover"	"The Plus Two remain at a fixed position with drums and guitar but the quartet covers the stage with a batch of instruments ranging from tuba to tambourine , and the beat is solid ."	"BOTH"	"DYNAMIC"	"BOTH"
"brown_learned"	"1137"	"cover"	"The mean temperature of the surface was then computed according to the following relation : Af where x is the fraction of the plug area covered by the hot spot ."	"BOTH"	"STATIVE"	"BOTH"
"brown_news"	"1138"	"cover"	"Already , however , several of the turnpikes are earning enough to cover interest requirements by comfortable margins ."	"STATIVE"	"STATIVE"	"STATIVE"
"brown_learned"	"1139"	"cover"	"The vast number of compounds to be covered , the limited resources to do the job , and the immediate need for this type of compilation precluded a thorough evaluation of all available data in the present edition ."	"DYNAMIC"	"DYNAMIC"	"DYNAMIC"
"brown_adventure"	"1140"	"cover"	"`` You'll stay right here '' , commanded Bill Doolin , covering Red with his rifle ."	"DYNAMIC"	"STATIVE"	"BOTH"
"brown_hobbies"	"1141"	"cover"	"We divided the country into five regions plus Hawaii and Alaska and in each is included a general description of the area plus specific recommendations of places and events to cover ."	"DYNAMIC"	"DYNAMIC"	"DYNAMIC"
"brown_hobbies"	"1142"	"cover"	"In the earlier years of training certain phases of the work must be covered and the synthetic problem has its use ."	"DYNAMIC"	"DYNAMIC"	"DYNAMIC"
"brown_news"	"1143"	"cover"	"Her position covers a number of daily tasks common to any social director ."	"STATIVE"	"STATIVE"	"STATIVE"
"brown_hobbies"	"1144"	"cover"	"It is roughly shaped like a large pear , and when properly ripened , its dark green skin covers a meaty , melon-like pulp that has about the consistency of a ripe Bartlett pear , but oily ."	"STATIVE"	"STATIVE"	"STATIVE"
"brown_religion"	"1145"	"cover"	"we cover each of these with our blanket of peas and then at last we have octillion peas corresponding in number to the atoms in the body ."	"DYNAMIC"	"DYNAMIC"	"DYNAMIC"
"brown_hobbies"	"1146"	"cover"	"They are made of gold and covered with emeralds , pearls and other jewels ."	"STATIVE"	"STATIVE"	"STATIVE"
"brown_learned"	"1147"	"cover"	"About 11 percent of the total population was covered in the new investigation , as compared with about 3 percent in the previous inquiries ."	"BOTH"	"DYNAMIC"	"BOTH"
"brown_lore"	"1148"	"cover"	"Any street meeting , sacred or secular , which he and his colleagues uneasily cover has as its explicit or implicit burden the cruelty and injustice of the white domination ."	"DYNAMIC"	"DYNAMIC"	"DYNAMIC"
"brown_adventure"	"1149"	"cover"	"He was pressed far back into the corner of the car on his hay sacks , the rattling and tinning of the wheels on the rails almost covering the sound of his ocarina ."	"DYNAMIC"	"STATIVE"	"BOTH"
"brown_religion"	"1150"	"cover"	"so we get the whole state covered with peas , about four feet deep ."	"STATIVE"	"BOTH"	"BOTH"
"brown_belles_lettres"	"1151"	"cover"	"Every path from back door to barn was covered by a grape-arbor , and every yard had its fruit trees ."	"STATIVE"	"STATIVE"	"STATIVE"
"brown_religion"	"1152"	"cover"	"Next we imagine our blizzard raging over all the land areas of the entire globe -- North America , South America , Europe , Asia , and Africa , all covered with peas four feet deep ; ;"	"STATIVE"	"STATIVE"	"STATIVE"
"brown_lore"	"1153"	"cover"	"There is no accounting of his movements in this long gap of time which covers the early hours when Mrs. Borden was killed ."	"STATIVE"	"STATIVE"	"STATIVE"
"brown_learned"	"1154"	"cover"	"These countries must formulate a comprehensive , long-term program covering the objectives of both the private and the public sectors of the economy ."	"STATIVE"	"STATIVE"	"STATIVE"
"brown_learned"	"1155"	"cover"	"Some of them were then covered with a drop of Af in a moist chamber at 24-degrees for 30 - 40 minutes ."	"DYNAMIC"	"DYNAMIC"	"DYNAMIC"
"brown_mystery"	"1156"	"cover"	"Somehow , Blanche managed to cover the stunned surprise and offer her congratulations ."	"DYNAMIC"	"DYNAMIC"	"DYNAMIC"
"brown_adventure"	"1157"	"cover"	"The ground was covered with soft pine needles and the slope was gentle ."	"STATIVE"	"STATIVE"	"STATIVE"
"brown_science_fiction"	"1158"	"cover"	"Somehow , all the other passengers ( also supposed to have died in this web of elaborate frauds to cover up the disappearance of the personnel of the Gabriel ) had simultaneously `` agreed '' to die ."	"DYNAMIC"	"DYNAMIC"	"DYNAMIC"
"brown_belles_lettres"	"1159"	"cover"	"No amount of ballyhoo will cover up the sordid facts ."	"DYNAMIC"	"DYNAMIC"	"DYNAMIC"
"brown_lore"	"1160"	"cover"	"This mountain was known as The Black Reef and it rose almost perpendicularly for about two hundred feet , honeycombed with caves , top covered with dense scrub and creepers and tall grass ."	"STATIVE"	"STATIVE"	"STATIVE"
"brown_hobbies"	"1161"	"cover"	"An old shipwreck , a high dam , an old covered bridge , a place to find agates or other semi-precious stones or a place to pan gold , etcetera may be of interest ."	"STATIVE"	"STATIVE"	"STATIVE"
"brown_government"	"1162"	"cover"	"The initial suppression activities would cover about twice the acreage currently being treated ."	"BOTH"	"DYNAMIC"	"BOTH"
"brown_mystery"	"1163"	"cover"	"He took several large swallows , recollected that Docherty had gone up another flight , and decided he would be wise to cover himself by finding him ."	"DYNAMIC"	"DYNAMIC"	"DYNAMIC"
"brown_mystery"	"1164"	"cover"	"The corpse was on a table , covered by a sheet ."	"STATIVE"	"STATIVE"	"STATIVE"
"brown_news"	"1165"	"cover"	"Meanwhile , there appears to be enough money in the road's reserve fund to cover the interest deficiency for eight more years ."	"BOTH"	"DYNAMIC"	"BOTH"
"brown_news"	"1166"	"cover"	"The city has sued for the full amount of the $172,400 performance bond covering the contract ."	"STATIVE"	"STATIVE"	"STATIVE"
"brown_lore"	"1167"	"cover"	"Cow's milk was another cure for burns , and burns covered with gum arabic or plain mucilage healed quickly ."	"DYNAMIC"	"BOTH"	"BOTH"
"brown_belles_lettres"	"1168"	"cover"	"Lewis could let his eye caress The Prince's divan , covered with a rose-pink and silver Turkish cloth , or admire the lovely tapis , interwoven with gold , that spread across the floor ."	"STATIVE"	"STATIVE"	"STATIVE"
"brown_hobbies"	"1169"	"cover"	"Just as modern transportation has outmoded the early Studebaker covered wagon , the demand of today's sportsmen and women has necessitated changes in their equipment ."	"STATIVE"	"STATIVE"	"STATIVE"
"brown_learned"	"1170"	"cover"	"As controls other sections were similarly covered with Aj ."	"CONTEXT"	"BOTH"	"BOTH"
"brown_lore"	"1171"	"cover"	"Udall argues that Interior affairs should cover a great deal more than dams and wildlife preserves ."	"STATIVE"	"STATIVE"	"STATIVE"
"brown_news"	"1172"	"cover"	"They provided a social security system which covered all their African employes ; ;"	"STATIVE"	"STATIVE"	"STATIVE"
"brown_science_fiction"	"1173"	"cover"	"This time B'dikkat smiled pleasantly at the little head which had grown out of Mercer's thigh -- a sleeping child's head , covered with light hair on top and with dainty eyebrows over the resting eyes ."	"STATIVE"	"STATIVE"	"STATIVE"
"brown_romance"	"1174"	"cover"	"I even ferreted out the materials from which shields were made -- linden wood covered with leather -- so I'd get the light reflections accurate ."	"STATIVE"	"STATIVE"	"STATIVE"
"brown_learned"	"1175"	"cover"	"Often the burrows are only an inch or two apart , and the bee cities cover several acres ."	"STATIVE"	"STATIVE"	"STATIVE"
"brown_lore"	"1176"	"cover"	"Reefs are left high and dry , and the beaches are covered with stranded fish ."	"STATIVE"	"STATIVE"	"STATIVE"
"brown_belles_lettres"	"1177"	"cover"	"front fences were covered with Virginia creeper or trumpet vines or honeysuckle ."	"STATIVE"	"STATIVE"	"STATIVE"
"brown_hobbies"	"1178"	"cover"	"Leave the clay on plaster board to dry slowly , covered lightly with a loose piece of plastic or cloth to prevent warping ."	"STATIVE"	"STATIVE"	"STATIVE"
"brown_hobbies"	"1179"	"cover"	"Inside , the walls are covered with blue and white tile , the floor with red and cream carpets ."	"STATIVE"	"STATIVE"	"STATIVE"
"brown_adventure"	"1180"	"cover"	"Once Todman thought he had spotted a tank and went down to investigate while Greg covered him ."	"DYNAMIC"	"DYNAMIC"	"DYNAMIC"
"brown_government"	"1181"	"cover"	"The Secretary of the Treasury is authorized and directed to cover into -- ( 1 )"	"CONTEXT"	"DYNAMIC"	"BOTH"
"brown_belles_lettres"	"1182"	"cover"	"It is beyond the province of this epilogue to cover policy questions of such depth and range ."	"DYNAMIC"	"BOTH"	"BOTH"
"brown_reviews"	"1183"	"cover"	"Some remained in the Wollman enclosure , fortified with raincoats or with newspapers to cover their heads ."	"DYNAMIC"	"DYNAMIC"	"DYNAMIC"
"brown_government"	"1184"	"cover"	"It would have to be covered with at least 28 inches of pit-run gravel ."	"BOTH"	"BOTH"	"BOTH"
"brown_adventure"	"1185"	"cover"	"Powers was covering the remaining guard ."	"DYNAMIC"	"BOTH"	"BOTH"
"brown_lore"	"1186"	"cover"	"when they reached the boy , the father sliced a new plug of tobacco , put the scalp back in place , and covered the raw edges with the slices ."	"DYNAMIC"	"DYNAMIC"	"DYNAMIC"
"brown_learned"	"1187"	"cover"	"More extended systems , covering all passage into the Caribbean , would free the Caribbean and the Gulf of Mexico from the previously listed requirements ."	"STATIVE"	"STATIVE"	"STATIVE"
"brown_government"	"1188"	"cover"	"There shall be covered into the Treasury to the credit of the proper special fund all funds hereinafter specified ."	"CONTEXT"	"CONTEXT"	"CONTEXT"
"brown_romance"	"1189"	"cover"	"The mural around the wall depicted early settlers in covered wagons , who appeared much more animated than the gamblers ."	"STATIVE"	"STATIVE"	"STATIVE"
"brown_lore"	"1190"	"cover"	"The blonde's nude body was in bed , a green sheet and a pink blanket covered her ."	"STATIVE"	"STATIVE"	"STATIVE"
"brown_fiction"	"1191"	"cover"	"No drummers here , no pipers , and the red coats were covered with a fine film of dust ."	"DYNAMIC"	"STATIVE"	"BOTH"
"brown_government"	"1192"	"cover"	"The assignment and use of vehicles after purchase is another matter to be covered in detail later ."	"DYNAMIC"	"DYNAMIC"	"DYNAMIC"
"brown_government"	"1193"	"cover"	"The roof shown here ( fig. 9 ) is a 6-inch slab of reinforced concrete , covered with at least 20 inches of pit-run gravel ."	"STATIVE"	"STATIVE"	"STATIVE"
"brown_hobbies"	"1194"	"cover"	"Passing it , the bus climbed a hill , with the covered spice bazaar on the right and Pandelli's , a famous and excellent restaurant , above it ."	"STATIVE"	"STATIVE"	"STATIVE"
"brown_learned"	"1195"	"cover"	"A brown hatching reinforces and broadens shadows , and much of the background is solidly covered with a dark coat ."	"STATIVE"	"STATIVE"	"STATIVE"
"brown_hobbies"	"1196"	"cover"	"Since the sides are also covered up to the spray rails , they are also rough-sanded in that area ."	"STATIVE"	"STATIVE"	"STATIVE"
"brown_hobbies"	"1197"	"cover"	"In one company covering the country with a high-quality sales force of 10 men , the president personally phones each major account every 6 mos. ."	"DYNAMIC"	"STATIVEHABITUAL"	"BOTH"
"brown_learned"	"1198"	"cover"	"As many as seven decades of the time scale were thus covered isothermally ."	"CONTEXT"	"STATIVE"	"BOTH"
"brown_hobbies"	"1199"	"cover"	"The historical sign tells its story , but nothing gets interest across as well as some of the original historical items or places themselves which still have the character of the period covered ."	"STATIVE"	"BOTH"	"BOTH"
"brown_learned"	"1200"	"cover"	"Extrapolation of this relationship through the thirtieth magnitude covers the range of micrometeorites ."	"STATIVE"	"STATIVE"	"STATIVE"
"brown_learned"	"1201"	"cover"	"In fact , once the size is big enough to cover a whole wall , it turns into nothing more than extremely expensive wallpaper ."	"STATIVE"	"DYNAMIC"	"BOTH"
"brown_government"	"1202"	"cover"	"They are written by specialists in numerous types of business enterprises , cover a wide range of subjects , and are directed to the needs and interests of the small firm ."	"STATIVE"	"DYNAMIC"	"BOTH"
"brown_learned"	"1203"	"cover"	"Five drying test procedures are established to cover the range of drying techniques used in the home and commercial laundry ."	"STATIVE"	"STATIVE"	"STATIVE"
"brown_hobbies"	"1204"	"cover"	"Boating has become a giant whose strides cover the entire nation from sea to shining sea ."	"STATIVE"	"BOTH"	"BOTH"
"brown_news"	"1205"	"cover"	"Add enough warmed cream , seasoned to taste with onion juice , to about half cover the chicken breasts ."	"STATIVE"	"DYNAMIC"	"BOTH"
"brown_religion"	"1206"	"cover"	"The sessions should cover four major areas : A"	"STATIVE"	"STATIVE"	"STATIVE"
"brown_adventure"	"1207"	"cover"	"Setting a course straight for the house , he was covering ground fast when an angry bee buzzed past close to his face ."	"DYNAMIC"	"DYNAMIC"	"DYNAMIC"
"brown_learned"	"1208"	"cover"	"This publication covers the old literature ( Groth ) ; ;"	"STATIVE"	"STATIVE"	"STATIVE"
"brown_adventure"	"1209"	"cover"	"Out in front of our walls the grass was covered with dead and dying men , war shields , lances , blankets and wounded and dead horses ."	"STATIVE"	"STATIVE"	"STATIVE"
"brown_government"	"1210"	"cover"	"All amounts so deducted shall be covered into the Treasury to the credit of miscellaneous receipts ."	"DYNAMIC"	"DYNAMIC"	"DYNAMIC"
"brown_fiction"	"1211"	"cover"	"The bulk of the press corps was covering Rheinholdt's conference ."	"DYNAMIC"	"STATIVE"	"BOTH"
"brown_learned"	"1212"	"cover"	"As can be seen from these dosage isopleths , approximately 100 square miles was covered within the area sampled ."	"CONTEXT"	"STATIVE"	"BOTH"
"brown_lore"	"1213"	"cover"	"When in place , a well-cemented band actually protects the part of the tooth that is covered ."	"STATIVE"	"STATIVE"	"STATIVE"
"brown_humor"	"1214"	"cover"	"It-wit is a misnomer because it covers slips as well as wit ."	"STATIVE"	"STATIVE"	"STATIVE"
"brown_government"	"1215"	"cover"	"The last roof boards are covered with blocks from outside the shelter ."	"BOTH"	"STATIVE"	"BOTH"
"brown_learned"	"1216"	"cover"	"But our present interest lies in the measurement of costs of service , and only indirectly in rates that may or may not be designed to cover these costs ."	"DYNAMIC"	"STATIVE"	"BOTH"
"brown_news"	"1217"	"cover"	"The city is not adequately compensated for the services covered by the fees , he said ."	"STATIVE"	"STATIVE"	"STATIVE"
"brown_learned"	"1218"	"cover"	"It is quite likely that an even greater area was covered , particularly downwind ."	"BOTH"	"STATIVE"	"BOTH"
"brown_lore"	"1219"	"cover"	"Upon arriving at Baltimore , Selkirk on December 22 wrote to John Quincy Adams , Secretary of State at Washington , inquiring about laws covering trade with `` Missouri and Illinois Territories '' ."	"STATIVE"	"STATIVE"	"STATIVE"
"brown_learned"	"1220"	"cover"	"There will be a comprehensive index in Volume 3 , covering all three volumes ."	"STATIVE"	"BOTH"	"BOTH"
"brown_learned"	"1221"	"cover"	"instead they divided the surface into many bands or covered it by all-over patterns into which freehand drawing began to creep ."	"DYNAMIC"	"DYNAMIC"	"DYNAMIC"
"brown_lore"	"1222"	"cover"	"An animal covered with splotches or spots of different colors was called a `` brindle '' or `` brockle '' ."	"STATIVE"	"STATIVE"	"STATIVE"
"brown_mystery"	"1223"	"cover"	"She ate what she could and went out along the covered passageway , with the rain dripping from the vines ."	"STATIVE"	"STATIVE"	"STATIVE"
"brown_hobbies"	"1224"	"cover"	"They did not complain at the inhuman hour of starting ( seven in the morning ) , nor of the tariff , which was reasonable since it covered everything but the tobacco ."	"STATIVE"	"STATIVE"	"STATIVE"
"brown_lore"	"1225"	"cover"	"The hymen is , in essence , a fragile membrane that more or less completely covers the entrance to the vagina in most female human beings who have not had sex relations ."	"STATIVE"	"BOTH"	"BOTH"
"brown_learned"	"1226"	"cover"	"There are formula and name indexes covering both parts ."	"STATIVE"	"STATIVE"	"STATIVE"
"brown_learned"	"1227"	"cover"	"Systems covering the Gulf of St. Lawrence and possibly the entire coasts of the United States are not impossible ."	"STATIVE"	"STATIVE"	"STATIVE"
"brown_news"	"1228"	"cover"	"The job also covers a number of other items ."	"CONTEXT"	"STATIVE"	"BOTH"
"brown_learned"	"1229"	"cover"	"Finding it true that he was not inside , the deputies returned to the first house and tore holes through the side and the roof until they could see a body on the bed covered by a blanket ."	"STATIVE"	"STATIVE"	"STATIVE"
"brown_learned"	"1230"	"cover"	"From these dosage isopleths it can be seen that an area of over 34,000 square miles was covered ."	"BOTH"	"STATIVE"	"BOTH"
"brown_adventure"	"1231"	"cover"	"He caught up with me once and grabbed me , but I was all covered with zing -- it's very slippery , you know '' ."	"STATIVE"	"STATIVE"	"STATIVE"
"brown_news"	"1232"	"cover"	"Both are good , daring fielders : Mantle covers more ground ; ;"	"CONTEXT"	"DYNAMIC"	"BOTH"
"brown_hobbies"	"1233"	"cover"	"The battens covering the joints are of Af stock and are applied after the walls are erected ."	"STATIVE"	"STATIVE"	"STATIVE"
"brown_learned"	"1234"	"cover"	"The realm of science , whatever the degree of precision in formulations , covers the range of prediction and explanation ."	"STATIVE"	"STATIVEHABITUAL"	"BOTH"
"brown_reviews"	"1235"	"cover"	"Then , in chronological order , Mr. White covers the primary campaigns , the conventions and the Presidential campaign itself ."	"DYNAMIC"	"DYNAMIC"	"DYNAMIC"
"brown_adventure"	"1236"	"cover"	"But it was only Johnson reaching around the wire chicken fencing , which half covered the truck cab's glassless rear window ."	"STATIVE"	"STATIVE"	"STATIVE"
"brown_hobbies"	"1237"	"cover"	"Your insurance , too , with most agencies , is provided with the car , covering comprehensive fire , theft , liability and collision with a deductible clause which varies in different countries ."	"STATIVE"	"STATIVE"	"STATIVE"
"brown_news"	"1238"	"cover"	"In the 12 months ended in February , 1960 , the highway earned enough to cover 64 per cent of its interest load -- with the remainder paid out of initial reserves ."	"DYNAMIC"	"DYNAMIC"	"DYNAMIC"
"brown_adventure"	"1239"	"cover"	"`` Yes , I'm still all covered with that soap ."	"STATIVE"	"STATIVE"	"STATIVE"
"brown_fiction"	"1240"	"cover"	"Together he and Argiento built the stand , covering it with blankets ."	"DYNAMIC"	"DYNAMIC"	"DYNAMIC"
"brown_reviews"	"1241"	"cover"	"The greenhouses alone cover 3-1/2 acres ."	"STATIVE"	"STATIVE"	"STATIVE"
"brown_editorial"	"1242"	"cover"	"The lack of scientific unanimity on the effects of radiation is due in part to insufficient data covering large population groups , from which agreed-on generalizations could be drawn ."	"STATIVE"	"STATIVE"	"STATIVE"
"brown_lore"	"1243"	"allow"	"William's threat that under no conditions would he allow `` freedom-conscious '' slaves to mix with his own was not carried out , for the plantation continued in operation as before ."	"DYNAMIC"	"DYNAMIC"	"DYNAMIC"
"brown_lore"	"1244"	"allow"	"With the exception of the Roman Catholic and the Orthodox Catholic Churches , most churches make no moral distinction between rhythm and mechanical or chemical contraceptives , allowing the couple free choice ."	"BOTH"	"STATIVE"	"BOTH"
"brown_hobbies"	"1245"	"allow"	"We allow no underwater endurance contests , either , or inexpert versions of water polo ."	"STATIVE"	"STATIVEHABITUAL"	"BOTH"
"brown_editorial"	"1246"	"allow"	"When the end did come , and the schools were disbanded and abandoned , we felt and hoped that the machinery of psychological warfare would not be allowed to rust ."	"BOTH"	"STATIVE"	"BOTH"
"brown_news"	"1247"	"allow"	"The Junior Achievement program is designed to give teenagers practical experience in business by allowing them actually to form small companies , under the guidance and sponsorship of business firms ."	"DYNAMIC"	"DYNAMIC"	"DYNAMIC"
"brown_hobbies"	"1248"	"allow"	"Be sure it is well saturated and then allow it to harden ."	"DYNAMIC"	"DYNAMIC"	"DYNAMIC"
"brown_government"	"1249"	"allow"	"The deductions allowed in determining Adjusted Gross Income put all taxpayers on a comparable basis ."	"STATIVE"	"STATIVE"	"STATIVE"
"brown_reviews"	"1250"	"allow"	"Similarly , in presenting still photographs of early jazz groups , the program allowed no time for a close perusal ."	"STATIVE"	"DYNAMIC"	"BOTH"
"brown_government"	"1251"	"allow"	"If , in the trustee's judgment , `` reasonable market conditions '' did not prevail during any given year , he was to be allowed to petition the court for an extension of time within the ten-year period ."	"DYNAMIC"	"DYNAMIC"	"DYNAMIC"
"brown_government"	"1252"	"allow"	"During the discharge the magnetic forces set up by the passage of current cause the edges of the foil to roll inward toward its center line , thus allowing light to pass into the camera ."	"DYNAMIC"	"STATIVE"	"BOTH"
"brown_hobbies"	"1253"	"allow"	"First and foremost : No one -- no , not anyone -- in the family is allowed to issue blanket invitations to his or her own circle ."	"STATIVE"	"STATIVE"	"STATIVE"
"brown_lore"	"1254"	"allow"	"Palfrey had already made up his mind that he would allow the men , but not the women , to choose freely whether or not to go North for freedom ."	"DYNAMIC"	"DYNAMIC"	"DYNAMIC"
"brown_news"	"1255"	"allow"	"A patient could receive up to 300 days paid-for nursing home care under a `` unit formula '' allowing more of such care for those who use none or only part of the hospital-care credit ."	"BOTH"	"STATIVE"	"BOTH"
"brown_learned"	"1256"	"allow"	"To proceed from one stage to the next a sufficient number of feed states must be investigated to allow for interpolation ; ;"	"DYNAMIC"	"STATIVE"	"BOTH"
"brown_news"	"1257"	"allow"	"The company has billed the United States Government for $7,500,000 of these expenses under the Defense Department regulation allowing costs of a type generally recognized as ordinary and necessary for the conduct of the contractor's business ."	"STATIVE"	"DYNAMIC"	"BOTH"
"brown_government"	"1258"	"allow"	"Actual mileage allowances are itemized reimbursements allowed employees for the use of personally-owned vehicles on state business at the rate of $.07 per mile ."	"STATIVE"	"STATIVE"	"STATIVE"
"brown_government"	"1259"	"allow"	"With few exceptions travelers on state business are allowed actual travel expenses and $15 per day subsistence ."	"STATIVE"	"STATIVE"	"STATIVE"
"brown_news"	"1260"	"allow"	"The measure allows such companies in those years to apply their mineral depletion allowances to 50% of the value of the finished products rather than the lower value of raw clay alone ."	"DYNAMIC"	"STATIVEHABITUAL"	"BOTH"
"brown_hobbies"	"1261"	"allow"	"A new radial drill press with a 16 inch capacity has a tilting head that allows drilling to be done at any angle ."	"STATIVE"	"STATIVE"	"STATIVE"
"brown_religion"	"1262"	"allow"	"It is the power that holds the stars in their orbits , but allows the wind to bend a blade of grass ."	"STATIVEHABITUAL"	"STATIVE"	"BOTH"
"brown_news"	"1263"	"allow"	"He suggested that a regrouping of forces might allow the average voter a better pull at the right lever for him on election day ."	"DYNAMIC"	"DYNAMIC"	"DYNAMIC"
"brown_belles_lettres"	"1264"	"allow"	"What is the history of criticism but the history of men attempting to make sense of the manifold elements in art that will not allow themselves to be reduced to a single philosophy or a single aesthetic theory ? ?"	"DYNAMIC"	"DYNAMIC"	"DYNAMIC"
"brown_learned"	"1265"	"allow"	"When the patient was not allowed to move his body in any way at all , the following striking results occurred ."	"STATIVE"	"DYNAMIC"	"BOTH"
"brown_fiction"	"1266"	"allow"	"He was allowed to spend his nights at an inn near the hospital and he was given some extra money to go to the pachinko parlor -- an excellent place to make contact with the enemy ."	"STATIVE"	"STATIVE"	"STATIVE"
"brown_learned"	"1267"	"allow"	"that they can give up their control and allow themselves to be reactors rather than actors ."	"DYNAMIC"	"DYNAMIC"	"DYNAMIC"
"brown_government"	"1268"	"allow"	"Budgeting must be flexible to allow adaptation to the rapid changes in scientific and technological scholarship ."	"STATIVE"	"STATIVE"	"STATIVE"
"brown_hobbies"	"1269"	"allow"	"Pre-attack reconnaissance is vital but only post-attack reconnaissance will allow us to terminate the war favorably ."	"DYNAMIC"	"DYNAMIC"	"DYNAMIC"
"brown_hobbies"	"1270"	"allow"	"press eraser of pencil gently 1/4'' '' deep into deep clay to allow vent for proper drying and firing ."	"BOTH"	"DYNAMIC"	"BOTH"
"brown_hobbies"	"1271"	"allow"	"The fruit is allowed to mature on the tree , but it is still firm at this point ."	"STATIVE"	"STATIVE"	"STATIVE"
"brown_belles_lettres"	"1272"	"allow"	"Fred and Ralph qualified as executors and paid off what debts were currently due , and they were all current , since Papa was never one to allow bills to go unpaid ."	"DYNAMIC"	"DYNAMIC"	"DYNAMIC"
"brown_hobbies"	"1273"	"allow"	"if inner lid is too big , trim to fit , allowing room for thickness of glaze ."	"DYNAMIC"	"STATIVE"	"BOTH"
"brown_news"	"1274"	"allow"	"Principal Clayton W. Pohly said he would allow a further collection between classes today , and revealed that Y-Teen Club past surpluses had been used to provide a private hospital nurse Monday for Mrs. Kowalski ."	"DYNAMIC"	"DYNAMIC"	"DYNAMIC"
"brown_news"	"1275"	"allow"	"So in the name of justice the magistrate cleared the court of all except officials to allow the captain to elaborate for almost an hour ."	"DYNAMIC"	"DYNAMIC"	"DYNAMIC"
"brown_reviews"	"1276"	"allow"	"but when the sounds of the two speakers are allowed to mix , there is excellent depth and dimension to the music ."	"DYNAMIC"	"DYNAMIC"	"DYNAMIC"
"brown_belles_lettres"	"1277"	"allow"	"As for missionaries , even if they succeeded in getting into the country they probably would not be allowed to preach the Christian faith to the Burmans ."	"STATIVE"	"STATIVE"	"STATIVE"
"brown_hobbies"	"1278"	"allow"	"Recess base slightly to allow room for stopper ."	"DYNAMIC"	"DYNAMIC"	"DYNAMIC"
"brown_religion"	"1279"	"allow"	"and God allowed it ."	"DYNAMIC"	"DYNAMIC"	"DYNAMIC"
"brown_news"	"1280"	"allow"	"New Mexico's Clint Anderson offered a resolution to change the Senate's notorious Rule 22 to allow three-fifths of the Senators present and voting to cut off debate , instead of the current hard-to-get two-thirds ."	"DYNAMIC"	"DYNAMIC"	"DYNAMIC"
"brown_learned"	"1281"	"allow"	"Extraordinary precautions were taken so that no stranger be allowed in the city and no citizen within the enclosure surrounding the scaffold ."	"DYNAMIC"	"DYNAMIC"	"DYNAMIC"
"brown_belles_lettres"	"1282"	"allow"	"He was allowed forty-four pounds in all , including fees to the masters of requests , Mr. Fanshawe of the Exchequer , the solicitor general , and other officials and their clerks ."	"STATIVE"	"DYNAMIC"	"BOTH"
"brown_hobbies"	"1283"	"allow"	"Now when Henri has completed four complete Push-Pull Super-Sets No. 1 , the professor allows him about a five-minute rest period before starting him on four complete Push-Pull Super-Sets No. 2 ."	"DYNAMIC"	"DYNAMIC"	"DYNAMIC"
"brown_adventure"	"1284"	"allow"	"`` Since when did they allow beardless kids into the saloon bars of this town , boys '' ? ?"	"STATIVE"	"DYNAMIC"	"BOTH"
"brown_government"	"1285"	"allow"	"A minor child is allowed A personal exemption of $600 on his own return regardless of how much money he may earn ."	"STATIVE"	"STATIVE"	"STATIVE"
"brown_learned"	"1286"	"allow"	"but the mood is not quite nostalgic -- Hardy would not allow sentiment to soften his sense of the irredeemable pastness of the past , and the eternal deadness of the dead ."	"DYNAMIC"	"STATIVE"	"BOTH"
"brown_adventure"	"1287"	"allow"	"The easiest thing would be to sell out to Al Budd and leave the country , but there was a stubborn streak in him that wouldn't allow it ."	"DYNAMIC"	"DYNAMIC"	"DYNAMIC"
"brown_hobbies"	"1288"	"allow"	"A Barrette Swiss pattern file is handy since its triangular shape with only one cutting face will allow you to work a surface without marring an adjoining one ."	"DYNAMIC"	"DYNAMIC"	"DYNAMIC"
"brown_editorial"	"1289"	"allow"	"John then allowed him to come ."	"DYNAMIC"	"DYNAMIC"	"DYNAMIC"
"brown_fiction"	"1290"	"allow"	"The men of your company would not allow your name dishonored ."	"DYNAMIC"	"STATIVE"	"BOTH"
"brown_belles_lettres"	"1291"	"allow"	"When these chores were finished , only then , was she allowed whatever freedom she could find ."	"BOTH"	"DYNAMIC"	"BOTH"
"brown_adventure"	"1292"	"allow"	"If he wondered whether the attackers would allow him to pull away unmolested , he had his answer a moment later ."	"DYNAMIC"	"DYNAMIC"	"DYNAMIC"
"brown_government"	"1293"	"allow"	"The use of 100 instead of 140 substance paper plus the adoption of side stapling beginning with the May 1960 issue reduced costs sufficiently to allow completion of the fiscal year with nearly $4,000 in unexpended funds ."	"DYNAMIC"	"DYNAMIC"	"DYNAMIC"
"brown_mystery"	"1294"	"allow"	"That wasn't too far from Fifth Street , and should allow him to make Scotty's Bar by midnight ."	"DYNAMIC"	"STATIVE"	"BOTH"
"brown_government"	"1295"	"allow"	"There will come a time in a basement shelter when the radiation has decayed enough to allow use of the whole basement ."	"DYNAMIC"	"DYNAMIC"	"DYNAMIC"
"brown_learned"	"1296"	"allow"	"( 1 ) The regular sections do not allow freshmen ; ;"	"STATIVE"	"CONTEXT"	"BOTH"
"brown_hobbies"	"1297"	"allow"	"and an administrative organization to take the routine load away from department managers and project engineers as much as possible , thus allowing them more time for strictly technical work ."	"BOTH"	"DYNAMIC"	"BOTH"
"brown_learned"	"1298"	"allow"	"it must be flexible enough to allow for technological breakthroughs , scientific progress , and changes in world conditions ."	"STATIVE"	"DYNAMIC"	"BOTH"
"brown_news"	"1299"	"allow"	"Beyond that , Allied disagreement about military intervention in Laos -- despite warnings that they might do so -- allowed Moscow to carry out with impunity a series of military and diplomatic moves that greatly strengthened the pro-Communist forces ."	"DYNAMIC"	"DYNAMIC"	"DYNAMIC"
"brown_belles_lettres"	"1300"	"allow"	"After allowing for group exposures , it is apparent that other factors must be considered if we are to comprehend fanaticism ."	"DYNAMIC"	"DYNAMIC"	"DYNAMIC"
"brown_editorial"	"1301"	"allow"	"An agreement allowing convicts to pass on type of locks used on prison doors ."	"DYNAMIC"	"STATIVE"	"BOTH"
"brown_hobbies"	"1302"	"allow"	"The music is always allowed the living space needed to attain its full sonority ; ;"	"STATIVE"	"STATIVE"	"STATIVE"
"brown_news"	"1303"	"allow"	"Everybody else was allowed to file off the plane after it touched down at El Paso at 4:18 a.m. ."	"STATIVE"	"STATIVE"	"STATIVE"
"brown_learned"	"1304"	"allow"	"For example , the inflected forms of a word can be represented , insofar as regular inflection allows , by a stem and a set of endings to be attached ."	"STATIVE"	"STATIVE"	"STATIVE"
"brown_news"	"1305"	"allow"	"Special depreciation on new textile machinery may be allowed ."	"BOTH"	"STATIVE"	"BOTH"
"brown_romance"	"1306"	"allow"	"Jenny wished now that she had had Dr. Dunne , feeling that somehow he wouldn't have allowed the dear baby to turn into triplets ."	"DYNAMIC"	"DYNAMIC"	"DYNAMIC"
"brown_lore"	"1307"	"allow"	"In response , the industry allowed the discovery of the motion picture as a form of fiction and thus gave the movies the essential form they have had to this day ."	"DYNAMIC"	"DYNAMIC"	"DYNAMIC"
"brown_religion"	"1308"	"allow"	"God allowed it ."	"DYNAMIC"	"DYNAMIC"	"DYNAMIC"
"brown_belles_lettres"	"1309"	"allow"	"Simms admired the raucous tales emanating from the backwoods , but he had himself social affiliations which would not allow him to approve them fully ."	"STATIVE"	"DYNAMIC"	"BOTH"
"brown_hobbies"	"1310"	"allow"	"These are only halfway measures , and the answer will come when some way is found to allow the technical man in industry to progress without limit in salary and prestige '' ."	"DYNAMIC"	"STATIVE"	"BOTH"
"brown_news"	"1311"	"allow"	"Measure the puppet to determine the height of the light socket , allowing three to four inches above the puppet's head ."	"DYNAMIC"	"DYNAMIC"	"DYNAMIC"
"brown_editorial"	"1312"	"allow"	"Ashamed of our wealth and power , afraid of so-called world opinion and addicted to peace , we have allowed our soft-heartedness to lead to soft-headed policies ."	"DYNAMIC"	"DYNAMIC"	"DYNAMIC"
"brown_adventure"	"1313"	"allow"	"He left the house and almost certain death without even increasing his pace and wondered by what remarkable stroke of Providence he had been allowed to come out alive ."	"DYNAMIC"	"STATIVE"	"BOTH"
"brown_learned"	"1314"	"allow"	"This statement also allows the naming of the index words used by Aj ."	"STATIVE"	"STATIVE"	"STATIVE"
"brown_lore"	"1315"	"allow"	"This was made by putting butter in a pan of water and allowing it to boil ; ;"	"DYNAMIC"	"DYNAMIC"	"DYNAMIC"
"brown_lore"	"1316"	"allow"	"Counsel for the defense , however , shrewdly allowing himself to be swept by the current of dreadful recollections , rarely raised an objection ."	"DYNAMIC"	"DYNAMIC"	"DYNAMIC"
"brown_belles_lettres"	"1317"	"allow"	"It is curious that even centuries of repetition of the yearly cycle did not induce a sufficient degree of confidence to allow people to abandon the ceremonies of the winter solstice ."	"DYNAMIC"	"STATIVE"	"BOTH"
"brown_fiction"	"1318"	"allow"	"Yet he never allowed these models to become fixed in his mind ; ;"	"DYNAMIC"	"DYNAMIC"	"DYNAMIC"
"brown_belles_lettres"	"1319"	"allow"	"Treasonable books striking at the Hanoverian Succession , he complains , are allowed to pass unnoticed ."	"BOTH"	"STATIVE"	"BOTH"
"brown_mystery"	"1320"	"allow"	"he wasn't going to allow himself to be led meekly to the slaughter ."	"DYNAMIC"	"DYNAMIC"	"DYNAMIC"
"brown_lore"	"1321"	"allow"	"William was adamant on one point : under no circumstances would he allow the Negroes to remain on the plantation with his and Henry's slaves if they were told of their coming freedom ."	"DYNAMIC"	"DYNAMIC"	"DYNAMIC"
"brown_belles_lettres"	"1322"	"allow"	"They both measure literature by moral standards , and in their political writings both allow for censorship , but the differences between them are also significant ."	"STATIVE"	"STATIVE"	"STATIVE"
"brown_belles_lettres"	"1323"	"allow"	"If the historian was convinced of his own correctness , then he should not allow his vision to become fogged by disturbing facts ."	"DYNAMIC"	"DYNAMIC"	"DYNAMIC"
"brown_lore"	"1324"	"allow"	"Its folklore and legend , usually disguised as history , are allowed to account for group actions , to provide a focal point for group loyalty , and to become a cohesive force for national identification ."	"STATIVE"	"STATIVE"	"STATIVE"
"brown_lore"	"1325"	"allow"	"All the slaves joined in requesting that they be allowed to delay their departure until the end of the planting season , so that they could get in `` their own little produce '' ."	"BOTH"	"STATIVE"	"BOTH"
"brown_belles_lettres"	"1326"	"allow"	"He had come to learn that a reputation for peculiarity allowed mere field officers a certain leeway at Court ; ;"	"STATIVE"	"STATIVE"	"STATIVE"
"brown_lore"	"1327"	"allow"	"and allowed little initiative in early play and work patterns -- then in adolescence her normal degree of vanity , sensitivity , and preoccupation with whether others find her appearance and behavior acceptable , will be compounded ."	"CONTEXT"	"STATIVE"	"BOTH"
"brown_romance"	"1328"	"allow"	"There was no lock because Herman didn't allow a lock ."	"DYNAMIC"	"DYNAMIC"	"DYNAMIC"
"brown_lore"	"1329"	"allow"	"Palfrey told his wife of his intentions for the first time , and left for New Orleans apprehensively invoking a special blessing of Providence that he might be allowed to see his family again ."	"STATIVE"	"STATIVE"	"STATIVE"
"brown_hobbies"	"1330"	"allow"	"However , the use of tripods is not allowed ."	"STATIVE"	"STATIVE"	"STATIVE"
"brown_lore"	"1331"	"allow"	"Wine bought from a dealer should ideally be allowed to rest for several weeks before it is served ."	"DYNAMIC"	"DYNAMIC"	"DYNAMIC"
"brown_belles_lettres"	"1332"	"allow"	"This does not allow the mystery to invade us ."	"DYNAMIC"	"DYNAMIC"	"DYNAMIC"
"brown_lore"	"1333"	"allow"	"Very old red wines often require several hours of aeration , and any red wine , brought from the cellar within half an hour of mealtime , should be uncorked and allowed some air ."	"DYNAMIC"	"DYNAMIC"	"DYNAMIC"
"brown_learned"	"1334"	"allow"	"But within that framework he allowed for as much flexibility as possible ."	"STATIVE"	"DYNAMIC"	"BOTH"
"brown_government"	"1335"	"allow"	"Exemption also allowed parent ."	"CONTEXT"	"DYNAMIC"	"BOTH"
"brown_editorial"	"1336"	"allow"	"There ought to be a point beyond which we will not allow ourselves to go regardless of what Russia does ."	"DYNAMIC"	"BOTH"	"BOTH"
"brown_learned"	"1337"	"allow"	"No optimism is more baseless than that which believes that the high speed of modern digital computers allows for use of the crudest of methods in searching out a result ."	"STATIVE"	"DYNAMIC"	"BOTH"
"brown_government"	"1338"	"allow"	"Moreover , it allows the present management to reassign vehicles so that mileage will be more uniformly distributed throughout the fleet ; ;"	"DYNAMIC"	"DYNAMIC"	"DYNAMIC"
"brown_hobbies"	"1339"	"allow"	"While clay is still pressed in mold , press three equally spaced holes 1/4'' '' deep , using pencil eraser , in bottom of clay to allow for proper drying and firing ."	"DYNAMIC"	"STATIVE"	"BOTH"
"brown_learned"	"1340"	"allow"	"Washing is continued for 30 minutes or for a period of time sufficient to allow 100 nips or passes through the squeeze rolls ."	"DYNAMIC"	"DYNAMIC"	"DYNAMIC"
"brown_learned"	"1341"	"allow"	"Previously purified chlorine was subsequently admitted and the exchange was allowed to take place ."	"DYNAMIC"	"STATIVE"	"BOTH"
"brown_learned"	"1342"	"allow"	"The cases have allowed transfer of claims if beneficial ownership is not changed ."	"DYNAMIC"	"DYNAMIC"	"DYNAMIC"
"brown_news"	"1343"	"allow"	"Thru development , the reactor and its steam turbines had been reduced greatly in size , and also in complexity , allowing a single propeller to be used , the navy said ."	"DYNAMIC"	"DYNAMIC"	"DYNAMIC"
"brown_hobbies"	"1344"	"allow"	"When the front knee is straight and locked , allow it to bend again until you feel the bar come lightly into contact with the sides of the Power Stands ."	"DYNAMIC"	"DYNAMIC"	"DYNAMIC"
"brown_government"	"1345"	"allow"	"Military or Naval Personnel on duty in Alaska or outside the United States and Puerto Rico are also allowed this automatic extension of time for filing their returns ."	"STATIVE"	"STATIVE"	"STATIVE"
"brown_government"	"1346"	"allow"	"Taxpayers residing or traveling in Alaska are also allowed this extension of time for filing , but those residing or traveling in Hawaii are not allowed this automatic extension ."	"STATIVE"	"STATIVE"	"STATIVE"
"brown_reviews"	"1347"	"allow"	"it is as though some pressure had suddenly been lifted , allowing an intense awareness a sharpening of the senses '' ."	"DYNAMIC"	"DYNAMIC"	"DYNAMIC"
"brown_hobbies"	"1348"	"allow"	"I tested it in my scoped S & W and it was good enough to allow me to hit a chuck with every shot at 100 yards if I did my part by holding the handgun steadily ."	"BOTH"	"DYNAMIC"	"BOTH"
"brown_belles_lettres"	"1349"	"allow"	"Well , normally abnormal or normally normal , neurotic or merely fastidious ( do the tea-leaf readers , by the way , allow psyches to have moral taste ? ?"	"DYNAMIC"	"STATIVE"	"BOTH"
"brown_learned"	"1350"	"allow"	"Blood samples were allowed to clot at room temperature for 3 hr , centrifuged and the serum was removed ."	"DYNAMIC"	"STATIVE"	"BOTH"
"brown_learned"	"1351"	"allow"	"No detectable reaction was found at room temperature for reaction mixtures allowed to stand up to 5 hours ."	"DYNAMIC"	"STATIVE"	"BOTH"
"brown_learned"	"1352"	"allow"	"In this manner , the factors measured by the intelligence test were controlled , allowing discovered differences in achievement to be interpreted as resulting from other variables ."	"DYNAMIC"	"STATIVE"	"BOTH"
"brown_lore"	"1353"	"allow"	"In a few places cooperative programs between schools and employers in clerical work have shown the same possibilities for allowing the student , while still in school , to develop skills which are immediately marketable upon graduation ."	"DYNAMIC"	"DYNAMIC"	"DYNAMIC"
"brown_reviews"	"1354"	"allow"	"Perhaps the lesson we should take from these pages is that the welfare state in England still allows wild scope for all kinds of rugged eccentrics ."	"STATIVE"	"STATIVE"	"STATIVE"
"brown_reviews"	"1355"	"allow"	"But , even if Mr. Sansom labors too hard to extract more refinements of meaning and feeling from his travel experiences than the limits of language allow , he still can charm and astound ."	"STATIVE"	"STATIVEHABITUAL"	"BOTH"
"brown_learned"	"1356"	"allow"	"The preceding methods allow efficient use of index words and electronic switches during a sectionalized or multi-phase program , particularly when used in conjunction with the LITORIGIN statement ."	"STATIVE"	"STATIVE"	"STATIVE"
"brown_belles_lettres"	"1357"	"allow"	"Greville proposed Quiney as the fittest man `` for the following of the cause and to attend him in the matter '' , and at his suggestion the corporation allowed Quiney two shillings a day ."	"DYNAMIC"	"DYNAMIC"	"DYNAMIC"
"brown_government"	"1358"	"allow"	"Certain other deductions are not allowed in determining Adjusted Gross Income ."	"STATIVE"	"STATIVE"	"STATIVE"
"brown_editorial"	"1359"	"allow"	"When he was 15 , his parents finally allowed him to attend classes at the Academy of Fine Arts in Vienna ."	"DYNAMIC"	"DYNAMIC"	"DYNAMIC"
"brown_religion"	"1360"	"allow"	"news of a Protestant minister in Leamington who has offered to allow a Catholic priest to preach from his pulpit ; ;"	"DYNAMIC"	"STATIVE"	"BOTH"
"brown_learned"	"1361"	"allow"	"In turn , higher fertility rates for this population provide a means of increasing the numerical quantity of the population , allowing for the possibility of greater stability and unity ."	"BOTH"	"STATIVE"	"BOTH"
"brown_news"	"1362"	"allow"	"`` This morning , we allowed a farmer $600 on the old picker he traded in on a new $2,700 model ."	"DYNAMIC"	"DYNAMIC"	"DYNAMIC"
"brown_learned"	"1363"	"allow"	"Moreover , all three representations must be squeezed comfortably into little more than the length Brumidi allowed for each one of his ."	"DYNAMIC"	"DYNAMIC"	"DYNAMIC"
"brown_learned"	"1364"	"allow"	"Less ambitious freeway plans may be more successful -- especially when the roadways and interchanges are raised , allowing for cross access at many points and providing parking areas below the ramp ."	"DYNAMIC"	"STATIVE"	"BOTH"
"brown_learned"	"1365"	"allow"	"or requiring a transferor to carry over its method of depreciation ( section 381(c)(6) ) , but not allowing rapid amortization of emergency facilities transferred in a reorganization ; ;"	"DYNAMIC"	"DYNAMIC"	"DYNAMIC"
"brown_learned"	"1366"	"allow"	"The men inside informed him that they had some wounded men among them but he would not be allowed to see them even though he offered medical aid ."	"BOTH"	"DYNAMIC"	"BOTH"
"brown_lore"	"1367"	"allow"	"Where a growing season may , with luck , allow 60 days without frost , and where the soil is poor , sandy , quick-drying and subject to erosion , many farmers fail ."	"DYNAMIC"	"STATIVE"	"BOTH"
"brown_hobbies"	"1368"	"allow"	"Flash is allowed , subject to above restrictions ."	"STATIVE"	"STATIVE"	"STATIVE"
"brown_lore"	"1369"	"allow"	"The fragrance and taste of any white wine will die a lingering death when it is allowed to warm or is exposed for long to the air ."	"DYNAMIC"	"STATIVE"	"BOTH"
"brown_belles_lettres"	"1370"	"allow"	"Thirty years ago , while the nation was wallowing in economic depression , the prevailing philosophy of government was to stand aside and allow `` natural forces '' to operate and cure the distress ."	"DYNAMIC"	"STATIVE"	"BOTH"
"brown_romance"	"1371"	"allow"	"She cast about as though looking for a policeman : this really shouldn't be allowed ! !"	"STATIVE"	"STATIVE"	"STATIVE"
"brown_fiction"	"1372"	"allow"	"`` Precious and I allow each other absolute freedom ."	"STATIVEHABITUAL"	"STATIVEHABITUAL"	"STATIVEHABITUAL"
"brown_learned"	"1373"	"allow"	"The mixtures of sample plus cell suspension were allowed to stand at room temperature for 1 Aj ."	"BOTH"	"STATIVE"	"BOTH"
"brown_adventure"	"1374"	"allow"	"When he sank on his knees , they had allowed him to char without administering the stroke of mercy ."	"DYNAMIC"	"DYNAMIC"	"DYNAMIC"
"brown_religion"	"1375"	"allow"	"for `` surely anything is better than a policy which allows for the possibility of nuclear war '' ."	"STATIVE"	"STATIVE"	"STATIVE"
"brown_lore"	"1376"	"allow"	"Observing their distressing condition , Colonel Snelling allowed these half-starved immigrants to settle on the military reservation ."	"DYNAMIC"	"DYNAMIC"	"DYNAMIC"
"brown_learned"	"1377"	"allow"	"he sometimes called them `` an expiation '' , and he would not allow them to be published in periodicals ."	"DYNAMIC"	"STATIVE"	"BOTH"
"brown_fiction"	"1378"	"allow"	"John's type of man allowed this sort of thing to happen ."	"DYNAMIC"	"DYNAMIC"	"DYNAMIC"
"brown_hobbies"	"1379"	"allow"	"Much of the dirt and leaf stain is easily removed when damp , but requires dynamite if allowed to dry ."	"BOTH"	"STATIVE"	"BOTH"
"brown_belles_lettres"	"1380"	"allow"	"In the conduct of these and many other campaigns , the Hetman proved to be a much abler journalist than his critics allowed ."	"STATIVE"	"DYNAMIC"	"BOTH"
"brown_lore"	"1381"	"consider"	"A Massachusetts soldier , who seems to have been a Civil War version of Bill Mauldin , wrote : `` the officers consider themselves as made of a different material from the low fellows in the ranks ."	"STATIVE"	"STATIVE"	"STATIVE"
"brown_editorial"	"1382"	"consider"	"According to one report , however , Mr. Hammarskjold was considered `` too controversial '' a figure to warrant bestowal of the coveted honor last spring ."	"STATIVE"	"STATIVE"	"STATIVE"
"brown_belles_lettres"	"1383"	"consider"	"If it is not one of his best books , it can only be considered unsatisfactory when compared with his own Garibaldi ."	"STATIVE"	"STATIVE"	"STATIVE"
"brown_romance"	"1384"	"consider"	"But jolly old Uncle Donald would tell her no more than that Bobbie had certainly been considered for the job , but there were factors in a large company which outsiders and even some insiders couldn't understand ."	"DYNAMIC"	"DYNAMIC"	"DYNAMIC"
"brown_news"	"1385"	"consider"	"Like the Yankees' slugger , Mays , the terror of the Giants , has had seasons that would be considered the ultimate by most players , but not by -- or for -- Willie ."	"STATIVE"	"STATIVE"	"STATIVE"
"brown_editorial"	"1386"	"consider"	"The General Assembly shall consider and approve the budget of the Organization ."	"DYNAMIC"	"DYNAMIC"	"DYNAMIC"
"brown_lore"	"1387"	"consider"	"Will the house on any part-time farm you are considering make a satisfactory full-time residence ? ?"	"DYNAMIC"	"DYNAMIC"	"DYNAMIC"
"brown_editorial"	"1388"	"consider"	"Why should Congress even consider allowing such a sum for that which can give no protection ? ?"	"DYNAMIC"	"DYNAMIC"	"DYNAMIC"
"brown_belles_lettres"	"1389"	"consider"	"I don't consider that he was prejudged ."	"STATIVE"	"STATIVE"	"STATIVE"
"brown_learned"	"1390"	"consider"	"We shall consider these in the inverse order of their presentation ."	"DYNAMIC"	"DYNAMIC"	"DYNAMIC"
"brown_government"	"1391"	"consider"	"These strengths are considered adequate to meet the essential roles and missions of the reserves in support of our national security objectives ."	"STATIVE"	"STATIVE"	"STATIVE"
"brown_learned"	"1392"	"consider"	"This , however , can only be considered approximate , as the diameter of the pulley was increased by the build-up of tape and the tape was occasionally removed from the pulley during the runs ."	"STATIVE"	"STATIVE"	"STATIVE"
"brown_learned"	"1393"	"consider"	"The model of this paper considers an industry which is not characterized by vigorous price competition , but which is so basic that its wage-price policies are held in check by continuous critical public scrutiny ."	"STATIVE"	"DYNAMIC"	"BOTH"
"brown_learned"	"1394"	"consider"	"the child who had once considered it a treat to accompany his parents on picnics and family gatherings now considers it a bore ."	"STATIVE"	"STATIVE"	"STATIVE"
"brown_lore"	"1395"	"consider"	"From the Palazzo Spada you continue another block along the Via Capo Di Ferro and Vicolo De Venti to the imposing Palazzo Farnese , begun in 1514 and considered by many to be the finest palace of all ."	"STATIVE"	"STATIVE"	"STATIVE"
"brown_hobbies"	"1396"	"consider"	"Have you considered the implications of continuing geographic shifts in terms of sales force allocation , strength of distributor organizations , and even plant location ? ?"	"DYNAMIC"	"DYNAMIC"	"DYNAMIC"
"brown_learned"	"1397"	"consider"	"Loomis considers six such processes in his paradigm ."	"DYNAMIC"	"DYNAMIC"	"DYNAMIC"
"brown_learned"	"1398"	"consider"	"When the frequency response characteristics of practical components are considered , their effect on stability does not present the most serious limit on the system loop gain ."	"DYNAMIC"	"DYNAMIC"	"DYNAMIC"
"brown_mystery"	"1399"	"consider"	"He could not consider it now ."	"DYNAMIC"	"DYNAMIC"	"DYNAMIC"
"brown_romance"	"1400"	"consider"	"He considered some interesting excursion but he was on the road every day from dawn to dusk ."	"DYNAMIC"	"DYNAMIC"	"DYNAMIC"
"brown_learned"	"1401"	"consider"	"All of these considerations are of critical importance in considering defense and medical management ."	"DYNAMIC"	"DYNAMIC"	"DYNAMIC"
"brown_hobbies"	"1402"	"consider"	"The Government housing agencies consider it feasible with one special stipulation ."	"STATIVE"	"STATIVE"	"STATIVE"
"brown_hobbies"	"1403"	"consider"	"As in choosing a wife , it is only sensible to consider also how appealing a pool is likely to be in bad weather as well as in good ."	"DYNAMIC"	"DYNAMIC"	"DYNAMIC"
"brown_news"	"1404"	"consider"	"If the city council fails to consider appointment of a full-time CD director , Mr. Hawksley said , then he plans to call a meeting early in September so that a civil defense organization will be developed locally ."	"DYNAMIC"	"DYNAMIC"	"DYNAMIC"
"brown_news"	"1405"	"consider"	"The room will also feature another rarity many antiquarians would consider more important than the Duncan Phyfe furniture ."	"STATIVE"	"STATIVE"	"STATIVE"
"brown_belles_lettres"	"1406"	"consider"	"Most of them are Democrats and nearly all consider themselves , and are viewed as , liberals ."	"STATIVE"	"STATIVE"	"STATIVE"
"brown_learned"	"1407"	"consider"	"It may be that the objective function depends not only on Af but also on Af , as when the cost of the operating policy is considered ."	"DYNAMIC"	"DYNAMIC"	"DYNAMIC"
"brown_lore"	"1408"	"consider"	"The Church considers this to be the method provided by nature and its divine Author : It involves no frustration of nature's laws , but simply an intelligent and disciplined use of them ."	"STATIVE"	"STATIVE"	"STATIVE"
"brown_belles_lettres"	"1409"	"consider"	"No doubt such a thing would be considered unpatriotic ."	"STATIVE"	"STATIVE"	"STATIVE"
"brown_news"	"1410"	"consider"	"We cannot consider ourselves educated if we do not read ; ;"	"STATIVE"	"STATIVE"	"STATIVE"
"brown_government"	"1411"	"consider"	"In the first place our business is foreign policy , and it is the business of the Presidential leadership and his appointees in the Department to consider the domestic political aspects of a problem ."	"DYNAMIC"	"DYNAMIC"	"DYNAMIC"
"brown_government"	"1412"	"consider"	"We fail to see how such procedure resulted in any prejudice to petitioner's contention , which was considered by the appeal board and denied by it ."	"DYNAMIC"	"DYNAMIC"	"DYNAMIC"
"brown_belles_lettres"	"1413"	"consider"	"Perhaps present writers hypnotically cling to the older order because they consider it useful and reliable through repeated testings over the decades ."	"STATIVE"	"STATIVE"	"STATIVE"
"brown_learned"	"1414"	"consider"	"Next , let us consider briefly the program and administrative implications of a failure on our part to pursue our appeals ."	"DYNAMIC"	"DYNAMIC"	"DYNAMIC"
"brown_editorial"	"1415"	"consider"	"Since it was issued in the spring of 1611 , the King James Version has been most generally considered the most poetic and beautiful of all translations of the Bible ."	"STATIVE"	"STATIVE"	"STATIVE"
"brown_learned"	"1416"	"consider"	"Now consider the transformation of the lines of a bundle with vertex , P , on **zg which is effected by the involution as a whole ."	"DYNAMIC"	"DYNAMIC"	"DYNAMIC"
"brown_belles_lettres"	"1417"	"consider"	"This is not to assume that his work was without merit , but the validity of his assumptions concerning the meaning of history must always be considered against this background of an unprofessional approach ."	"DYNAMIC"	"DYNAMIC"	"DYNAMIC"
"brown_lore"	"1418"	"consider"	"Religious faith can be considered a necessary condition of membership in a congregation , since the decision to join a worshiping group requires some motive force , but faith is not a sufficient condition for joining ; ;"	"STATIVE"	"STATIVE"	"STATIVE"
"brown_romance"	"1419"	"consider"	"He considered the sober possibility ."	"DYNAMIC"	"DYNAMIC"	"DYNAMIC"
"brown_belles_lettres"	"1420"	"consider"	"As evidence to support that view , consider the following illustrative instances ."	"DYNAMIC"	"DYNAMIC"	"DYNAMIC"
"brown_belles_lettres"	"1421"	"consider"	"What irritated Miriam was that Wright had told the papers about a reasonable offer he had made , which he considered she would accept `` when she tires of publicity '' ."	"STATIVE"	"STATIVE"	"STATIVE"
"brown_learned"	"1422"	"consider"	"For what concerns all scientific disciplines is precisely that which can be captured for the rational , i.e. , for the scientific determination of what in past ages was considered ultimate and irrational ."	"STATIVE"	"STATIVE"	"STATIVE"
"brown_learned"	"1423"	"consider"	"As S increases we consider the two free corner points of the square , Af and Af , adjacent to P and Q respectively ."	"DYNAMIC"	"DYNAMIC"	"DYNAMIC"
"brown_mystery"	"1424"	"consider"	"`` If I thought you were serious about going back to school , that you'd learned something from your experiences here and at Hanover -- well , I might consider such an offer ."	"DYNAMIC"	"DYNAMIC"	"DYNAMIC"
"brown_editorial"	"1425"	"consider"	"And one cannot but wonder whether Marshal Malinovsky , who was blowing hot and cold , exalting peace but also almost openly considering the possibility of preventive war against the West , wasn't trying to keep the Chinese quiet ."	"DYNAMIC"	"DYNAMIC"	"DYNAMIC"
"brown_news"	"1426"	"consider"	"The late Secretary of State John Foster Dulles considered the 1954 Geneva agreement a specimen of appeasement , saw that resolution would be needed to keep it from becoming a calamity for the West ."	"STATIVE"	"STATIVE"	"STATIVE"
"brown_belles_lettres"	"1427"	"consider"	"I consider it to be my job to expose the public to what is being written today '' ."	"STATIVE"	"STATIVE"	"STATIVE"
"brown_hobbies"	"1428"	"consider"	"This isn't surprising when we consider that over 29 percent of the 11-year-old boys in America cannot chin themselves once , and that English school girls outdo them in almost every test ( even dashes and endurance ) ."	"DYNAMIC"	"DYNAMIC"	"DYNAMIC"
"brown_belles_lettres"	"1429"	"consider"	"Cried Wright , showing that automobiles were considered to be a danger as early as the 1920's ."	"STATIVE"	"STATIVE"	"STATIVE"
"brown_lore"	"1430"	"consider"	"What determines the morality , they state , is not the means used , but the motive In general , the means ( excluding abortion ) that prove most effective are considered the most ethical ."	"STATIVE"	"STATIVE"	"STATIVE"
"brown_government"	"1431"	"consider"	"He should personally consider the potential of a faculty member proposed for tenure , to guard against the mistake of making this profoundly serious commitment turn solely upon the man's former achievements ."	"DYNAMIC"	"DYNAMIC"	"DYNAMIC"
"brown_belles_lettres"	"1432"	"consider"	"The young William Faulkner in New Orleans in the 1920's impressed the novelist Hamilton Basso as obviously conscious of being a Southerner , and there is no evidence that since then he has ever considered himself any less so ."	"STATIVE"	"STATIVE"	"STATIVE"
"brown_learned"	"1433"	"consider"	"Nevertheless I consider it reasonable , because of my commitment as an artist , to assume that the rights and responsibilities of creative individuals are related to humanity as a whole rather than to specific geo-political interests ."	"STATIVE"	"STATIVE"	"STATIVE"
"brown_editorial"	"1434"	"consider"	"His earlier reports considered the American public schools basically sound and not in need of drastic change ."	"STATIVE"	"STATIVE"	"STATIVE"
"brown_belles_lettres"	"1435"	"consider"	"The Space Merchants , like such humanist documents as Joseph Wood Krutch's The Measure Of Man and C. S. Lewis's The Abolition Of Man , considers what may result from the scientific study of human nature ."	"DYNAMIC"	"DYNAMIC"	"DYNAMIC"
"brown_religion"	"1436"	"consider"	"Africans and Asians tend to consider not only missions but the local churches they have produced as centers and agents of Western culture and ideology if not of direct political propaganda ."	"STATIVE"	"DYNAMIC"	"BOTH"
"brown_belles_lettres"	"1437"	"consider"	"He may also consider ideas ."	"DYNAMIC"	"DYNAMIC"	"DYNAMIC"
"brown_romance"	"1438"	"consider"	"In a frenzy of excitement , he considered his plan ."	"DYNAMIC"	"DYNAMIC"	"DYNAMIC"
"brown_belles_lettres"	"1439"	"consider"	"Brooks Adams considered religion as an extremely significant manifestation of man's fear of the unknown ."	"STATIVE"	"STATIVE"	"STATIVE"
"brown_lore"	"1440"	"consider"	"Saliva gathered in the mouth after a night's sleep was considered poisonous ; ;"	"STATIVE"	"STATIVE"	"STATIVE"
"brown_learned"	"1441"	"consider"	"Until our Moscow experience , I had not considered it necessary to prepare any argument formally or informally ."	"STATIVE"	"STATIVE"	"STATIVE"
"brown_hobbies"	"1442"	"consider"	"The southern half , however , on account of its underbracing , was considered by boat owners a menace to navigation ."	"STATIVE"	"STATIVE"	"STATIVE"
"brown_learned"	"1443"	"consider"	"We shall not be able entirely to pass over these connections to the East as we consider Ripe Geometric pottery , the epic and the myth , and the religious evolution of early Greece ; ;"	"DYNAMIC"	"DYNAMIC"	"DYNAMIC"
"brown_editorial"	"1444"	"consider"	"Carvey considers that former Vice President Nixon would be Brown's most formidable foe , with ex-Gov. Knight a close second ."	"BOTH"	"DYNAMIC"	"BOTH"
"brown_lore"	"1445"	"consider"	"`` I considered that your views would be best carried out '' , he explained , `` by taking women whose progeny will of course be free & more fully extend the philantrophy of Emancipation ."	"STATIVE"	"STATIVE"	"STATIVE"
"brown_romance"	"1446"	"consider"	"Remembering that succession of disasters , she now considered Cathy , an ominous child-cloud on her horizon ."	"DYNAMIC"	"STATIVE"	"BOTH"
"brown_belles_lettres"	"1447"	"consider"	"But , considered within technical astronomy , a different pattern can be traced ."	"DYNAMIC"	"DYNAMIC"	"DYNAMIC"
"brown_reviews"	"1448"	"consider"	"This somewhat cynical comment may be found in `` Blue Skies , Brown Studies '' , a collection of travel essays by William Sansom , who would never consider staying home for long ."	"DYNAMIC"	"DYNAMIC"	"DYNAMIC"
"brown_hobbies"	"1449"	"consider"	"But even if that other plant employs the same number of workers and makes the same product , there are other facts to consider ."	"DYNAMIC"	"DYNAMIC"	"DYNAMIC"
"brown_mystery"	"1450"	"consider"	"Not once , in the time that he had known her , had he ever considered the possibility , not once , not for one one-thousandth of a second , of her infidelity ."	"DYNAMIC"	"DYNAMIC"	"DYNAMIC"
"brown_hobbies"	"1451"	"consider"	"There's another addition to the Stevens line , the pump-action Model 77 in ( under $75 ) , which you may or may not consider a kid's gun ; ;"	"STATIVE"	"STATIVE"	"STATIVE"
"brown_learned"	"1452"	"consider"	"Therefore , it is recommended that in such cases the sample be replaced , or if used , the results of dimensional change or dimensional restorability tests be considered as indicative only ."	"STATIVE"	"STATIVE"	"STATIVE"
"brown_learned"	"1453"	"consider"	"They are still considered to be for use in restricted waters , however , and targets must come within a few yards of them ."	"STATIVE"	"STATIVE"	"STATIVE"
"brown_learned"	"1454"	"consider"	"It seems time to consider a revision of operational procedures for lexicostatistic studies on a more humble , solid , and limited basis ."	"DYNAMIC"	"DYNAMIC"	"DYNAMIC"
"brown_learned"	"1455"	"consider"	"To some extent the system can be considered a Gemeinschaft in which `` social-role occupancies are determined by birth , by attributes such as sex or caste , which are biologically or socially immutable '' ."	"STATIVE"	"STATIVE"	"STATIVE"
"brown_learned"	"1456"	"consider"	"Two problems present themselves in considering any hormone in blood ."	"DYNAMIC"	"DYNAMIC"	"DYNAMIC"
"brown_learned"	"1457"	"consider"	"Therefore , we shall consider in this paper the theoretical gain and resolution capabilities of such tubes ."	"DYNAMIC"	"DYNAMIC"	"DYNAMIC"
"brown_adventure"	"1458"	"consider"	"She did not pause to consider what she would do if her plan should fail ; ;"	"DYNAMIC"	"DYNAMIC"	"DYNAMIC"
"brown_lore"	"1459"	"consider"	"Conversely , experimenters would consider as impressive such statements as the following , which , if they turned out to be hits , are so unusual as to be really significant :"	"STATIVE"	"DYNAMIC"	"BOTH"
"brown_learned"	"1460"	"consider"	"We consider now the graph of the function f{t} on Af ."	"DYNAMIC"	"DYNAMIC"	"DYNAMIC"
"brown_lore"	"1461"	"consider"	"She found she could cope with all kinds of problems for which she was once considered too helpless ."	"STATIVE"	"STATIVE"	"STATIVE"
"brown_belles_lettres"	"1462"	"consider"	"At about the age of twelve I became a Spencerian liberal , and I have always considered myself a liberal of some kind even though the definition has changed repeatedly since Spencer became a reactionary ."	"STATIVE"	"STATIVE"	"STATIVE"
"brown_belles_lettres"	"1463"	"consider"	"-- liberal considers that the need for a national economy with controls that will assure his conception of social justice is so great that individual and local liberties as well as democratic processes may have to yield before it ."	"DYNAMIC"	"STATIVE"	"BOTH"
"brown_learned"	"1464"	"consider"	"It does not consider the kinetic effects of the phosphate builders on sorption-desorption phenomena which will be discussed later ( see pp. 1746 - 1748 ) ."	"STATIVE"	"DYNAMIC"	"BOTH"
"brown_hobbies"	"1465"	"consider"	"At one time , to most Americans , unless they were fortunate enough to live near a body of navigable water , boats were considered the sole concern of fishermen , rich people , and the United States Navy ."	"STATIVE"	"STATIVE"	"STATIVE"
"brown_government"	"1466"	"consider"	"Specifically , Congress should consider authorizing the Peace Corps to receive contributions from American businesses , unions , civic organizations and the public at large ."	"DYNAMIC"	"DYNAMIC"	"DYNAMIC"
"brown_hobbies"	"1467"	"consider"	"When we consider the electronic industry potential for human betterment , the prospect is staggering ."	"DYNAMIC"	"DYNAMIC"	"DYNAMIC"
"brown_hobbies"	"1468"	"consider"	"Have you considered using vending equipment to replace or reduce the number of cafeteria employees ? ?"	"DYNAMIC"	"DYNAMIC"	"DYNAMIC"
"brown_learned"	"1469"	"consider"	"Each switch occupies one digit position in a word , can be set on or off , and is considered as logically equivalent to an electronic switch ."	"STATIVE"	"STATIVE"	"STATIVE"
"brown_humor"	"1470"	"consider"	"Francesca and Herbert considered themselves violently nonconformist and showed the world they were by filling their Colonial house with contemporary furniture and paintings and other art objects ( expensive , but not necessarily valuable , contemporary things ) ."	"STATIVE"	"STATIVE"	"STATIVE"
"brown_editorial"	"1471"	"consider"	"I would like to suggest that the landlords and Commissioners get together and consider liberalizing the practice of prohibiting dogs in apartments ."	"DYNAMIC"	"DYNAMIC"	"DYNAMIC"
"brown_adventure"	"1472"	"consider"	"And in the hunting land , this hunger was considered to be a noble thing ."	"STATIVE"	"STATIVE"	"STATIVE"
"brown_lore"	"1473"	"consider"	"Itching skin , considered `` just nerves '' , was eased by treating with whiskey and salt ."	"STATIVE"	"STATIVE"	"STATIVE"
"brown_news"	"1474"	"consider"	"Skorich was considered the logical choice after the club gave Norm Van Brocklin permission to seek the head coaching job with the Minnesota Vikings , the newest National Football League entry ."	"STATIVE"	"STATIVE"	"STATIVE"
"brown_learned"	"1475"	"consider"	"Now consider an arbitrary line , l , meeting Q in two points , Af and Af ."	"DYNAMIC"	"DYNAMIC"	"DYNAMIC"
"brown_lore"	"1476"	"consider"	"When someone says , for example , `` They took x-rays to see that there was nothing wrong with me '' , it pays to consider how this statement would normally be made ."	"DYNAMIC"	"DYNAMIC"	"DYNAMIC"
"brown_learned"	"1477"	"consider"	"In the new country the electoral process is considered as a means of resolving fundamental , and sometimes bitter , differences among leaders and also as a source of policy guidance ."	"STATIVE"	"STATIVE"	"STATIVE"
"brown_hobbies"	"1478"	"consider"	"These men are considered managers of engineers ."	"STATIVE"	"STATIVE"	"STATIVE"
"brown_belles_lettres"	"1479"	"consider"	"So an objective look at our present procedures may move us to consider seriously this possibly analogous situation ."	"DYNAMIC"	"DYNAMIC"	"DYNAMIC"
"brown_belles_lettres"	"1480"	"consider"	"Roosevelt and others considered him partly responsible for the murder of McKinley ."	"STATIVE"	"STATIVE"	"STATIVE"
"brown_learned"	"1481"	"consider"	"In other words , the anastomoses between the bronchial artery and pulmonary artery should be considered as functional or demand shunts ."	"STATIVE"	"STATIVE"	"STATIVE"
"brown_government"	"1482"	"consider"	"He will be considered not only great among his contemporaries , but as great among all the Americans who have played a part in the country's history since the beginning ."	"STATIVE"	"STATIVE"	"STATIVE"
"brown_learned"	"1483"	"consider"	"The input light distributions considered are P-11 and P-20 phosphor emission and the so-called `` night light '' ( N.L. ) as given by H.W. Babcock and J. J. Johnson ."	"DYNAMIC"	"DYNAMIC"	"DYNAMIC"
"brown_learned"	"1484"	"consider"	"This may be of overriding importance in considering military objectives ."	"DYNAMIC"	"DYNAMIC"	"DYNAMIC"
"brown_science_fiction"	"1485"	"consider"	"We have considered several of your professionals because they were lamechians and above suspicion ."	"DYNAMIC"	"DYNAMIC"	"DYNAMIC"
"brown_mystery"	"1486"	"consider"	"Hub considered ."	"DYNAMIC"	"DYNAMIC"	"DYNAMIC"
"brown_learned"	"1487"	"consider"	"In considering BW defense , it must be recognized that a number of critical meterological parameters must be met for an aerosol to exhibit optimum effect ."	"DYNAMIC"	"DYNAMIC"	"DYNAMIC"
"brown_humor"	"1488"	"consider"	"'' My impassioned plea for civil rights created a landslide of correspondence and one sponsor even asked me to consider replacing the Eddie Cantor comedy hour on a permanent basis ."	"DYNAMIC"	"DYNAMIC"	"DYNAMIC"
"brown_learned"	"1489"	"consider"	"As artists we feel the same obligation , as do other individuals , in considering ourselves responsible citizens of a great nation ."	"STATIVE"	"STATIVE"	"STATIVE"
"brown_adventure"	"1490"	"consider"	"Her impact in the zing commercials had led to her being considered for an excellent part in an upcoming TV series , Underwater Western Eye , a documentary-type show to be sponsored by Oatnut Grits ."	"DYNAMIC"	"DYNAMIC"	"DYNAMIC"
"brown_editorial"	"1491"	"consider"	"so , all things considered , the highway commissioners would seem to be elected ."	"DYNAMIC"	"DYNAMIC"	"DYNAMIC"
"brown_learned"	"1492"	"consider"	"Under the circumstances , however , the team considered it would provide the most useful information at this point ."	"STATIVE"	"STATIVE"	"STATIVE"
"brown_lore"	"1493"	"consider"	"but consider , if you can bear it , what might have happened if MacArthur , for some perverse , undaunted reason , had made the same remark to an Eskimo girl in Eskimo ."	"DYNAMIC"	"DYNAMIC"	"DYNAMIC"
"brown_learned"	"1494"	"consider"	"Fire District No. 1 discussed its possible purchase in 1945 , but considered it an unwise investment ."	"STATIVE"	"BOTH"	"BOTH"
"brown_government"	"1495"	"consider"	"On April 25 , the White House reported that a total embargo of remaining U.S. trade with Cuba was being considered ."	"DYNAMIC"	"DYNAMIC"	"DYNAMIC"
"brown_learned"	"1496"	"consider"	"Oliver , in his summary of the habits of the snakes of the United States , could supply data on the maturing period for only three species in addition to the rattlers , which I shall consider separately ."	"DYNAMIC"	"DYNAMIC"	"DYNAMIC"
"brown_lore"	"1497"	"consider"	"Since the change to better nutrition , he feels he can report on improvements in health , though he considers the following statements observations and not scientific proof ."	"STATIVE"	"STATIVE"	"STATIVE"
"brown_religion"	"1498"	"consider"	"Reality is considered not only irrelevant to the acquisition of higher knowledge , but a positive handicap ."	"STATIVE"	"STATIVE"	"STATIVE"
"brown_belles_lettres"	"1499"	"consider"	"a `` Double-Figure '' , which went to the Chicago Art Institute , and is considered by him the most successful of his abstracts ; ;"	"STATIVE"	"STATIVE"	"STATIVE"
"brown_government"	"1500"	"consider"	"Two cities to be considered , Providence and Cranston , are an enigma ."	"DYNAMIC"	"DYNAMIC"	"DYNAMIC"
"brown_government"	"1501"	"consider"	"In most cases service in the Corps will probably be considered a ground for temporary deferment ."	"STATIVE"	"STATIVE"	"STATIVE"
"brown_learned"	"1502"	"consider"	"It is hypothesized that fertility is a function of the social system when the population as a whole is considered and a function of the subsystems when the two-fold division of core families and marginal families is considered ."	"DYNAMIC"	"STATIVE"	"BOTH"
"brown_learned"	"1503"	"consider"	"Our presence here should also be considered further , sincere evidence of the attempts by our people and their chosen government to seek any and all possible ways to effect closer , peaceful ties among all people ."	"DYNAMIC"	"DYNAMIC"	"DYNAMIC"
"brown_learned"	"1504"	"consider"	"A form of objective function that we shall often have occasion to consider is Af ."	"DYNAMIC"	"DYNAMIC"	"DYNAMIC"
"brown_learned"	"1505"	"consider"	"There is also the question of whether the respondent based his answers on factual information and carefully considered judgment , or whether his answers were casual guesses ."	"DYNAMIC"	"DYNAMIC"	"DYNAMIC"
"brown_government"	"1506"	"consider"	"The latter matter is considered in detail in a later section ."	"DYNAMIC"	"DYNAMIC"	"DYNAMIC"
"brown_hobbies"	"1507"	"consider"	"The Rio Grande KC is also considering having their Junior Classes set up so that Juniors can qualify with points for Westminster ."	"DYNAMIC"	"DYNAMIC"	"DYNAMIC"
"brown_government"	"1508"	"consider"	"In the national interest even the affluent universities must consider some division of labor among them to replace their present ambitions to keep up with the Joneses in all branches ."	"DYNAMIC"	"DYNAMIC"	"DYNAMIC"
"brown_learned"	"1509"	"consider"	"Children whose reading scores were at least one standard deviation below the regression line of each total third-grade school population were considered under-achievers for the purposes of sample selection ."	"STATIVE"	"STATIVE"	"STATIVE"
"brown_learned"	"1510"	"consider"	"Before considering these elements in more detail , an additional requirement should be stated ."	"DYNAMIC"	"DYNAMIC"	"DYNAMIC"
"brown_hobbies"	"1511"	"consider"	"Whether considered alone or in relation to other editions , COLH 40 is a document of prime importance ."	"DYNAMIC"	"DYNAMIC"	"DYNAMIC"
"brown_humor"	"1512"	"consider"	"Her presence only made Letch more distant and irritable and , in the hurry of buying Chateau Belletch , I had neglected to consider a room for Baby-dear , so there was no place to put her , anyhow ."	"DYNAMIC"	"DYNAMIC"	"DYNAMIC"
"brown_adventure"	"1513"	"consider"	"He considered himself handsome and seemed to think all the girls were after him ."	"STATIVE"	"STATIVE"	"STATIVE"
"brown_belles_lettres"	"1514"	"consider"	"She ended her letter with the assurance that she considered his friendship for her daughter and herself to be an honor , from which she could not part `` without still more pain '' ."	"STATIVE"	"STATIVE"	"STATIVE"
"brown_mystery"	"1515"	"consider"	"Casey made some comment , but his mind was busy as he considered the man ."	"DYNAMIC"	"DYNAMIC"	"DYNAMIC"
"brown_romance"	"1516"	"consider"	"`` Of course ( George's letter continued ) , there are practical problems to be considered ."	"DYNAMIC"	"DYNAMIC"	"DYNAMIC"
"brown_learned"	"1517"	"consider"	"It is important to consider and experimentally verify this influence since quantitative nuclear resonance is becoming increasingly used in investigations of structure ."	"DYNAMIC"	"DYNAMIC"	"DYNAMIC"
"brown_learned"	"1518"	"consider"	"This must be considered primarily an amendment and supplement to his early A Short Description Of Item-Categories In Iraqw ."	"STATIVE"	"STATIVE"	"STATIVE"
"brown_fiction"	"1519"	"find"	"He didn't figure her at all , and if he found out a woman it'd be bad ."	"DYNAMIC"	"DYNAMIC"	"DYNAMIC"
"brown_learned"	"1520"	"find"	"A drawing of the structure is to be found in reference 6 ."	"DYNAMIC"	"DYNAMIC"	"DYNAMIC"
"brown_belles_lettres"	"1521"	"find"	"He alludes to something called direct writing , and he finds that criticism gets in the way of his truer , realer , imaginative bounce ."	"STATIVE"	"STATIVE"	"STATIVE"
"brown_lore"	"1522"	"find"	"But since 1927 , researchers digging into ancient court records and legal files have been able to find illuminating pieces of information ."	"DYNAMIC"	"DYNAMIC"	"DYNAMIC"
"brown_fiction"	"1523"	"find"	"Rector had never been able to find out much about Hino's past ."	"DYNAMIC"	"DYNAMIC"	"DYNAMIC"
"brown_news"	"1524"	"find"	"The mantel was found in a recently demolished Salem house and is being fitted over the White House library fireplace ."	"DYNAMIC"	"DYNAMIC"	"DYNAMIC"
"brown_hobbies"	"1525"	"find"	"Not so long ago many builders were finding they could cut their costs by `` buying direct '' and short-cutting the dealer ."	"DYNAMIC"	"DYNAMIC"	"DYNAMIC"
"brown_science_fiction"	"1526"	"find"	"It was clear that Langer had at last found a way to attract the Angel's attention ."	"DYNAMIC"	"DYNAMIC"	"DYNAMIC"
"brown_learned"	"1527"	"find"	"It is to be hoped that some way will be found to keep this important work current ."	"DYNAMIC"	"DYNAMIC"	"DYNAMIC"
"brown_mystery"	"1528"	"find"	"Rev didn't need to break the wax seal , read the contract and find out ."	"DYNAMIC"	"DYNAMIC"	"DYNAMIC"
"brown_learned"	"1529"	"find"	"He was able to find meaning in his art as long as it was the answer to air raids and gas ovens ."	"DYNAMIC"	"DYNAMIC"	"DYNAMIC"
"brown_mystery"	"1530"	"find"	"I turned on the device again , half fearful that I might find silence , but the buzzes came in loud and clear ."	"DYNAMIC"	"DYNAMIC"	"DYNAMIC"
"brown_reviews"	"1531"	"find"	"There true yachtsmen often find November winds steadier , the waters cooler , the fish hungrier , and rivers more pleasant -- less turbulence and mud , and fewer floating logs ."	"STATIVE"	"STATIVE"	"STATIVE"
"brown_news"	"1532"	"find"	"Housewives are finding literally hundreds of ways of getting the maximum use out of traditional designs , says Mr. Alden and they are doing it largely because Colonial craftsmen had `` an innate sense of the practical '' ."	"DYNAMIC"	"DYNAMIC"	"DYNAMIC"
"brown_humor"	"1533"	"find"	"Here's a household hint : if you can't find your children , and get tired of calling them , pick up the phone ."	"DYNAMIC"	"DYNAMIC"	"DYNAMIC"
"brown_editorial"	"1534"	"find"	"Then he arrived in Zanzibar and found Africans carrying signs saying `` American imperialists , go home '' ."	"DYNAMIC"	"DYNAMIC"	"DYNAMIC"
"brown_learned"	"1535"	"find"	"One gram of cotton has been found to have a specific surface area of Af ."	"DYNAMIC"	"DYNAMIC"	"DYNAMIC"
"brown_hobbies"	"1536"	"find"	"You'll find , once your technique is perfected , that you can cook on a boat with a simple Bernz-O-Matic ."	"DYNAMIC"	"DYNAMIC"	"DYNAMIC"
"brown_editorial"	"1537"	"find"	"All across the South there are signs that racial violence is finding less approval among whites who themselves would never take active part but might once have shown a tolerant attitude toward it ."	"DYNAMIC"	"DYNAMIC"	"DYNAMIC"
"brown_lore"	"1538"	"find"	"In a few school districts one finds a link between school and job ."	"DYNAMIC"	"BOTH"	"BOTH"
"brown_mystery"	"1539"	"find"	"They found some clothes '' , she tossed in ."	"DYNAMIC"	"DYNAMIC"	"DYNAMIC"
"brown_romance"	"1540"	"find"	"but she found the path she always used , the stubs of branches she had broken , those she had pushed aside ; ;"	"DYNAMIC"	"DYNAMIC"	"DYNAMIC"
"brown_learned"	"1541"	"find"	"Large numbers of potential builders have been investigated , but none have been found to be as effective as the polyphosphates over the relatively wide range of conditions met in practice ."	"DYNAMIC"	"STATIVE"	"BOTH"
"brown_religion"	"1542"	"find"	"And it is in this new vision of the atom that we find an affirmation and an invigoration of our faith ."	"DYNAMIC"	"DYNAMIC"	"DYNAMIC"
"brown_belles_lettres"	"1543"	"find"	"On the other hand , he did not want to offend Edward either , and he found himself in a very difficult position ."	"DYNAMIC"	"DYNAMIC"	"DYNAMIC"
"brown_lore"	"1544"	"find"	"Because Holstein cattle weren't a beef breed , they were rarely seen on a ranch , though one might be found now and then for the milk supply ."	"DYNAMIC"	"DYNAMIC"	"DYNAMIC"
"brown_belles_lettres"	"1545"	"find"	"but when the bird is found at last , it turns out to be a fake ."	"DYNAMIC"	"DYNAMIC"	"DYNAMIC"
"brown_adventure"	"1546"	"find"	"He was finally found in the Bates Hole region of Natrona County , two counties away ."	"DYNAMIC"	"DYNAMIC"	"DYNAMIC"
"brown_news"	"1547"	"find"	"He was found guilty of reckless driving yesterday by Traffic Judge George T. Murphy , who continued his no-driving probation for another year and ordered him to spend 15 days in the Detroit House of Correction ."	"DYNAMIC"	"DYNAMIC"	"DYNAMIC"
"brown_belles_lettres"	"1548"	"find"	"Since a civilizational crisis involves also a crisis in private interests and in the ruling class , reaction is normally found among those who feel themselves to be among the ruling class ."	"DYNAMIC"	"STATIVEHABITUAL"	"BOTH"
"brown_learned"	"1549"	"find"	"The artistic generation after Brumidi was trained in the Paris of that time to a more meticulous standard of execution , and tended to overlook greatness of conception where faults and weakness were easy to find ."	"DYNAMIC"	"DYNAMIC"	"DYNAMIC"
"brown_editorial"	"1550"	"find"	"At least , I have found it so ."	"STATIVE"	"CONTEXT"	"BOTH"
"brown_belles_lettres"	"1551"	"find"	"Had Krim gone farther from New York than Chapel Hill , he might have discovered that large numbers of American Jews do not find his New York version of the Jews' lot remotely recognizable ."	"STATIVE"	"DYNAMIC"	"BOTH"
"brown_hobbies"	"1552"	"find"	"There I got off , crossed the square , and on the side directly opposite the gate found a good restaurant , hard to come by in this part of the city ."	"DYNAMIC"	"DYNAMIC"	"DYNAMIC"
"brown_mystery"	"1553"	"find"	"He went on to the next building and found what he expected -- the mingled cooking aromas of a public vestibule ."	"DYNAMIC"	"DYNAMIC"	"DYNAMIC"
"brown_lore"	"1554"	"find"	"If you are considering a part-time farm where the water must be provided by a well , find out if there is a good well on the farm or the probable cost of having one drilled ."	"DYNAMIC"	"DYNAMIC"	"DYNAMIC"
"brown_hobbies"	"1555"	"find"	"By dealing with common landscape in an uncommon way , Roy Mason has found a particular niche in American landscape art ."	"DYNAMIC"	"DYNAMIC"	"DYNAMIC"
"brown_humor"	"1556"	"find"	"They looked so formidable , however , so demanding , that I found myself staring at them in dismay and starting to woolgather again , this time about Francesca and her husband ."	"DYNAMIC"	"DYNAMIC"	"DYNAMIC"
"brown_belles_lettres"	"1557"	"find"	"We collected `` lucky stones '' -- all the creamy translucent pebbles , worn smooth and round , that we could find in the driveway ."	"DYNAMIC"	"DYNAMIC"	"DYNAMIC"
"brown_romance"	"1558"	"find"	"Once the soft , pretty moth found the bright light she had always wanted ? ?"	"DYNAMIC"	"DYNAMIC"	"DYNAMIC"
"brown_adventure"	"1559"	"find"	"Mike tested the leg and found that he was able to hobble around on it ."	"DYNAMIC"	"DYNAMIC"	"DYNAMIC"
"brown_lore"	"1560"	"find"	"Keep occupied to the point you are not bored with life and you will truly find these final days and years of your lives to be sunshine sweet ."	"STATIVE"	"STATIVE"	"STATIVE"
"brown_reviews"	"1561"	"find"	"If there is a moral lurking among the shenanigans , it is hard to find ."	"DYNAMIC"	"DYNAMIC"	"DYNAMIC"
"brown_government"	"1562"	"find"	"He will not be surprised to find that general principles produce conflicting results in the factual situation with which he is confronted ."	"DYNAMIC"	"DYNAMIC"	"DYNAMIC"
"brown_belles_lettres"	"1563"	"find"	"He had found a depression with rain water in it ."	"DYNAMIC"	"DYNAMIC"	"DYNAMIC"
"brown_news"	"1564"	"find"	"`` We want to find out who knew about it '' , Pratt said ."	"DYNAMIC"	"DYNAMIC"	"DYNAMIC"
"brown_romance"	"1565"	"find"	"The red-haired captain , towering above the prisoner as a symbol of decency and authority , was shocked to find himself looking with sympathy upon Philip Spencer ."	"DYNAMIC"	"DYNAMIC"	"DYNAMIC"
"brown_news"	"1566"	"find"	"As a result of the new outlook for turnpikes , investors who bought toll-road bonds when these securities ranked as outright speculations are now finding new hope for their investments ."	"DYNAMIC"	"DYNAMIC"	"DYNAMIC"
"brown_government"	"1567"	"find"	"He bases his present contention on the general right to explore , indicating that he hopes to find some discrepancy in the resume ."	"DYNAMIC"	"DYNAMIC"	"DYNAMIC"
"brown_lore"	"1568"	"find"	"In a later chapter dealing with the suburban school , I shall discuss the importance of arranging a program for the academically talented and highly gifted youth in any high school where he is found ."	"STATIVE"	"DYNAMIC"	"BOTH"
"brown_learned"	"1569"	"find"	"the death of Emma Hardy in 1912 , which had a profound emotional effect on Hardy for which he found release in poetry ; ;"	"DYNAMIC"	"DYNAMIC"	"DYNAMIC"
"brown_belles_lettres"	"1570"	"find"	"Many will add that we may find our enjoyment heightened by our understanding ."	"STATIVE"	"DYNAMIC"	"BOTH"
"brown_lore"	"1571"	"find"	"Sarah Gross found that the treatments given her for a nervous ailment by the masseur were not helping her ."	"DYNAMIC"	"BOTH"	"BOTH"
"brown_news"	"1572"	"find"	"Any shareholder of any of these funds who finds a mistake in his account certainly should get in touch with the bank ."	"DYNAMIC"	"DYNAMIC"	"DYNAMIC"
"brown_mystery"	"1573"	"find"	"He went into the hotel and searched till he found the razor ."	"DYNAMIC"	"DYNAMIC"	"DYNAMIC"
"brown_adventure"	"1574"	"find"	"Did you find him '' ? ?"	"DYNAMIC"	"DYNAMIC"	"DYNAMIC"
"brown_belles_lettres"	"1575"	"find"	"But first I want to quote him on the relationship that he found between religion and politics in this country and what happened to it ."	"DYNAMIC"	"DYNAMIC"	"DYNAMIC"
"brown_hobbies"	"1576"	"find"	"Commonly used electronic devices which are found in practically every hospital are closed-circuit TV and audio systems for internal paging and instruction , along with radiation counters , timers , and similar devices ."	"STATIVE"	"STATIVE"	"STATIVE"
"brown_hobbies"	"1577"	"find"	"Of course those who have developed more will find them easier ."	"STATIVE"	"DYNAMIC"	"BOTH"
"brown_lore"	"1578"	"find"	"In the evening the former Oregon State science teachers met for dinner at the New Tokyo Restaurant where I had my first raw fish and found it good ."	"STATIVE"	"STATIVE"	"STATIVE"
"brown_lore"	"1579"	"find"	"People who have mastered Kant , Hegel , Shakespeare , Marx , Freud , and the Bible find this statement utterly impenetrable ."	"STATIVE"	"STATIVE"	"STATIVE"
"brown_learned"	"1580"	"find"	"He finds the structure contains an Af bond with the Af distance of Af ."	"DYNAMIC"	"DYNAMIC"	"DYNAMIC"
"brown_adventure"	"1581"	"find"	"The rest of the time I devoted to painting or to those other activities a young and healthy man just out of college finds interesting ."	"STATIVE"	"DYNAMIC"	"BOTH"
"brown_lore"	"1582"	"find"	"As far as I am concerned there is continuous piling up of evidence that the creative fresh ideas which are needed in the world are going to be found by educated women unafraid to break traditions ."	"DYNAMIC"	"DYNAMIC"	"DYNAMIC"
"brown_hobbies"	"1583"	"find"	"But time is running out , and many of Stravinsky's admirers begin to fear that he will never find terra firma ."	"DYNAMIC"	"DYNAMIC"	"DYNAMIC"
"brown_belles_lettres"	"1584"	"find"	"Sibylla is pregnant with their second child when she finds the ivory tablet concealed by her husband , and the identities of mother and son are revealed ."	"DYNAMIC"	"DYNAMIC"	"DYNAMIC"
"brown_learned"	"1585"	"find"	"Such training would increase the tendency of workers to leave the area and find jobs in other localities ."	"DYNAMIC"	"DYNAMIC"	"DYNAMIC"
"brown_learned"	"1586"	"find"	"As expected , most of the activity was found in Fraction Af , with slight activity seen in Fraction 4-1 ."	"DYNAMIC"	"BOTH"	"BOTH"
"brown_learned"	"1587"	"find"	"It is largely a matter of finding passages that suit one's purposes ."	"DYNAMIC"	"DYNAMIC"	"DYNAMIC"
"brown_news"	"1588"	"find"	"The AID has found a mantlepiece attributed to Samuel McIntyre of Salem , Mass. , an architect and woodcarver who competed for the designing of the Capitol here in 1792 ."	"DYNAMIC"	"DYNAMIC"	"DYNAMIC"
"brown_belles_lettres"	"1589"	"find"	"Reviewing Davidson's The Testament Of An Empire Builder , for example , Thompson found that there was `` too much metrical dialectic '' ."	"DYNAMIC"	"STATIVE"	"BOTH"
"brown_learned"	"1590"	"find"	"In conformity with this conclusion a higher trace gallium content was found in the portion ( flange ) that has undergone a second melting ."	"DYNAMIC"	"DYNAMIC"	"DYNAMIC"
"brown_fiction"	"1591"	"find"	"They went to the Flea Market , expecting to find the treasures of Europe , and found instead a duplication of that long double row of booths in Tours ."	"DYNAMIC"	"DYNAMIC"	"DYNAMIC"
"brown_learned"	"1592"	"find"	"In one outstanding example , Whirlpool Corp. found that by switching to urethane foam insulation , they could increase the storage capacity of gas refrigerators to make them competitive with electric models ."	"DYNAMIC"	"STATIVE"	"BOTH"
"brown_romance"	"1593"	"find"	"Owen found Buzz watching chuck-a-luck ."	"DYNAMIC"	"DYNAMIC"	"DYNAMIC"
"brown_learned"	"1594"	"find"	"Thus one line in five from The Iliad and The Odyssey is to be found somewhere else in the two poems ."	"BOTH"	"DYNAMIC"	"BOTH"
"brown_learned"	"1595"	"find"	"In parts a repeated sponging was needed , but everywhere we found that water alone was enough to restore the original brightness ."	"DYNAMIC"	"DYNAMIC"	"DYNAMIC"
"brown_belles_lettres"	"1596"	"find"	"Later , when I was older , I found the song was part of Schubert's Die Schone Mullerin ."	"DYNAMIC"	"DYNAMIC"	"DYNAMIC"
"brown_hobbies"	"1597"	"find"	"We find too many sales and marketing executives so burdened with detail that they are short-changing planning ."	"STATIVE"	"DYNAMIC"	"BOTH"
"brown_romance"	"1598"	"find"	"Sam would be amazed to find him gone ."	"DYNAMIC"	"DYNAMIC"	"DYNAMIC"
"brown_humor"	"1599"	"find"	"Regardless of how much of a slob you knew yourself to be , you could be certain they would never find out -- and even if they did it would make no difference ."	"DYNAMIC"	"DYNAMIC"	"DYNAMIC"
"brown_fiction"	"1600"	"find"	"She was the widow of a writer who had died in an airplane crash , and Mickie had found her a job as head of the historical section of the Treasury ."	"DYNAMIC"	"STATIVE"	"BOTH"
"brown_hobbies"	"1601"	"find"	"More often than not I have found easy excuse to leave my own work and stand at a respectable distance where I could watch this man transform raw nature into a composed , not imitative , painting ."	"DYNAMIC"	"DYNAMIC"	"DYNAMIC"
"brown_belles_lettres"	"1602"	"find"	"they found out who they were and what they could do , then within the limits of their talent they did it ."	"DYNAMIC"	"DYNAMIC"	"DYNAMIC"
"brown_fiction"	"1603"	"find"	"A romantic is one who thinks the world is divinely inspired and all he has to do is find the right key , and then divine justice and altruism will appear ."	"DYNAMIC"	"DYNAMIC"	"DYNAMIC"
"brown_learned"	"1604"	"find"	"Hesiometer results have been found to compare excellently with manual knife scratching tests ."	"DYNAMIC"	"DYNAMIC"	"DYNAMIC"
"brown_learned"	"1605"	"find"	"Although no national norms exist for the social development of children , the teacher can find a great deal of information concerning types of social behavior normally displayed by children at various age levels ."	"DYNAMIC"	"DYNAMIC"	"DYNAMIC"
"brown_hobbies"	"1606"	"find"	"Water interest is one of the most valuable factors you can find for a recreation site ."	"DYNAMIC"	"DYNAMIC"	"DYNAMIC"
"brown_fiction"	"1607"	"find"	"He found Elizabeth in the parlor and asked her to make sure everything was in order in the residential hall , and then to take charge of the office while the party was here ."	"DYNAMIC"	"DYNAMIC"	"DYNAMIC"
"brown_learned"	"1608"	"find"	"I am very pleased that quite a number of you found ways to communicate to me your desire to hear of our reactions and experiences in the U.S.S.R. ."	"DYNAMIC"	"DYNAMIC"	"DYNAMIC"
"brown_fiction"	"1609"	"find"	"But he'd find out about this one because we were using it ."	"DYNAMIC"	"DYNAMIC"	"DYNAMIC"
"brown_news"	"1610"	"find"	"The jury said it found the court `` has incorporated into its operating procedures the recommendations '' of two previous grand juries , the Atlanta Bar Association and an interim citizens committee ."	"DYNAMIC"	"DYNAMIC"	"DYNAMIC"
"brown_lore"	"1611"	"find"	"To find estimated net farm income , subtract estimated annual farming expenditures from probable gross income from farming ."	"DYNAMIC"	"DYNAMIC"	"DYNAMIC"
"brown_fiction"	"1612"	"find"	"If he found out Ma found it -- that'd be bad ."	"DYNAMIC"	"DYNAMIC"	"DYNAMIC"
"brown_adventure"	"1613"	"find"	"The bed isn't made , but you'll find plenty of blankets there '' ."	"DYNAMIC"	"DYNAMIC"	"DYNAMIC"
"brown_romance"	"1614"	"find"	"I don't think you'll find many active Christian salesmen ."	"DYNAMIC"	"DYNAMIC"	"DYNAMIC"
"brown_romance"	"1615"	"find"	"Then she continued with energy , `` I myself did not see her until a week after she had run off to find the father ."	"DYNAMIC"	"DYNAMIC"	"DYNAMIC"
"brown_learned"	"1616"	"find"	"Dictionary forms found to match forms in the text list are marked ."	"DYNAMIC"	"BOTH"	"BOTH"
"brown_learned"	"1617"	"find"	"In finding the optimal R-stage policy from that of Af stages , only the function Af is needed ."	"DYNAMIC"	"DYNAMIC"	"DYNAMIC"
"brown_fiction"	"1618"	"find"	"`` When that woman found me and told me that you needed me I was never so happy since before the war '' ."	"DYNAMIC"	"DYNAMIC"	"DYNAMIC"
"brown_learned"	"1619"	"find"	"The latter adhesive was found to be much more satisfactory ."	"DYNAMIC"	"DYNAMIC"	"DYNAMIC"
"brown_editorial"	"1620"	"find"	"If one follows the reports of the Congress , one finds that there still seems considerable uncertainty in the minds of the leaders themselves about what exactly to do in this matter ."	"BOTH"	"STATIVE"	"BOTH"
"brown_learned"	"1621"	"find"	") When the complete file has been read , the grammatical descriptions for all text forms found in the dictionary have been stored in the W-region ; ;"	"STATIVE"	"DYNAMIC"	"BOTH"
"brown_hobbies"	"1622"	"find"	"His interest in finding a relationship between voltaic electricity and magnetism is here first indicated ."	"DYNAMIC"	"DYNAMIC"	"DYNAMIC"
"brown_belles_lettres"	"1623"	"find"	"May we state with confidence that in such an exhibition a republic will find its greatest security ? ?"	"DYNAMIC"	"DYNAMIC"	"DYNAMIC"
"brown_learned"	"1624"	"find"	"Some of the sinusoids contained large numbers of nucleated red cells , and cells of the granulocytic series were found in small numbers ."	"DYNAMIC"	"DYNAMIC"	"DYNAMIC"
"brown_learned"	"1625"	"find"	"Resolved , that we find in this fearful tragedy at Harper's Ferry a reason for more earnest effort to remove the evil of slavery from the whole land as speedily as possible ."	"DYNAMIC"	"DYNAMIC"	"DYNAMIC"
"brown_belles_lettres"	"1626"	"find"	"Deciding to become a painter , he entered the studio of Gerome in Paris , where he enjoyed the life of the artists , but soon found that whatever talent he might have did not lie in that direction ."	"DYNAMIC"	"STATIVE"	"BOTH"
"brown_belles_lettres"	"1627"	"find"	"With his wife and three or more children he arrived in Boston in March , 1637 , and soon found it was no place for anyone looking for liberty of conscience ."	"DYNAMIC"	"STATIVE"	"BOTH"
"brown_hobbies"	"1628"	"find"	"You may find yourself hitting bottom , literally , as you discover that water is running out even while you are putting it in ."	"DYNAMIC"	"DYNAMIC"	"DYNAMIC"
"brown_learned"	"1629"	"find"	"Contrary to these expectations we have found it impossible to obtain the degree of reproducibility one would wish , even with extensive efforts to prepare especially pure reagents ."	"DYNAMIC"	"DYNAMIC"	"DYNAMIC"
"brown_science_fiction"	"1630"	"find"	"Still , it sometimes gives you a creepy feeling to find a rabbit or a snapping turtle on some strange world ."	"DYNAMIC"	"DYNAMIC"	"DYNAMIC"
"brown_humor"	"1631"	"find"	"Ambiguity of a non-repetitious kind describes the dilemma one girl found herself in ."	"DYNAMIC"	"DYNAMIC"	"DYNAMIC"
"brown_news"	"1632"	"find"	"Yet there were other motivations and actions which the Belgians took after independence for which history may not find them guiltless ."	"BOTH"	"DYNAMIC"	"BOTH"
"brown_reviews"	"1633"	"find"	"Late September finds Quebec's color at its peak , especially in the Laurentian hills and in the area south of the St. Lawrence River ."	"DYNAMIC"	"STATIVEHABITUAL"	"BOTH"
"brown_belles_lettres"	"1634"	"find"	"Finally , at dawn , he fell asleep , and when he awoke and came into the living room , he found Lewis in his pajamas before the fire , smoking a cigarette ."	"DYNAMIC"	"DYNAMIC"	"DYNAMIC"
"brown_mystery"	"1635"	"find"	"Next morning she was found dead in her suite with a bullet from a"	"DYNAMIC"	"DYNAMIC"	"DYNAMIC"
"brown_government"	"1636"	"find"	"No satisfactory solution has been found , but this is due more to the difficulties inherent in the problem than to a lack of interest or diligence on the part of the assessors ."	"DYNAMIC"	"DYNAMIC"	"DYNAMIC"
"brown_romance"	"1637"	"find"	"Artfully , as the days went by , he found occasion to tell her that his father had won the Navy Cross in the Korean War ; ;"	"DYNAMIC"	"DYNAMIC"	"DYNAMIC"
"brown_belles_lettres"	"1638"	"find"	"I found that this precocious , grown-up boy of 74 deserved to be taught ."	"STATIVE"	"STATIVE"	"STATIVE"
"brown_learned"	"1639"	"find"	"For vector spaces over non-algebraically closed fields , we still need to find some substitute for characteristic values and vectors ."	"DYNAMIC"	"DYNAMIC"	"DYNAMIC"
"brown_belles_lettres"	"1640"	"find"	"The professed mission of this disaffiliated generation is to find a new way of life which they can express in poetry and fiction , but what they produce is unfortunately disordered , nourished solely on the hysteria of negation ."	"DYNAMIC"	"DYNAMIC"	"DYNAMIC"
"brown_belles_lettres"	"1641"	"find"	"The daughter , Lilly , was a very good friend of mine and I always had hopes that someday she and Meltzer would find each other ."	"DYNAMIC"	"DYNAMIC"	"DYNAMIC"
"brown_hobbies"	"1642"	"find"	"and much more commonly in recent years , the engineer who found that other duties interfered with -- or eliminated -- his engineering contributions ."	"DYNAMIC"	"BOTH"	"BOTH"
"brown_mystery"	"1643"	"find"	"He , of course , must have been equally unprepared for what confronted him , but , nonetheless , I did find his reaction startling ."	"STATIVE"	"STATIVE"	"STATIVE"
"brown_fiction"	"1644"	"find"	"I think , too '' , he said , his dark eyes mischievous , `` that you will find there some clue to the secret of the cathedrals about which you have spoken '' ."	"DYNAMIC"	"DYNAMIC"	"DYNAMIC"
"brown_reviews"	"1645"	"find"	"Equally penetrating in its fashion is the following remark by a lady in the course of a literary conversation : `` So much has already been written about everything that you can't find out anything about it '' ."	"DYNAMIC"	"DYNAMIC"	"DYNAMIC"
"brown_lore"	"1646"	"find"	"There is a vast difference between the community of reconciliation which the New Testament describes and the community of congeniality found in the average church building ."	"STATIVE"	"STATIVE"	"STATIVE"
"brown_hobbies"	"1647"	"find"	"`` Of late years , I find that I like best to work out-of-doors ."	"STATIVE"	"STATIVE"	"STATIVE"
"brown_hobbies"	"1648"	"find"	"Best solution is to find an area that is predominantly sunlight or shade ."	"DYNAMIC"	"DYNAMIC"	"DYNAMIC"
"brown_editorial"	"1649"	"find"	"She remarked that she found the night wind a little chilly , and Mr. Podger took her inside the fringe ."	"STATIVE"	"STATIVE"	"STATIVE"
"brown_learned"	"1650"	"find"	"Yet , if the argument is turned awry , there may be found a great deal in Bryan's view , after all ."	"DYNAMIC"	"DYNAMIC"	"DYNAMIC"
"brown_fiction"	"1651"	"find"	"and though he had found the strength to run with us , now he collapsed and lay on the ground , dying , the Reverend holding his head and wiping his hot brow ."	"DYNAMIC"	"DYNAMIC"	"DYNAMIC"
"brown_learned"	"1652"	"find"	"No correlation between these variables and the irreproducibility of the results was found ."	"DYNAMIC"	"DYNAMIC"	"DYNAMIC"
"brown_belles_lettres"	"1653"	"find"	"and , as in the March home , any young man who called on the Szolds found himself confronted with a phalanx of femininity which made it rather difficult to direct his particular attention to any one of them ."	"DYNAMIC"	"DYNAMIC"	"DYNAMIC"
"brown_romance"	"1654"	"find"	"Eugenia hated being cold worse than anything , and she was beginning to find the joys of poverty wearing thin ."	"DYNAMIC"	"DYNAMIC"	"DYNAMIC"
"brown_hobbies"	"1655"	"find"	"Among other things , besides the nature of your house and how much heat finds its way into its various rooms from the outside , it will depend upon your personal habits and the makeup of your family ."	"DYNAMIC"	"STATIVEHABITUAL"	"BOTH"
"brown_romance"	"1656"	"find"	"With any luck at all he could easily find a flowerpot ."	"DYNAMIC"	"DYNAMIC"	"DYNAMIC"
"brown_learned"	"1657"	"feel"	"How a child feels about himself , about other people , and about the tasks confronting him in school may have as much influence on his success in school as his physical and intellectual characteristics ."	"STATIVE"	"STATIVE"	"STATIVE"
"brown_learned"	"1658"	"feel"	"Another great danger is that the emerging middle class will feel itself increasingly alienated from the political leaders who still justify their dominance by reference to the struggle for independence or the early phase of nationalism ."	"STATIVE"	"STATIVE"	"STATIVE"
"brown_romance"	"1659"	"feel"	"Already he could feel Anne's questioning eyes ."	"STATIVE"	"STATIVE"	"STATIVE"
"brown_adventure"	"1660"	"feel"	"For weeks I wandered about this neighborhood of warehouses and garages , truck terminals and taxi repair shops , gasoline pumps and longshoremen's lunch counters , yet never did I cease to feel myself a stranger there ."	"STATIVE"	"STATIVE"	"STATIVE"
"brown_romance"	"1661"	"feel"	"He could feel a pulse pounding against the bandages ."	"STATIVE"	"STATIVE"	"STATIVE"
"brown_fiction"	"1662"	"feel"	"But of course behind his boldness he didn't feel bold at all ."	"STATIVE"	"STATIVE"	"STATIVE"
"brown_belles_lettres"	"1663"	"feel"	"When someone in the audience rose and asked how does it feel to be a celebrity , Carl said , `` A celebrity is a fellow who eats celery with celerity '' ."	"STATIVE"	"STATIVE"	"STATIVE"
"brown_romance"	"1664"	"feel"	"Once when she asked why he never went swimming and he answered , `` Don't feel like it '' , he was tempted to tell her about being scared ."	"STATIVE"	"STATIVE"	"STATIVE"
"brown_editorial"	"1665"	"feel"	"We feel that The Detroit News is to be complimented upon arranging for articles on these subjects and we hope that it will continue to provide material along wholesome lines ."	"STATIVE"	"STATIVE"	"STATIVE"
"brown_lore"	"1666"	"feel"	"Some of these mothers , apparently feeling a desperate urgency , made , on the spur of the moment , commitments , in love and sex , that would have life-long consequences ."	"STATIVE"	"STATIVE"	"STATIVE"
"brown_news"	"1667"	"feel"	"`` I feel confident the stock will qualify for the ' national list ' '' , he said , meaning its market price would be quoted regularly in newspapers all over the country ."	"STATIVE"	"STATIVE"	"STATIVE"
"brown_fiction"	"1668"	"feel"	"He had come because he could not live out his life feeling that he had been a coward ."	"STATIVE"	"STATIVE"	"STATIVE"
"brown_hobbies"	"1669"	"feel"	"By that , one feels that magnetic forces are as general as electrical forces ."	"STATIVE"	"STATIVE"	"STATIVE"
"brown_science_fiction"	"1670"	"feel"	"`` I feel fine ! !"	"STATIVE"	"STATIVE"	"STATIVE"
"brown_lore"	"1671"	"feel"	"`` I feel cold '' , the medium says , or `` My leg aches '' , `` My head is heavy '' ."	"STATIVE"	"STATIVE"	"STATIVE"
"brown_mystery"	"1672"	"feel"	"Hank was beginning to feel sharp concern for Mr. Black ."	"STATIVE"	"STATIVE"	"STATIVE"
"brown_news"	"1673"	"feel"	"`` I have enjoyed it and will feel a bit lost at least for a while '' , she said wistfully Friday ."	"STATIVE"	"STATIVE"	"STATIVE"
"brown_fiction"	"1674"	"feel"	"Stevie could feel himself toppling ."	"STATIVE"	"STATIVE"	"STATIVE"
"brown_science_fiction"	"1675"	"feel"	"The sooner you act like an angel the quicker you'll feel angelic ."	"STATIVE"	"STATIVE"	"STATIVE"
"brown_lore"	"1676"	"feel"	"I can look at furniture in one spot year in and year out and really feel for sure that's where it belongs ."	"STATIVE"	"STATIVE"	"STATIVE"
"brown_mystery"	"1677"	"feel"	"A real gentleman , I feel , would do neither ."	"STATIVE"	"STATIVE"	"STATIVE"
"brown_fiction"	"1678"	"feel"	"It made her feel different about Howard ."	"STATIVE"	"STATIVE"	"STATIVE"
"brown_fiction"	"1679"	"feel"	"Honest I could feel the hair stand up on the back of my neck like a dog's that is going to get into a fight ."	"STATIVE"	"STATIVE"	"STATIVE"
"brown_belles_lettres"	"1680"	"feel"	"We feel the quality of these powers initially as in some degree wholesome or threatening ."	"STATIVE"	"STATIVE"	"STATIVE"
"brown_news"	"1681"	"feel"	"Now her modern tapestries have been exhibited on two continents and , at 26 , she feels she is on the threshold of a whole new life in Los Angeles ."	"STATIVE"	"STATIVE"	"STATIVE"
"brown_editorial"	"1682"	"feel"	"We sympathize with Mr. Kennedy , but we feel bound to say that his budget review doesn't please us either , although for very different reasons ."	"STATIVE"	"STATIVE"	"STATIVE"
"brown_humor"	"1683"	"feel"	"Just long enough to make you feel important ."	"STATIVE"	"STATIVE"	"STATIVE"
"brown_lore"	"1684"	"feel"	"Owing to the restrained usages characteristic of 19th-century America , these letters usually were stereotyped and revealed little depth of feeling ."	"CONTEXT"	"CONTEXT"	"CONTEXT"
"brown_learned"	"1685"	"feel"	"Varlaam's music begins to ramble as he feels the effects of the wine , but he pulls himself together when the need arises ."	"STATIVE"	"STATIVE"	"STATIVE"
"brown_lore"	"1686"	"feel"	"This is , no doubt , inaccurate , but it does convey how isolated she feels among the vast army of the nonobservant ."	"STATIVE"	"STATIVE"	"STATIVE"
"brown_news"	"1687"	"feel"	"She said , when she learned Jackie was heading home : `` I'm just speculating , but I have to think Jack feels he's hurting Boston's chances '' ."	"STATIVE"	"STATIVE"	"STATIVE"
"brown_learned"	"1688"	"feel"	"As artists we feel the same obligation , as do other individuals , in considering ourselves responsible citizens of a great nation ."	"STATIVE"	"STATIVE"	"STATIVE"
"brown_news"	"1689"	"feel"	"Player was the first to feel its teeth ."	"STATIVE"	"STATIVE"	"STATIVE"
"brown_belles_lettres"	"1690"	"feel"	"From maturity one looks back at the succession of years , counts them and makes them many , yet cannot feel length in the number , however large ."	"STATIVE"	"STATIVE"	"STATIVE"
"brown_editorial"	"1691"	"feel"	"I feel that few burglars would be prone to break and enter into someone's apartment if they were met with a good hardy growl that a dog would provide ."	"STATIVE"	"STATIVE"	"STATIVE"
"brown_romance"	"1692"	"feel"	"It made me feel good and knowing that she'd decided , all on her own , to go to college right here in town made me feel good , too ."	"STATIVE"	"STATIVE"	"STATIVE"
"brown_editorial"	"1693"	"feel"	"I feel compelled to write this because I am greatly concerned with the problem of community growth rate and the relation between types of growth in a town such as East Greenwich ."	"STATIVE"	"STATIVE"	"STATIVE"
"brown_fiction"	"1694"	"feel"	"She knew she was feeling afraid and inwardly laughed at herself ."	"STATIVE"	"STATIVE"	"STATIVE"
"brown_news"	"1695"	"feel"	"President Kennedy's invitation to the Spanish-born master said , `` We feel your performance as one of the world's greatest artists would lend distinction to the entertainment of our guests '' ."	"STATIVE"	"STATIVE"	"STATIVE"
"brown_science_fiction"	"1696"	"feel"	"And , slowly , feeling himself icy yet burning , Hal turned ."	"STATIVE"	"STATIVE"	"STATIVE"
"brown_belles_lettres"	"1697"	"feel"	"The basic difficulty , I suppose , was in my ultimate inability to feel a burden of sin from which I sought relief ."	"STATIVE"	"STATIVE"	"STATIVE"
"brown_fiction"	"1698"	"feel"	"Not until the words had been spoken did Abel suddenly see the old house and the insistent sea , and feel his contrition blotted out in one shameful moment of covetousness ."	"STATIVE"	"STATIVE"	"STATIVE"
"brown_religion"	"1699"	"feel"	"Or are you trying the devil's substitutes to relieve that spiritual hunger you feel within ? ?"	"STATIVE"	"STATIVE"	"STATIVE"
"brown_learned"	"1700"	"feel"	"We should say that we made our point with feeling the first time and little or no feeling the second time , but that it was the same point we were making ."	"CONTEXT"	"CONTEXT"	"CONTEXT"
"brown_government"	"1701"	"feel"	"It happens that I am a legislator from Ohio and that I feel deeply about the needs , the aspirations , the interests of my district and my State ."	"STATIVE"	"STATIVE"	"STATIVE"
"brown_romance"	"1702"	"feel"	"I suppose we were cold , but we didn't feel it ."	"STATIVE"	"STATIVE"	"STATIVE"
"brown_learned"	"1703"	"feel"	"As a nation , we feel an obligation to assist other countries in their development ; ;"	"STATIVE"	"STATIVE"	"STATIVE"
"brown_romance"	"1704"	"feel"	"I feel another of terrible urgency ."	"STATIVE"	"CONTEXT"	"BOTH"
"brown_religion"	"1705"	"feel"	"There is no occasion to feel uneasy or disturbed about these people ."	"STATIVE"	"STATIVE"	"STATIVE"
"brown_news"	"1706"	"feel"	"He was critical of what he feels is President Kennedy's tendency to be too conciliatory ."	"STATIVE"	"STATIVE"	"STATIVE"
"brown_fiction"	"1707"	"feel"	"I feel kind of bad about it '' ."	"STATIVE"	"STATIVE"	"STATIVE"
"brown_humor"	"1708"	"feel"	"( I sometimes feel that God , in His infinite wisdom , wants us to have these inexplicable little lapses of memory ."	"STATIVE"	"STATIVE"	"STATIVE"
"brown_hobbies"	"1709"	"feel"	"Yet you feel the orchestra is near at hand , and the individual instruments have the same firm presence associated with listening from a good seat in an acoustically perfect hall ."	"STATIVE"	"STATIVE"	"STATIVE"
"brown_religion"	"1710"	"feel"	"We trust you are not one of the 70,000,000 Americans who do not attend church , but who feel that various forms of recreation are more important than worshipping the God who made our country great ."	"STATIVE"	"STATIVE"	"STATIVE"
"brown_editorial"	"1711"	"feel"	"He always feels lonely ."	"STATIVE"	"STATIVE"	"STATIVE"
"brown_adventure"	"1712"	"feel"	"It makes the diver feel drunk '' ."	"STATIVE"	"STATIVE"	"STATIVE"
"brown_romance"	"1713"	"feel"	"With that wife of his , I think he feels every chance he gets is his big chance ."	"STATIVE"	"STATIVE"	"STATIVE"
"brown_belles_lettres"	"1714"	"feel"	"Neither the engineer nor the ordinary citizen feels any self-consciousness in obeying the laws of matter and energy , nor can he achieve a sense of self-righteousness in such obedience ."	"STATIVE"	"STATIVE"	"STATIVE"
"brown_editorial"	"1715"	"feel"	"He feels , suddenly , the weight of the fat that is on him ."	"STATIVE"	"STATIVE"	"STATIVE"
"brown_belles_lettres"	"1716"	"feel"	"They feel they are leagued against a hostile , persecutory world , faced with the concerted malevolent opposition of squares and their hirelings , the police ."	"STATIVE"	"STATIVE"	"STATIVE"
"brown_belles_lettres"	"1717"	"feel"	"Something was happening all right , slowly it is true , but you could feel it ."	"STATIVE"	"STATIVE"	"STATIVE"
"brown_mystery"	"1718"	"feel"	"She'll eat just a pineapple and cottage cheese salad and I'm to have one with her so she won't feel out of place '' ."	"STATIVE"	"STATIVE"	"STATIVE"
"brown_hobbies"	"1719"	"feel"	"She is owned by Ralph H. Kroening , Milwaukee , Wis. , who , according to the railbirds , can feel justly proud of her ."	"STATIVE"	"STATIVE"	"STATIVE"
"brown_belles_lettres"	"1720"	"feel"	"Plato feels that man has two competing aspects , his rational faculty and his irrational ."	"STATIVE"	"STATIVE"	"STATIVE"
"brown_lore"	"1721"	"feel"	"Shout at Eichmann though he might , the Prosecutor could not establish that the defendant was falsifying the way he felt about Jews or that what he did feel fell into the generally recognized category of anti-Semitism ."	"STATIVE"	"STATIVE"	"STATIVE"
"brown_editorial"	"1722"	"feel"	"Ex-Presidents , relieved of accountability for policy , sometimes seem to feel free of accountability for their words ."	"STATIVE"	"STATIVE"	"STATIVE"
"brown_lore"	"1723"	"feel"	"I don't feel much like a maryed man but I never forgit it sofar as to court enny other lady but if I should you must forgive me as I am so forgitful '' ."	"STATIVE"	"STATIVE"	"STATIVE"
"brown_belles_lettres"	"1724"	"feel"	"and according to them , whatever one fancies one feels , what one feels in fact is the opposite ."	"STATIVE"	"STATIVE"	"STATIVE"
"brown_lore"	"1725"	"feel"	"What actually occurred in the past is seldom as important as what a given generation feels must have occurred ."	"STATIVE"	"STATIVE"	"STATIVE"
"brown_belles_lettres"	"1726"	"feel"	"Yet with a mind less shallow , if less sharp , than some of the fortune-happy syndicates which back him , he feels what he cannot formulate ; ;"	"STATIVE"	"STATIVE"	"STATIVE"
"brown_belles_lettres"	"1727"	"feel"	"Also , since the man questioned feels a strong compulsion to answer ( and thereby avoid the consequences of being thought queer ) the question has assumed some measurable properties of a command ."	"STATIVE"	"STATIVE"	"STATIVE"
"brown_government"	"1728"	"feel"	"Sam Rayburn has never had to look back at any of his most devastating fights and ever feel ashamed of his conduct as a combatant under fire or his political manners in the heat of conflicting ambitions ."	"STATIVE"	"STATIVE"	"STATIVE"
"brown_belles_lettres"	"1729"	"feel"	"I did not feel it presumptuous to expect that the Creator would be at least as just as the most righteous of His creatures ; ;"	"STATIVE"	"STATIVE"	"STATIVE"
"brown_mystery"	"1730"	"feel"	"I reached my hand toward him to put it inside his shirt to feel for a heartbeat , but Charlie said `` Wait '' ! !"	"DYNAMIC"	"DYNAMIC"	"DYNAMIC"
"brown_fiction"	"1731"	"feel"	"Planes made her feel faint , and in Tokyo , where she had gone that summer , she had been given raw fish for breakfast and so she had come straight home ."	"STATIVE"	"STATIVE"	"STATIVE"
"brown_romance"	"1732"	"feel"	"You think : `` Did he feel that way about me '' ? ?"	"STATIVE"	"STATIVE"	"STATIVE"
"brown_news"	"1733"	"feel"	"A large , well-stocked library , surrounded in a county by smaller ones , may feel that the demands on its resources are likely to be too great ."	"STATIVE"	"STATIVE"	"STATIVE"
"brown_romance"	"1734"	"feel"	"Mr. Partlow could still feel a cold sweat on his slightly gray temples as he remembered what a near thing chemistry had been for him at Hanford ."	"STATIVE"	"STATIVE"	"STATIVE"
"brown_mystery"	"1735"	"feel"	"He could feel himself falling in with it and being unable to get out ."	"DYNAMIC"	"STATIVE"	"BOTH"
"brown_belles_lettres"	"1736"	"feel"	"He will not curb his instinctual desires but release the energy within him that makes him feel truly and fully alive , even if it is only for this brief moment before the apocalypse of annihilation explodes on earth ."	"STATIVE"	"STATIVE"	"STATIVE"
"brown_adventure"	"1737"	"feel"	"`` I feel like getting back to town , that's what I feel like ! !"	"STATIVE"	"STATIVE"	"STATIVE"
"brown_hobbies"	"1738"	"feel"	"When the front knee is straight and locked , allow it to bend again until you feel the bar come lightly into contact with the sides of the Power Stands ."	"DYNAMIC"	"BOTH"	"BOTH"
"brown_mystery"	"1739"	"feel"	"Keeping her frightened gaze on the men at the counter , she began to feel her way to the door ."	"DYNAMIC"	"DYNAMIC"	"DYNAMIC"
"brown_reviews"	"1740"	"feel"	"In point of fact , the race-drivers one knows are nearly always intelligent , healthy technicians who differ from other technicians only in the depth of the passion they feel for the work by which they live ."	"STATIVE"	"STATIVE"	"STATIVE"
"brown_mystery"	"1741"	"feel"	"`` What do you feel '' ? ?"	"STATIVE"	"STATIVE"	"STATIVE"
"brown_romance"	"1742"	"feel"	"Mr. Robards laughed , said he'd feel a damn fool , plain-out couldn't do that even to please her ."	"STATIVE"	"STATIVE"	"STATIVE"
"brown_mystery"	"1743"	"feel"	"`` How do you feel '' ? ?"	"STATIVE"	"STATIVE"	"STATIVE"
"brown_editorial"	"1744"	"feel"	"He feels , therefore , that to seek a discontinuity in the arms policy of the United States is the least risky path our government can take ."	"STATIVE"	"STATIVE"	"STATIVE"
"brown_lore"	"1745"	"feel"	"Perhaps under the guidance of this Nazi principle one could , as Eichmann declared , feel personally friendly toward the Jews and still be their murderer ."	"STATIVE"	"STATIVE"	"STATIVE"
"brown_editorial"	"1746"	"feel"	"On these they feel they can rely ."	"STATIVE"	"STATIVE"	"STATIVE"
"brown_hobbies"	"1747"	"feel"	"If you would feel happier with full collision insurance , there is a small additional charge , again varying from country to country and depending on the term of such insurance ."	"STATIVE"	"STATIVE"	"STATIVE"
"brown_fiction"	"1748"	"feel"	"Almost immediately she was ashamed of herself for feeling vain , at such a time , in such a place , and she tossed back her long yellow hair , smiling shyly as she entered the room ."	"STATIVE"	"STATIVE"	"STATIVE"
"brown_mystery"	"1749"	"feel"	"How would you feel about it if I were to ask you for a date when I get through at Hanover '' ? ?"	"STATIVE"	"STATIVE"	"STATIVE"
"brown_news"	"1750"	"feel"	"In another respect , television viewers will feel right at home because most of the actors are unknowns ."	"STATIVE"	"STATIVE"	"STATIVE"
"brown_adventure"	"1751"	"feel"	"Help me up , I feel kind of stiff '' ."	"STATIVE"	"STATIVE"	"STATIVE"
"brown_lore"	"1752"	"feel"	"The sensitive often seems to smell definite odors , too , or subjectively feels emotions ."	"STATIVE"	"STATIVE"	"STATIVE"
"brown_editorial"	"1753"	"feel"	"A team feels something ."	"STATIVE"	"STATIVE"	"STATIVE"
"brown_mystery"	"1754"	"feel"	"Dead , dead as a brass door nail , and I sometimes feel like the Sexton , for I'm about the last to be even interested ."	"STATIVE"	"STATIVE"	"STATIVE"
"brown_mystery"	"1755"	"feel"	"He really didn't take the offer seriously , but he began to feel uneasy ."	"STATIVE"	"STATIVE"	"STATIVE"
"brown_editorial"	"1756"	"feel"	"They feel that World War 3 , has already begun , and they are setting themselves up as a `` last line of defense '' against the Communist advance ."	"STATIVE"	"STATIVE"	"STATIVE"
"brown_news"	"1757"	"feel"	"Nevertheless , `` we feel that in the future Fulton County should receive some portion of these available funds '' , the jurors said ."	"STATIVE"	"STATIVE"	"STATIVE"
"brown_hobbies"	"1758"	"feel"	"You arrive there in seersucker , and feel you were half-witted not to bring a mackintosh ."	"STATIVE"	"STATIVE"	"STATIVE"
"brown_romance"	"1759"	"feel"	"`` We all feel guilty '' , I turned away from her coldly ."	"STATIVE"	"STATIVE"	"STATIVE"
"brown_fiction"	"1760"	"feel"	"Kayabashi must feel fairly certain of his victory in order to make a visit like this , a trip which could be so easily misinterpreted by the people in the village ."	"STATIVE"	"STATIVE"	"STATIVE"
"brown_romance"	"1761"	"feel"	"I feel it's my duty ."	"STATIVE"	"STATIVE"	"STATIVE"
"brown_belles_lettres"	"1762"	"feel"	"The dancer who never loosens her hold on a parasol , begins to feel that it is part of herself ."	"STATIVE"	"STATIVE"	"STATIVE"
"brown_romance"	"1763"	"feel"	"Impossible to imagine Adelia feeling so about anyone ."	"STATIVE"	"STATIVE"	"STATIVE"
"brown_editorial"	"1764"	"feel"	"How can we old-fashioned parents , who still feel that adults are due some respect from children , battle the new type of advertising that appears on TV without denying the children the use of television entirely ? ?"	"STATIVE"	"STATIVE"	"STATIVE"
"brown_learned"	"1765"	"feel"	"When the therapist came to feel on sufficiently sure ground with him to ask him , `` What is that , Bill -- hello or farewell '' ? ?"	"STATIVE"	"DYNAMIC"	"BOTH"
"brown_learned"	"1766"	"feel"	"and we are now so fatigued in body and mind that feeling is , as we say , quite dead ."	"CONTEXT"	"STATIVE"	"BOTH"
"brown_science_fiction"	"1767"	"feel"	"He was wide awake , but he did not feel like doing anything ."	"STATIVE"	"STATIVE"	"STATIVE"
"brown_adventure"	"1768"	"feel"	"She had offered to walk , but Pamela knew she would not feel comfortable about her child until she had personally confided her to the care of the little pink woman who chose to be called `` Auntie '' ."	"STATIVE"	"STATIVE"	"STATIVE"
"brown_fiction"	"1769"	"feel"	"He laughed , suddenly , feeling a surge of power telling him of his hold over them , seeing himself before them , receiving utmost respect and attention ."	"STATIVE"	"STATIVE"	"STATIVE"
"brown_fiction"	"1770"	"feel"	"I'm sure all girls feel this way about men until they live with them ."	"STATIVE"	"STATIVE"	"STATIVE"
"brown_mystery"	"1771"	"feel"	"He couldn't feel any ."	"STATIVE"	"STATIVE"	"STATIVE"
"brown_news"	"1772"	"feel"	"And he wanted to be careful that the kids not only learn about Communist but also about what he feels is the only antidote -- a Biblically strong Christianity ."	"STATIVE"	"STATIVE"	"STATIVE"
"brown_learned"	"1773"	"feel"	"In short , as frequently happens in analyses , the individual feels threatened and defends himself ."	"STATIVE"	"STATIVE"	"STATIVE"
"brown_romance"	"1774"	"feel"	"`` I'm glad you feel that way , honey ."	"STATIVE"	"STATIVE"	"STATIVE"
"brown_learned"	"1775"	"feel"	"the positivists are plainly right in saying that such remarks do usually express feeling ."	"CONTEXT"	"CONTEXT"	"CONTEXT"
"brown_belles_lettres"	"1776"	"feel"	"But unlike Holmes , he feels his society to be not merely dull but also corrupt ."	"STATIVE"	"STATIVE"	"STATIVE"
"brown_romance"	"1777"	"feel"	"He muttered , and took off , obviously feeling like a fool ."	"STATIVE"	"STATIVE"	"STATIVE"
"brown_romance"	"1778"	"feel"	"Jenny wished now that she had had Dr. Dunne , feeling that somehow he wouldn't have allowed the dear baby to turn into triplets ."	"STATIVE"	"STATIVE"	"STATIVE"
"brown_adventure"	"1779"	"feel"	"He said : `` You'll feel a lot better after you have a bath ."	"STATIVE"	"STATIVE"	"STATIVE"
"brown_adventure"	"1780"	"feel"	"Even strange names seemed to make them feel closer to some kind of civilization when stumbled across out here in this wilderness ."	"STATIVE"	"STATIVE"	"STATIVE"
"brown_adventure"	"1781"	"feel"	"Greg climbed into the cockpit feeling as if he had never been in one before ."	"STATIVE"	"STATIVE"	"STATIVE"
"brown_learned"	"1782"	"feel"	"those who feel inferior or insecure engage in these activities more than do well-adjusted children ."	"STATIVE"	"STATIVE"	"STATIVE"
"brown_fiction"	"1783"	"feel"	"Eileen seemed to feel the same way ."	"STATIVE"	"STATIVE"	"STATIVE"
"brown_lore"	"1784"	"feel"	"Perhaps they are mourning a recent death and want comfort , to feel in touch with the deceased , or seek indications for future plans ."	"STATIVE"	"STATIVE"	"STATIVE"
"brown_lore"	"1785"	"feel"	"Since the change to better nutrition , he feels he can report on improvements in health , though he considers the following statements observations and not scientific proof ."	"STATIVE"	"STATIVE"	"STATIVE"
"brown_news"	"1786"	"feel"	"`` Governments apparently do not feel obligated to make the people adequately aware of this danger ; ;"	"STATIVE"	"STATIVE"	"STATIVE"
"brown_adventure"	"1787"	"feel"	"`` How do the valley people feel '' ? ?"	"STATIVE"	"STATIVE"	"STATIVE"
"brown_science_fiction"	"1788"	"feel"	"`` We regard it as fair only when each party feels that what he has received is as valuable , or more valuable , than what he has given '' ."	"STATIVE"	"STATIVE"	"STATIVE"
"brown_adventure"	"1789"	"feel"	"She said with intense feeling : `` Come near , let me feel your arms ."	"DYNAMIC"	"CONTEXT"	"BOTH"
"brown_adventure"	"1790"	"feel"	"`` Come spring , you'll be kicking up your heels and feeling coltish again too , gal '' ."	"STATIVE"	"STATIVE"	"STATIVE"
"brown_belles_lettres"	"1791"	"feel"	"How would Thomas Jefferson feel after reading Factories In The Field ? ?"	"STATIVE"	"STATIVE"	"STATIVE"
"brown_adventure"	"1792"	"feel"	"He would feel ashamed each time and wonder whether his mother and father knew -- thinking they might see it in his eyes or smell it on him ."	"STATIVE"	"STATIVE"	"STATIVE"
"brown_reviews"	"1793"	"feel"	"Each feels intensely national ."	"STATIVE"	"STATIVE"	"STATIVE"
"brown_fiction"	"1794"	"feel"	"Coughlin grinned , feeling supremely on top of things ."	"STATIVE"	"STATIVE"	"STATIVE"
"brown_news"	"1795"	"make"	"Anticipated heavy traffic along the Skyline Drive failed to materialize yesterday , park rangers said , and those who made the trip got a leisurely view of the fall colors through skies swept clear of haze ."	"DYNAMIC"	"DYNAMIC"	"DYNAMIC"
"brown_religion"	"1796"	"make"	"The statement is often made that when Bultmann argues in this way , he `` overestimates the intellectual stumbling-block which myth is supposed to put in the way of accepting the Christian faith '' ."	"DYNAMIC"	"DYNAMIC"	"DYNAMIC"
"brown_government"	"1797"	"make"	"It embraced determining when to purchase and when to trade vehicles , who was to drive , when and where repairs were to be made , where gasoline and automobile services were to be obtained and other allied matters ."	"DYNAMIC"	"DYNAMIC"	"DYNAMIC"
"brown_hobbies"	"1798"	"make"	"On the other hand , out-of-sight does not lead to out-of-mind when children cannot be easily observed and you have to make a long trek to reach the pool ."	"DYNAMIC"	"DYNAMIC"	"DYNAMIC"
"brown_news"	"1799"	"make"	"The decision was made in Zurich by Prince Boun Oum , Premier of the pro-Western royal Government ; ;"	"DYNAMIC"	"DYNAMIC"	"DYNAMIC"
"brown_adventure"	"1800"	"make"	"I made you a man '' ."	"DYNAMIC"	"DYNAMIC"	"DYNAMIC"
"brown_learned"	"1801"	"make"	"In 1913 an abortive provision was made for the stay of federal injunction proceedings upon institution of state court test cases ."	"DYNAMIC"	"DYNAMIC"	"DYNAMIC"
"brown_learned"	"1802"	"make"	"They were asked to vote `` true '' if they thought they had seen him make the error , `` false '' if they thought he had not ; ;"	"DYNAMIC"	"DYNAMIC"	"DYNAMIC"
"brown_humor"	"1803"	"make"	"Moreland sat brooding for a full minute , during which I made each of us a new drink ."	"DYNAMIC"	"DYNAMIC"	"DYNAMIC"
"brown_hobbies"	"1804"	"make"	"The combination of thin pattern and very tiny pellets makes it necessary to get on the birds , right now ! !"	"STATIVE"	"DYNAMIC"	"BOTH"
"brown_romance"	"1805"	"make"	"It was Mrs. Kirby , making her toilsome way along the veranda , laden with a clattery collection of mops , brushes , and pails ."	"DYNAMIC"	"DYNAMIC"	"DYNAMIC"
"brown_hobbies"	"1806"	"make"	"Use this section to plan now to make the most of your vacation in photogenic America ."	"DYNAMIC"	"DYNAMIC"	"DYNAMIC"
"brown_lore"	"1807"	"make"	"Negroes , Puerto Ricans , and rural newcomers are slowly making their way into the cities ."	"DYNAMIC"	"DYNAMIC"	"DYNAMIC"
"brown_government"	"1808"	"make"	"to make payments of $1,000 on the principal of each award of more than $1,000 in principal amount , certified pursuant to Section 5 of this Title ; ;"	"DYNAMIC"	"DYNAMIC"	"DYNAMIC"
"brown_government"	"1809"	"make"	"Fashion centers are now predicting broad acceptance of sports apparel and improved `` wash and wear '' dresses and blouses made from these fabrics ."	"STATIVE"	"DYNAMIC"	"BOTH"
"brown_editorial"	"1810"	"make"	"This third choice was in fact made ."	"DYNAMIC"	"DYNAMIC"	"DYNAMIC"
"brown_learned"	"1811"	"make"	"The location of the oxidation pond in a high-value residential area makes odor nuisances a sensitive problem for the developer ."	"DYNAMIC"	"STATIVE"	"BOTH"
"brown_humor"	"1812"	"make"	"But what quarter could a poor defenseless woman expect from a dictator who would even make so bold as to close all of the banks in our great nation ? ?"	"STATIVE"	"DYNAMIC"	"BOTH"
"brown_government"	"1813"	"make"	"The first step is a comprehensive self study made by faculty , by outside consultants , or by a combination of the two ."	"DYNAMIC"	"DYNAMIC"	"DYNAMIC"
"brown_lore"	"1814"	"make"	"And besides you seem to make it all right here '' ."	"DYNAMIC"	"DYNAMIC"	"DYNAMIC"
"brown_news"	"1815"	"make"	"Since 1949 , the only National League club that got off to a hot start and made a runaway of the race was the '55 Dodger team ."	"DYNAMIC"	"DYNAMIC"	"DYNAMIC"
"brown_news"	"1816"	"make"	"-- Richard J. Hughes made his Morris County debut in his bid for the Democratic gubernatorial nomination here last night with a pledge `` to carry the issues to every corner of the state '' ."	"DYNAMIC"	"DYNAMIC"	"DYNAMIC"
"brown_news"	"1817"	"make"	"This is another of the modifications of policy on Laos that the Kennedy administration has felt compelled to make ."	"DYNAMIC"	"DYNAMIC"	"DYNAMIC"
"brown_government"	"1818"	"make"	"Refunds of less than $1 will not be made unless you attach a separate application to your return requesting such a refund ."	"DYNAMIC"	"DYNAMIC"	"DYNAMIC"
"brown_lore"	"1819"	"make"	"The Prime Minister paid his respects to the Buddhist monks , strode rapidly among the houses , joked with the local soldiery , and made a speech ."	"DYNAMIC"	"DYNAMIC"	"DYNAMIC"
"brown_romance"	"1820"	"make"	"`` It's not for making pretty speeches about Dante those actresses get paid so good '' ."	"DYNAMIC"	"CONTEXT"	"BOTH"
"brown_government"	"1821"	"make"	"The United States can use its aid as an incentive to self-help by responding with aid on a sustained basis , tailored to priority needs , to those countries making serious efforts in self-help ."	"DYNAMIC"	"DYNAMIC"	"DYNAMIC"
"brown_belles_lettres"	"1822"	"make"	"The Rule of Law , historically a principle according everyone his `` day in court '' before an impartial tribunal , was broadened substantively by making it a responsibility of government to promote individual welfare ."	"DYNAMIC"	"DYNAMIC"	"DYNAMIC"
"brown_belles_lettres"	"1823"	"make"	"After making a short statement about human rights , and the freedom to travel , I told them I would be going to the Kehl bridge the next morning in order to cross the Rhine into Germany ."	"DYNAMIC"	"DYNAMIC"	"DYNAMIC"
"brown_news"	"1824"	"make"	"The Laos government plea for help was made by Foreign Minister Tiao Sopsaisana ."	"DYNAMIC"	"DYNAMIC"	"DYNAMIC"
"brown_learned"	"1825"	"make"	"In one outstanding example , Whirlpool Corp. found that by switching to urethane foam insulation , they could increase the storage capacity of gas refrigerators to make them competitive with electric models ."	"DYNAMIC"	"DYNAMIC"	"DYNAMIC"
"brown_belles_lettres"	"1826"	"make"	"All could help the President make his decision ."	"DYNAMIC"	"DYNAMIC"	"DYNAMIC"
"brown_learned"	"1827"	"make"	"Try to imagine a market in which only a minority of traders would lose , and the majority would make consistent profits ."	"DYNAMIC"	"DYNAMIC"	"DYNAMIC"
"brown_mystery"	"1828"	"make"	"So he made a mistake ."	"DYNAMIC"	"DYNAMIC"	"DYNAMIC"
"brown_learned"	"1829"	"make"	"A system had to be used which did not depend upon the feeding of the fluid into the manometer if measurements of the normal pressure were to be made in a reasonable time ."	"DYNAMIC"	"DYNAMIC"	"DYNAMIC"
"brown_fiction"	"1830"	"make"	"`` He makes me uncomfortable '' ."	"STATIVE"	"DYNAMIC"	"BOTH"
"brown_mystery"	"1831"	"make"	"He was dead before his body made contact with the floor ."	"DYNAMIC"	"DYNAMIC"	"DYNAMIC"
"brown_lore"	"1832"	"make"	"A posse is formed and pursues the robbers , who , having made their escape , are whooping it up with some wild , wild women in a honky-tonk hide-out ."	"DYNAMIC"	"DYNAMIC"	"DYNAMIC"
"brown_hobbies"	"1833"	"make"	"There are many ways of making a kedgeree , every one of which is right ."	"DYNAMIC"	"DYNAMIC"	"DYNAMIC"
"brown_fiction"	"1834"	"make"	"She had talked to him right there , with the hot sun in his face , which made him sweat and feel ashamed ."	"DYNAMIC"	"DYNAMIC"	"DYNAMIC"
"brown_government"	"1835"	"make"	"Even in these cases we should promote self-help by making it clear that our supporting assistance is subject to reduction and ultimately to termination ."	"DYNAMIC"	"DYNAMIC"	"DYNAMIC"
"brown_learned"	"1836"	"make"	"Once she has made up her mind , the queen starts out by constructing , in her chosen abode , a small `` floor '' of dried grass or some woolly material ."	"DYNAMIC"	"DYNAMIC"	"DYNAMIC"
"brown_hobbies"	"1837"	"make"	"These are made on special order only , in Kodiak grade ( about $310 ) , with integral muzzle brakes and heavy rubber recoil pads ; ;"	"DYNAMIC"	"DYNAMIC"	"DYNAMIC"
"brown_humor"	"1838"	"make"	"Just long enough to make you feel important ."	"DYNAMIC"	"DYNAMIC"	"DYNAMIC"
"brown_belles_lettres"	"1839"	"make"	"And even hearing it in a concert hall surrounded by hundreds of people the words and the melody would make me a little colder and I would reach out for my husband's hand ."	"DYNAMIC"	"DYNAMIC"	"DYNAMIC"
"brown_hobbies"	"1840"	"make"	"Here are some key areas to examine to make sure your pricing strategy will be on target :"	"DYNAMIC"	"DYNAMIC"	"DYNAMIC"
"brown_learned"	"1841"	"make"	"Softer knives would blunt very rapidly , making the value of Af inexact ."	"DYNAMIC"	"DYNAMIC"	"DYNAMIC"
"brown_lore"	"1842"	"make"	"Reinforcements came up quickly to take advantage of the opening made by Goulding's platoon ."	"DYNAMIC"	"DYNAMIC"	"DYNAMIC"
"brown_editorial"	"1843"	"make"	"But it can be dangerous if the joiner doesn't want to make a spectacle of himself ."	"DYNAMIC"	"DYNAMIC"	"DYNAMIC"
"brown_hobbies"	"1844"	"make"	"Beccaria had almost stumbled on a lead to the relationship between electricity and magnetism when a discharge from a Leyden jar was sent transversally through a piece of watch-spring steel making its ends magnetic ."	"DYNAMIC"	"DYNAMIC"	"DYNAMIC"
"brown_learned"	"1845"	"make"	"Kent and Story , the great early American scholars , repeatedly made use of this phrase , or of `` Christian nations '' , which is a substantial equivalent ."	"DYNAMIC"	"DYNAMIC"	"DYNAMIC"
"brown_learned"	"1846"	"make"	"Mack's the leader at camp , but Jack's here , with this is deprived of stress , makes here the complement in the clause ."	"DYNAMIC"	"DYNAMIC"	"DYNAMIC"
"brown_hobbies"	"1847"	"make"	"Knowing specifically what the many feed additives can do and how and when to feed them can make a highly competitive business more profitable for beef , dairy , and sheep men ."	"DYNAMIC"	"DYNAMIC"	"DYNAMIC"
"brown_government"	"1848"	"make"	"We received 76 out-of-state visitors interested in investigating Rhode Island's industrial advantages , and Industrial Division personnel made 55 out-of-state follow-up visits ."	"DYNAMIC"	"DYNAMIC"	"DYNAMIC"
"brown_romance"	"1849"	"make"	"He passed two brides , both wearing orchids , and they made him feel a little sad ."	"DYNAMIC"	"DYNAMIC"	"DYNAMIC"
"brown_adventure"	"1850"	"make"	"I will make him distributor for all of Florida -- a big market ."	"DYNAMIC"	"DYNAMIC"	"DYNAMIC"
"brown_news"	"1851"	"make"	"The presentation was made before several hundred persons at the annual meeting of the League at Olney Hall , College of Marin , Kentfield ."	"DYNAMIC"	"DYNAMIC"	"DYNAMIC"
"brown_religion"	"1852"	"make"	"There was so much interest shown in this present-day venture that it was continued on B.B.C. , where comments were equally made by an Anglican parson , a Free Church minister and a Catholic priest ."	"DYNAMIC"	"DYNAMIC"	"DYNAMIC"
"brown_news"	"1853"	"make"	"The proposal , Sheets said , represents part of his program for election reforms necessary to make democracy in New Jersey more than a `` lip service word '' ."	"DYNAMIC"	"DYNAMIC"	"DYNAMIC"
"brown_belles_lettres"	"1854"	"make"	"Gun on shoulder , he would march smartly for a few yards , bring his heels together with a click , make a brisk pirouette , skirts flaring , and march back to his point of departure ."	"DYNAMIC"	"DYNAMIC"	"DYNAMIC"
"brown_government"	"1855"	"make"	"If these services are to be maintained , the New York Central must have the revenues to make them possible '' ."	"DYNAMIC"	"DYNAMIC"	"DYNAMIC"
"brown_news"	"1856"	"make"	"Since 1927 , fewer than a dozen men have made serious runs at Babe Ruth's record and each , in turn , has been thwarted ."	"DYNAMIC"	"DYNAMIC"	"DYNAMIC"
"brown_news"	"1857"	"make"	"The Yankee triumph made Ralph Houk only the third man to lead a team to both a pennant and a World Series victory in his first year as a manager ."	"DYNAMIC"	"DYNAMIC"	"DYNAMIC"
"brown_learned"	"1858"	"make"	"And suppose that the circumstances have now so changed that the feeling with which we made the remark in the first place has faded ."	"DYNAMIC"	"DYNAMIC"	"DYNAMIC"
"brown_romance"	"1859"	"make"	"one had always felt the need to make a safe world around her ."	"DYNAMIC"	"DYNAMIC"	"DYNAMIC"
"brown_learned"	"1860"	"make"	"he made it ; ;"	"DYNAMIC"	"DYNAMIC"	"DYNAMIC"
"brown_romance"	"1861"	"make"	"Chris made trip after trip in our old car , moving the clothes and dishes and the stock of groceries Nadine had bought on special ."	"DYNAMIC"	"DYNAMIC"	"DYNAMIC"
"brown_news"	"1862"	"make"	"U.S. Dist. Judge Charles L. Powell denied all motions made by defense attorneys Monday in Portland's insurance fraud trial ."	"DYNAMIC"	"DYNAMIC"	"DYNAMIC"
"brown_learned"	"1863"	"make"	"Although the government was probably prepared for elections by mid-1958 , the first decision was no doubt made more difficult as party strife multiplied ."	"DYNAMIC"	"DYNAMIC"	"DYNAMIC"
"brown_lore"	"1864"	"make"	"In the parapsychology foundation's long-range experiment , readings are made by a variety of sensitives for a large number of cooperating sitters , trying to throw light on this question of the significance of mediumistic statements ."	"DYNAMIC"	"DYNAMIC"	"DYNAMIC"
"brown_fiction"	"1865"	"make"	"The word also made him feel hate , sincere hate , for those so labeled ."	"DYNAMIC"	"DYNAMIC"	"DYNAMIC"
"brown_belles_lettres"	"1866"	"make"	"The making of distinctions , like the perception of the great distinctions made , is an inordinately difficult business ."	"DYNAMIC"	"DYNAMIC"	"DYNAMIC"
"brown_editorial"	"1867"	"make"	"For those who `` like poetry but never get around to reading it '' , the Library of Congress makes it possible for poets to be heard reading their own work ."	"DYNAMIC"	"DYNAMIC"	"DYNAMIC"
"brown_belles_lettres"	"1868"	"make"	"The most effective political inventions seem to make maximum use of natural harbors and are aware that restraining breakwaters can play only a minor part in the whole scheme ."	"DYNAMIC"	"DYNAMIC"	"DYNAMIC"
"brown_learned"	"1869"	"make"	"When a match is found , an entry is made in the table of dictionary usage ."	"DYNAMIC"	"DYNAMIC"	"DYNAMIC"
"brown_government"	"1870"	"make"	"In the military field , incoming orders turned down early in the year , and remained rather slow until late fall when the upturn in procurement of equipment began to make itself felt in rising orders for components ."	"DYNAMIC"	"DYNAMIC"	"DYNAMIC"
"brown_news"	"1871"	"make"	"Hardwicke-Etter Co. of Sherman makes a full line of gin machinery and equipment ."	"STATIVEHABITUAL"	"DYNAMIC"	"BOTH"
"brown_belles_lettres"	"1872"	"make"	"My great-grandmother , I have been told , made her garden her great pride ; ;"	"DYNAMIC"	"STATIVEHABITUAL"	"BOTH"
"brown_fiction"	"1873"	"make"	"I wish to make Jesus an authentic Jew ."	"DYNAMIC"	"DYNAMIC"	"DYNAMIC"
"brown_editorial"	"1874"	"make"	"The military in Taiwan believe that the Communists have made two mistakes , which , together , may prove fatal ."	"DYNAMIC"	"DYNAMIC"	"DYNAMIC"
"brown_belles_lettres"	"1875"	"make"	"I might not make any money but I'd sure have patients '' ."	"DYNAMIC"	"DYNAMIC"	"DYNAMIC"
"brown_adventure"	"1876"	"make"	"There was not enough room to make the usual vertical bomb run ."	"DYNAMIC"	"DYNAMIC"	"DYNAMIC"
"brown_mystery"	"1877"	"make"	"Casey heard the voice distinctly and he knew who it was , but it took him a while to make the mental readjustment and control the disturbance inside his head ."	"DYNAMIC"	"DYNAMIC"	"DYNAMIC"
"brown_belles_lettres"	"1878"	"make"	"Lady Greville , daughter of the late Lord Chancellor Bromley and niece of Sir John Fortescue , was offered twenty pounds by the townsmen to make peace ; ;"	"DYNAMIC"	"DYNAMIC"	"DYNAMIC"
"brown_government"	"1879"	"make"	"Direct loans are those made by SBA alone ."	"DYNAMIC"	"DYNAMIC"	"DYNAMIC"
"brown_romance"	"1880"	"make"	"The metal-tasting nitrogen made me wonder if I should remove the mouthpiece and suck in the sweet water ."	"DYNAMIC"	"DYNAMIC"	"DYNAMIC"
"brown_belles_lettres"	"1881"	"make"	"`` I have just come from viewing a man who had made the fortune of his country , but now is working all night in order to support his family '' , he reflected ."	"DYNAMIC"	"DYNAMIC"	"DYNAMIC"
"brown_news"	"1882"	"make"	"A note making the request was handed to U.S. Ambassador Winthrop G. Brown ."	"DYNAMIC"	"DYNAMIC"	"DYNAMIC"
"brown_fiction"	"1883"	"make"	"It was only natural that Fletcher would strive for a position in which he could make the decisions ."	"DYNAMIC"	"DYNAMIC"	"DYNAMIC"
"brown_hobbies"	"1884"	"make"	"Great thought has been given to making life easier for the growing boating population of the country ; ;"	"DYNAMIC"	"DYNAMIC"	"DYNAMIC"
"brown_adventure"	"1885"	"make"	"I don't know what makes you think you can get away with this kind of business , and I don't care about that , either ."	"DYNAMIC"	"DYNAMIC"	"DYNAMIC"
"brown_hobbies"	"1886"	"make"	"A tire must be inflated to its normal hot operating pressure and the car must be loaded to its operating weight when this measurement is made ."	"DYNAMIC"	"DYNAMIC"	"DYNAMIC"
"brown_learned"	"1887"	"make"	"unfortunately , no one has kept complete records of one individual , whereas many have been made for a very short period of time ."	"DYNAMIC"	"DYNAMIC"	"DYNAMIC"
"brown_editorial"	"1888"	"make"	"Whether the compromises -- on both sides -- that made possible the interim appointment can then be repeated remains to be seen ."	"DYNAMIC"	"DYNAMIC"	"DYNAMIC"
"brown_lore"	"1889"	"make"	"The subsequent two-weeks wait made the crew quarrelsome ."	"DYNAMIC"	"DYNAMIC"	"DYNAMIC"
"brown_religion"	"1890"	"make"	"Like business and university groups generally , these men had very limited knowledge of recent sociological and psychological studies and findings that might illumine the decisions they make ."	"DYNAMIC"	"DYNAMIC"	"DYNAMIC"
"brown_belles_lettres"	"1891"	"make"	"We know that much is made of the multiplicity and ambiguity of the identities that cluster around the key symbol of the Jew ."	"DYNAMIC"	"DYNAMIC"	"DYNAMIC"
"brown_belles_lettres"	"1892"	"make"	"But people can't be made to integrate , socialize ( the two are inseparable by Southern standards ) by law ."	"DYNAMIC"	"DYNAMIC"	"DYNAMIC"
"brown_mystery"	"1893"	"make"	"I was held up a bit trying to make a left turn ."	"DYNAMIC"	"DYNAMIC"	"DYNAMIC"
"brown_romance"	"1894"	"make"	"`` I can't make it in ten minutes '' -- Wondering , as I said it , why I should make it at all ."	"DYNAMIC"	"DYNAMIC"	"DYNAMIC"
"brown_hobbies"	"1895"	"make"	"For example : If your bodily injury claims start payment after the first $250 , a 25% premium saving is often made ."	"DYNAMIC"	"DYNAMIC"	"DYNAMIC"
"brown_belles_lettres"	"1896"	"make"	"It recurred in the press conferences : the President's remarks about his running developed a singular tone , one which we find in few statements made by public individuals on such a matter ."	"DYNAMIC"	"DYNAMIC"	"DYNAMIC"
"brown_hobbies"	"1897"	"make"	"Although I suggested that you hold the bar at the back of the neck there's no reason why you shouldn't make some experiments with the bar held in front of the neck ."	"DYNAMIC"	"DYNAMIC"	"DYNAMIC"
"brown_humor"	"1898"	"make"	"In it was a stone Tibetan Buddha I had picked up in Bombay , and occasionally , to make merit , my wife and I garlanded it with flowers or laid a few pennies in its lap ."	"DYNAMIC"	"DYNAMIC"	"DYNAMIC"
"brown_belles_lettres"	"1899"	"make"	"At least I should like them to know that I know these discounts are being made ."	"DYNAMIC"	"DYNAMIC"	"DYNAMIC"
"brown_editorial"	"1900"	"make"	"DeKalb's budget for 1961 is a record one and carries with it the promise of no tax increase to make it balance ."	"DYNAMIC"	"DYNAMIC"	"DYNAMIC"
"brown_hobbies"	"1901"	"make"	"The chines go in the same way except that they are made of two pieces of two-inch wood for strength and easier bending ."	"BOTH"	"DYNAMIC"	"BOTH"
"brown_humor"	"1902"	"make"	"He made his way to his host's bedroom where he carefully brushed himself off , neatly arranged his hair , and painstakingly selected his hat from the many on the bed ."	"DYNAMIC"	"DYNAMIC"	"DYNAMIC"
"brown_learned"	"1903"	"make"	"But these countries have made big strides toward developing the necessary human and social overhead capital ; ;"	"DYNAMIC"	"DYNAMIC"	"DYNAMIC"
"brown_romance"	"1904"	"make"	"Another weakness -- far more irritating than his manner of speaking , which he made only token effort to change -- was his devotion to that old horse of Tolley's ."	"DYNAMIC"	"DYNAMIC"	"DYNAMIC"
"brown_science_fiction"	"1905"	"make"	"Oh , you can submit a requisition for a miracle if you want to make a fool of yourself ."	"DYNAMIC"	"DYNAMIC"	"DYNAMIC"
"brown_fiction"	"1906"	"make"	"She made him sad some days , and he was never sure why ; ;"	"DYNAMIC"	"DYNAMIC"	"DYNAMIC"
"brown_mystery"	"1907"	"make"	"He turned and fled into the house and made his way up the marble stairs without once looking back ."	"DYNAMIC"	"DYNAMIC"	"DYNAMIC"
"brown_news"	"1908"	"make"	"Central was rebuffed by the other two railroads in previous attempts to make it a three-way merger ."	"DYNAMIC"	"DYNAMIC"	"DYNAMIC"
"brown_belles_lettres"	"1909"	"make"	"Civilization is what man has made of himself ."	"DYNAMIC"	"DYNAMIC"	"DYNAMIC"
"brown_fiction"	"1910"	"make"	"This was an enormously long building whose walls were made of rocks , some of them brought home from every continent during his six years as an oil geologist ."	"STATIVE"	"DYNAMIC"	"BOTH"
"brown_news"	"1911"	"make"	"The largest hurdle the Republicans would have to face is a state law which says that before making a first race , one of two alternative courses must be taken : 1"	"DYNAMIC"	"DYNAMIC"	"DYNAMIC"
"brown_religion"	"1912"	"make"	"and in this square , the respective pairs made up of large and small odd ( Yang ) numbers , and those composed of large and small even ( Yin ) numbers , were all equal to each other ."	"STATIVE"	"STATIVE"	"STATIVE"
"brown_adventure"	"1913"	"make"	"Humiliation made Matsuo tremble ."	"DYNAMIC"	"DYNAMIC"	"DYNAMIC"
"brown_hobbies"	"1914"	"make"	"its mass of bright bloom set in a border of snow made my spirits rise every time I looked at it ."	"DYNAMIC"	"DYNAMIC"	"DYNAMIC"
"brown_editorial"	"1915"	"make"	"That picture of the American prairie is as indelibly fixed in the memory of those who have studied the conquest of the American continent as any later cinema image of the West made in live-oak canyons near Hollywood ."	"BOTH"	"DYNAMIC"	"BOTH"
"brown_learned"	"1916"	"make"	"This essay seeks to make that exploration ."	"DYNAMIC"	"DYNAMIC"	"DYNAMIC"
"brown_editorial"	"1917"	"make"	"Considering what is being done compared to what needs to be done , it behooves the hospital management to do some mighty careful planning toward making the best possible use of the increase granted ."	"DYNAMIC"	"DYNAMIC"	"DYNAMIC"
"brown_learned"	"1918"	"make"	"Both index words and electronic switches may have been made unavailable before the start of assignment in one of the following ways ."	"DYNAMIC"	"DYNAMIC"	"DYNAMIC"
"brown_hobbies"	"1919"	"make"	"Check your cafeteria location to make sure it's convenient for most employees ."	"DYNAMIC"	"DYNAMIC"	"DYNAMIC"
"brown_reviews"	"1920"	"make"	"He believed in making inspiring speeches and he made a great many ."	"DYNAMIC"	"DYNAMIC"	"DYNAMIC"
"brown_editorial"	"1921"	"make"	"No , other than cleaning out the pores and making the sweat glands work harder ."	"DYNAMIC"	"DYNAMIC"	"DYNAMIC"
"brown_learned"	"1922"	"make"	"Qualitative observations were made and high-speed motion pictures were taken to study flow phenomena in the arc at various mass flow velocities ."	"DYNAMIC"	"DYNAMIC"	"DYNAMIC"
"brown_mystery"	"1923"	"make"	"One of the hardest chores a detective has is hanging around on a city street , trying to make himself inconspicuous , keeping an eye on the entrance of an office building and waiting ."	"DYNAMIC"	"DYNAMIC"	"DYNAMIC"
"brown_belles_lettres"	"1924"	"make"	"The colonel grunted , then made a remark which might be construed in either of two ways ."	"DYNAMIC"	"DYNAMIC"	"DYNAMIC"
"brown_news"	"1925"	"make"	"But today he wanted to make a public statement ."	"DYNAMIC"	"DYNAMIC"	"DYNAMIC"
"brown_romance"	"1926"	"make"	"A shot of orange juice would make everything seem better ."	"DYNAMIC"	"DYNAMIC"	"DYNAMIC"
"brown_fiction"	"1927"	"make"	"`` You have made the labor worth while '' , he said to her , smiling ."	"DYNAMIC"	"DYNAMIC"	"DYNAMIC"
"brown_science_fiction"	"1928"	"make"	"Being reasonably sure of the reason for the long pause , however , did not make it seem any less long to Jack ."	"DYNAMIC"	"DYNAMIC"	"DYNAMIC"
"brown_news"	"1929"	"make"	"In opening , D. Arthur Connelly , assistant United States attorney , read the indictment , but made no comments ."	"DYNAMIC"	"DYNAMIC"	"DYNAMIC"
"brown_hobbies"	"1930"	"make"	"What sort of effort do you make to assure that older or disabled workers are fully productive ? ?"	"DYNAMIC"	"DYNAMIC"	"DYNAMIC"
"brown_reviews"	"1931"	"make"	"Jen Nelson , as Thea , his first wife , managed to make that short role impressive ."	"DYNAMIC"	"DYNAMIC"	"DYNAMIC"
"brown_mystery"	"1932"	"make"	"He made himself back off slowly , his eyes wary on Roberts , who now had no more to lose than he ."	"DYNAMIC"	"DYNAMIC"	"DYNAMIC"
"brown_belles_lettres"	"1933"	"come"	"Miriam was stopped at the Taliesin gate , and William Weston , now the estate foreman , came out to parley ."	"DYNAMIC"	"DYNAMIC"	"DYNAMIC"
"brown_fiction"	"1934"	"come"	"It came up again and again in the discussion sessions ."	"DYNAMIC"	"DYNAMIC"	"DYNAMIC"
"brown_fiction"	"1935"	"come"	"Planes made her feel faint , and in Tokyo , where she had gone that summer , she had been given raw fish for breakfast and so she had come straight home ."	"DYNAMIC"	"DYNAMIC"	"DYNAMIC"
"brown_mystery"	"1936"	"come"	"I turned on the device again , half fearful that I might find silence , but the buzzes came in loud and clear ."	"DYNAMIC"	"DYNAMIC"	"DYNAMIC"
"brown_learned"	"1937"	"come"	"but if a complement for come is implied and by Tuesday is a prepositional unit used as an adjunct , by will be unstressed or lightly stressed at most ."	"CONTEXT"	"CONTEXT"	"CONTEXT"
"brown_government"	"1938"	"come"	"It seems to me that the prayers of the whole free world must rise like some vast petition to Providence that Sam Rayburn's vigor and his life remain undiminished through the coming decades ."	"CONTEXT"	"DYNAMIC"	"BOTH"
"brown_adventure"	"1939"	"come"	"The stallion had smelled the mare coming into heat and began to paw the turf , shaking his head ."	"DYNAMIC"	"DYNAMIC"	"DYNAMIC"
"brown_mystery"	"1940"	"come"	"Man , when my 275 pounds and six-four comes along , why it's the same as another badge ."	"DYNAMIC"	"DYNAMIC"	"DYNAMIC"
"brown_belles_lettres"	"1941"	"come"	"The American people have indeed come a long way in the brief interval between 1930 and 1961 ."	"DYNAMIC"	"DYNAMIC"	"DYNAMIC"
"brown_belles_lettres"	"1942"	"come"	"It is a characteristic of thoughts that in re-thinking them we come , ipso facto , to understand why they were thought '' ."	"DYNAMIC"	"DYNAMIC"	"DYNAMIC"
"brown_fiction"	"1943"	"come"	"Kahler continued : `` I fixed his dog the other day and I guess he's sore , so I expected him to come barging in '' ."	"DYNAMIC"	"DYNAMIC"	"DYNAMIC"
"brown_belles_lettres"	"1944"	"come"	"Let's take a panoramic look back over the course we have come ."	"DYNAMIC"	"DYNAMIC"	"DYNAMIC"
"brown_hobbies"	"1945"	"come"	"I got off there , crossed the street , walked ahead with St. Sophia on my left , the Blue Mosque on my right , and in a moment came to the entrance of St. Sophia ."	"DYNAMIC"	"DYNAMIC"	"DYNAMIC"
"brown_lore"	"1946"	"come"	"As long as audiences came to see the movement , there seemed little reason to adventure further ."	"DYNAMIC"	"DYNAMIC"	"DYNAMIC"
"brown_lore"	"1947"	"come"	"Now a distinguished old man called on nine divinities to come and join us ."	"DYNAMIC"	"DYNAMIC"	"DYNAMIC"
"brown_belles_lettres"	"1948"	"come"	"No good can come of contemplating the sad , inevitable fact that once youth has passed `` a worse and worse time still succeeds the former '' ."	"DYNAMIC"	"DYNAMIC"	"DYNAMIC"
"brown_learned"	"1949"	"come"	"In their place came local variations within the common style -- tentative , as it were , in Protogeometric products but truly distinct and sharply defined as the Geometric spirit developed ."	"DYNAMIC"	"DYNAMIC"	"DYNAMIC"
"brown_fiction"	"1950"	"come"	"Mark's thoughts must have been keeping silent pace beside his own , climbing the same crags in dirty white sneakers , clambering out on top of the headland and coming upon the sudden glinting water at the same instant ."	"DYNAMIC"	"DYNAMIC"	"DYNAMIC"
"brown_hobbies"	"1951"	"come"	"If the dance teachers of America make it their business to prepare their young charges for the gymnastics that must come some day if our schools are really responsible , we will be that much ahead ."	"DYNAMIC"	"DYNAMIC"	"DYNAMIC"
"brown_lore"	"1952"	"come"	"About two-thirds of the boys now come from public schools ."	"STATIVE"	"DYNAMIC"	"BOTH"
"brown_mystery"	"1953"	"come"	"His signal was coming loud and clear and then all of a sudden it turned to a buzz ."	"DYNAMIC"	"DYNAMIC"	"DYNAMIC"
"brown_mystery"	"1954"	"come"	"He really didn't expect anything to come of it , and there were a few people"	"DYNAMIC"	"DYNAMIC"	"DYNAMIC"
"brown_learned"	"1955"	"come"	"The modern student , who knows what was to come next , is likely to place first the factors of change which are visible in the eighth century ."	"DYNAMIC"	"DYNAMIC"	"DYNAMIC"
"brown_belles_lettres"	"1956"	"come"	"In time Isfahan came to be known as `` half the world '' , Isfahan nisf-i-jahan ."	"DYNAMIC"	"DYNAMIC"	"DYNAMIC"
"brown_romance"	"1957"	"come"	"`` One more and I'm coming out there '' ! !"	"DYNAMIC"	"DYNAMIC"	"DYNAMIC"
"brown_fiction"	"1958"	"come"	"The doctor , since Scotty was no longer allowed to make his regular trips into town to see him , came often and informally to the house ."	"DYNAMIC"	"DYNAMIC"	"DYNAMIC"
"brown_romance"	"1959"	"come"	"The game started again and in the eighth inning Mike Deegan came up to bat ."	"DYNAMIC"	"DYNAMIC"	"DYNAMIC"
"brown_learned"	"1960"	"come"	"( 3 ) For anionics , these micelles appear to be roughly spherical assemblages in which the hydrocarbon tails come together so that the polar groups ( the ionized ends ) face outward towards the aqueous continuous phase ."	"DYNAMIC"	"STATIVE"	"BOTH"
"brown_mystery"	"1961"	"come"	"For a while Nick followed the twisting course of the bubbles , wondering which set came from Elaine ."	"STATIVE"	"STATIVE"	"STATIVE"
"brown_hobbies"	"1962"	"come"	"Come one , come all , the water's fine ! !"	"DYNAMIC"	"DYNAMIC"	"DYNAMIC"
"brown_fiction"	"1963"	"come"	"They had cleaned up an old ice box and begun to buy fifty-pound blocks of ice in town , as the electric refrigerator came nowhere near providing enough ice for the crowds who ate and drank there ."	"STATIVE"	"DYNAMIC"	"BOTH"
"brown_news"	"1964"	"come"	"While working out in Sylvania a swelling developed in the knee and he came here to consult the team physician ."	"DYNAMIC"	"DYNAMIC"	"DYNAMIC"
"brown_adventure"	"1965"	"come"	"This time no wire came whipping into the truck ."	"DYNAMIC"	"DYNAMIC"	"DYNAMIC"
"brown_fiction"	"1966"	"come"	"He was like a mean horse to come at from the rear ."	"DYNAMIC"	"DYNAMIC"	"DYNAMIC"
"brown_lore"	"1967"	"come"	"( This patient , in actuality , was a neurasthenic who had almost come to the point of accepting the fact that it was not her soma but her psyche that was the cause of her difficulty ."	"DYNAMIC"	"DYNAMIC"	"DYNAMIC"
"brown_belles_lettres"	"1968"	"come"	"About noon they came up with the enemy two miles from Lovejoy's Station and deployed ."	"DYNAMIC"	"DYNAMIC"	"DYNAMIC"
"brown_romance"	"1969"	"come"	"Richard's dark eyes came up and seemed for the tiniest moment to reflect sharp light ."	"DYNAMIC"	"DYNAMIC"	"DYNAMIC"
"brown_editorial"	"1970"	"come"	"Out of this session may come : 1"	"DYNAMIC"	"DYNAMIC"	"DYNAMIC"
"brown_lore"	"1971"	"come"	"The heavy meal comes in the middle of the day ."	"DYNAMIC"	"STATIVE"	"BOTH"
"brown_mystery"	"1972"	"come"	"Also , it's far too early in the day for corny lines like the bigger they come You've had your gassy lecture , let's get to work ."	"STATIVE"	"DYNAMIC"	"BOTH"
"brown_adventure"	"1973"	"come"	"I had come to New Orleans two years earlier after graduating college , partly because I loved the city and partly because there was quite a noted art colony there ."	"DYNAMIC"	"DYNAMIC"	"DYNAMIC"
"brown_fiction"	"1974"	"come"	"What if it came when he was playing , or was asleep and dreaming ? ?"	"DYNAMIC"	"DYNAMIC"	"DYNAMIC"
"brown_adventure"	"1975"	"come"	"`` If I don't come out within half an hour ride back to town and bring out a posse '' ."	"DYNAMIC"	"DYNAMIC"	"DYNAMIC"
"brown_romance"	"1976"	"come"	"`` Trouble came into her life ."	"DYNAMIC"	"DYNAMIC"	"DYNAMIC"
"brown_romance"	"1977"	"come"	"She thought she was bigger than we are because she came from Torino '' ."	"STATIVE"	"DYNAMIC"	"BOTH"
"brown_lore"	"1978"	"come"	"Such identification comes for each group in each crisis by rewriting history into legend and developing appropriate national heroes ."	"DYNAMIC"	"DYNAMIC"	"DYNAMIC"
"brown_fiction"	"1979"	"come"	"`` He came home unexpectedly '' ."	"DYNAMIC"	"DYNAMIC"	"DYNAMIC"
"brown_hobbies"	"1980"	"come"	"But the campers still come ."	"DYNAMIC"	"DYNAMIC"	"DYNAMIC"
"brown_fiction"	"1981"	"come"	"But they all said , `` No , your time will come ."	"DYNAMIC"	"DYNAMIC"	"DYNAMIC"
"brown_belles_lettres"	"1982"	"come"	"A little boy came to give the President his personal condolences , and the President gave word that any little boy who wanted to see him was to be shown in ."	"DYNAMIC"	"DYNAMIC"	"DYNAMIC"
"brown_adventure"	"1983"	"come"	"As near as Cobb could determine the shots came from the direction of the Antler ranch house ."	"DYNAMIC"	"DYNAMIC"	"DYNAMIC"
"brown_fiction"	"1984"	"come"	"I came to warn you of a plot '' ! !"	"DYNAMIC"	"DYNAMIC"	"DYNAMIC"
"brown_reviews"	"1985"	"come"	"it prevents late-comers from missing some of the people they have come a long way to hear , and it gives the resident musicians a chance to perform before the famous Newport audience ."	"DYNAMIC"	"DYNAMIC"	"DYNAMIC"
"brown_mystery"	"1986"	"come"	"I waited until my man was coming out of the office with the key to a cabin before I went in to register ."	"DYNAMIC"	"DYNAMIC"	"DYNAMIC"
"brown_lore"	"1987"	"come"	"Early in her life she had discovered that where there were men , there was money , and with the two came luxury and liquor ."	"DYNAMIC"	"DYNAMIC"	"DYNAMIC"
"brown_belles_lettres"	"1988"	"come"	"When May came the Caravan had already crossed the Equator ."	"DYNAMIC"	"DYNAMIC"	"DYNAMIC"
"brown_adventure"	"1989"	"come"	"Dawn would come soon and the night was at its coldest ."	"DYNAMIC"	"DYNAMIC"	"DYNAMIC"
"brown_reviews"	"1990"	"come"	"To James this vision never quite came , despite his appreciation of it in others ."	"DYNAMIC"	"DYNAMIC"	"DYNAMIC"
"brown_news"	"1991"	"come"	"Thirty-one minutes later , when it took off for El Paso , hardly anyone of the crew of six or the 65 other passengers paid any attention to the man and teen-age boy who had come aboard ."	"DYNAMIC"	"DYNAMIC"	"DYNAMIC"
"brown_belles_lettres"	"1992"	"come"	"`` I have just come from viewing a man who had made the fortune of his country , but now is working all night in order to support his family '' , he reflected ."	"DYNAMIC"	"DYNAMIC"	"DYNAMIC"
"brown_hobbies"	"1993"	"come"	"Near the end of the Hippodrome I came upon the Built Column , a truncated obelisk of blocks , all that remains of a monument that once rivalled the Colossus of Rhodes ."	"DYNAMIC"	"DYNAMIC"	"DYNAMIC"
"brown_mystery"	"1994"	"come"	"Then , six weeks after the day Kitti first came into the office , Stanley announced he and Kitti were married ."	"DYNAMIC"	"DYNAMIC"	"DYNAMIC"
"brown_belles_lettres"	"1995"	"come"	"After Thompson came to London to live , he received a letter from Katie , which was dated February 8 , 1897 ."	"DYNAMIC"	"DYNAMIC"	"DYNAMIC"
"brown_adventure"	"1996"	"come"	"How come '' ? ?"	"CONTEXT"	"DYNAMIC"	"BOTH"
"brown_belles_lettres"	"1997"	"come"	"Will his words come to be treasured and quoted through the years ? ?"	"DYNAMIC"	"DYNAMIC"	"DYNAMIC"
"brown_editorial"	"1998"	"come"	"The pressure may come from muscles , tendons , or bones anywhere from the neck to the hand ."	"STATIVE"	"STATIVE"	"STATIVE"
"brown_mystery"	"1999"	"come"	"Mickey felt his shoulders come up against the wall beside the heavy slab front door ."	"DYNAMIC"	"DYNAMIC"	"DYNAMIC"
"brown_romance"	"2000"	"come"	"When he finally did he had to duck his head quickly away as the pitch came in ."	"DYNAMIC"	"DYNAMIC"	"DYNAMIC"
"brown_news"	"2001"	"come"	"Her days as an art student at the University of Budapest came to a sudden end during the Hungarian uprisings in 1957 and she and her husband Stephen fled to Vienna ."	"DYNAMIC"	"DYNAMIC"	"DYNAMIC"
"brown_learned"	"2002"	"come"	"`` I'll come by Tuesday ."	"DYNAMIC"	"DYNAMIC"	"DYNAMIC"
"brown_religion"	"2003"	"come"	"As an American Catholic of Irish ancestry , I came with certain preconceptions and expectations ; ;"	"DYNAMIC"	"DYNAMIC"	"DYNAMIC"
"brown_mystery"	"2004"	"come"	"He was standing at the end of the bar enjoying a slug of cognac when Rourke came in six or eight minutes later ."	"DYNAMIC"	"DYNAMIC"	"DYNAMIC"
"brown_romance"	"2005"	"come"	"Doc Dunne and Miss Sis had come ."	"DYNAMIC"	"DYNAMIC"	"DYNAMIC"
"brown_government"	"2006"	"come"	"Following Mr. Brown's death , there came forward in the Brown & Sharpe organization many other men who contributed greatly to the development of the company ."	"DYNAMIC"	"DYNAMIC"	"DYNAMIC"
"brown_belles_lettres"	"2007"	"come"	"Berto's The Sky Is Red had been a small masterpiece and in its special way the best book to come out of the war ."	"DYNAMIC"	"DYNAMIC"	"DYNAMIC"
"brown_fiction"	"2008"	"come"	"He saw the ground coming up -- and the stranger's head ."	"DYNAMIC"	"DYNAMIC"	"DYNAMIC"
"brown_adventure"	"2009"	"come"	"He caught her eye , came back around the car with the boot-wearer ; ;"	"DYNAMIC"	"DYNAMIC"	"DYNAMIC"
"brown_adventure"	"2010"	"come"	"All tourists come to Florida ."	"DYNAMIC"	"DYNAMIC"	"DYNAMIC"
"brown_fiction"	"2011"	"come"	"He came home overheated , ran straight to the ice-chest , and gulped shivery cold water ."	"DYNAMIC"	"DYNAMIC"	"DYNAMIC"
"brown_belles_lettres"	"2012"	"come"	"From the crowd were coming cries of `` He's right '' ! !"	"DYNAMIC"	"DYNAMIC"	"DYNAMIC"
"brown_romance"	"2013"	"come"	"I just came over to make sure everything was all right '' ."	"DYNAMIC"	"DYNAMIC"	"DYNAMIC"
"brown_hobbies"	"2014"	"come"	"( Gastronomes have long argued about which came first , the Palace's or Antoine's ."	"DYNAMIC"	"DYNAMIC"	"DYNAMIC"
"brown_news"	"2015"	"come"	"Mr. Brooks was born in New York , and came to Portland in 1920 ."	"DYNAMIC"	"DYNAMIC"	"DYNAMIC"
"brown_news"	"2016"	"come"	"The verdict came three hours later ."	"DYNAMIC"	"DYNAMIC"	"DYNAMIC"
"brown_hobbies"	"2017"	"come"	"This comes not alone from high-set , high-rep training , but from certain definition-specialization exercises which the champion selects for himself with the knowledge of exactly what works best for him ."	"BOTH"	"DYNAMIC"	"BOTH"
"brown_lore"	"2018"	"come"	"First came the cannon fodder , white-clad civilians being driven into death as a massive human battering ram ."	"DYNAMIC"	"DYNAMIC"	"DYNAMIC"
"brown_romance"	"2019"	"come"	"Her voice came shrill ."	"DYNAMIC"	"DYNAMIC"	"DYNAMIC"
"brown_lore"	"2020"	"come"	"they were steepest on the shores facing the direction of the seaquake from which the waves had come ."	"DYNAMIC"	"DYNAMIC"	"DYNAMIC"
"brown_belles_lettres"	"2021"	"come"	"I wouldn't hear from him for a couple of weeks , then he'd come around with the completed lyric '' ."	"DYNAMIC"	"DYNAMIC"	"DYNAMIC"
"brown_romance"	"2022"	"come"	"As for coming back here -- well , I'll tell you the truth , I didn't even know where I was when I came to ."	"DYNAMIC"	"DYNAMIC"	"DYNAMIC"
"brown_belles_lettres"	"2023"	"come"	"The thoroughgoing idealization of the planter society did not come , however , until after the Civil War when Southern writers were eager to defend a way of life which had been destroyed ."	"DYNAMIC"	"DYNAMIC"	"DYNAMIC"
"brown_learned"	"2024"	"come"	"Attack can come from almost any direction against many locations ."	"DYNAMIC"	"DYNAMIC"	"DYNAMIC"
"brown_learned"	"2025"	"come"	"The service is over , and a number of people come from the church with their spokesman Mityukh in the lead ."	"DYNAMIC"	"DYNAMIC"	"DYNAMIC"
"brown_belles_lettres"	"2026"	"come"	"-- it evaporated , disappeared , and came back to the earth as rain -- maybe for another well or another stream or another Alfred Alpert ."	"DYNAMIC"	"DYNAMIC"	"DYNAMIC"
"brown_mystery"	"2027"	"come"	"He had just returned my change when the doorman came in off the street to page me ."	"DYNAMIC"	"DYNAMIC"	"DYNAMIC"
"brown_fiction"	"2028"	"come"	"The snow came a little faster now , he noted ."	"DYNAMIC"	"DYNAMIC"	"DYNAMIC"
"brown_editorial"	"2029"	"come"	"A call for action `` before it is too late '' has alarming implications when it comes from a man who , in his previous reports on the schools , cautioned so strongly against extreme measures ."	"STATIVE"	"DYNAMIC"	"BOTH"
"brown_humor"	"2030"	"come"	"But at long last came a time when I broke away from Mother and her society `` chi-chi '' in order to spend a cosy evening with Viola and her chaperon at her home ."	"DYNAMIC"	"DYNAMIC"	"DYNAMIC"
"brown_romance"	"2031"	"come"	"She came to me one day ."	"DYNAMIC"	"DYNAMIC"	"DYNAMIC"
"brown_hobbies"	"2032"	"come"	"The deadliness of the Magnum in a rifle comes as no surprise to me ."	"STATIVE"	"DYNAMIC"	"BOTH"
"brown_lore"	"2033"	"come"	"A British officer had come aboard and told him that in case of enemy air attack he was not to open fire until bombs were actually dropped ."	"DYNAMIC"	"DYNAMIC"	"DYNAMIC"
"brown_mystery"	"2034"	"come"	"My man came out an hour later , drove to the beach , turned right and after half a mile went to the Swim and Tan Motel ."	"DYNAMIC"	"DYNAMIC"	"DYNAMIC"
"brown_news"	"2035"	"come"	"`` When you came up to the majors , did you seek out Williams for advice '' ? ?"	"DYNAMIC"	"DYNAMIC"	"DYNAMIC"
"brown_news"	"2036"	"come"	"A verdict against Pohl came at 4:05 p.m. after almost 13-1/2 hours of deliberation ."	"DYNAMIC"	"DYNAMIC"	"DYNAMIC"
"brown_fiction"	"2037"	"come"	"Mark held the wheel loosely , but his fingers curved around it in a purposeful way and the deliberate set of his body spoke plainly of the figure he'd make in the years to come ."	"CONTEXT"	"DYNAMIC"	"BOTH"
"brown_government"	"2038"	"come"	"Once the principle was established , the increase in state-owned vehicles came rapidly ."	"DYNAMIC"	"DYNAMIC"	"DYNAMIC"
"brown_news"	"2039"	"come"	"Despite the recession , Pittsburgh came into town with this imposing list of averages : Smoky Burgess , Gino Cimoli , Bill Virdon , Bob Clemente and Dick Groat , each"	"DYNAMIC"	"DYNAMIC"	"DYNAMIC"
"brown_fiction"	"2040"	"come"	"We don't 'low nigras to walk on the same sidewalk with white men where I come from ."	"STATIVE"	"DYNAMIC"	"BOTH"
"brown_learned"	"2041"	"come"	"For what I express in my remark is something going on in me at the time , and that of course did not exist until I did come on the scene ."	"DYNAMIC"	"DYNAMIC"	"DYNAMIC"
"brown_adventure"	"2042"	"come"	"`` From now on , Sally and me and her folks aim to give you our turn when it comes up and fall in behind you and Rod's outfit '' ."	"DYNAMIC"	"DYNAMIC"	"DYNAMIC"
"brown_fiction"	"2043"	"come"	"`` But when it comes to war , the Colonel knows what it is and Jeff doesn't ."	"STATIVE"	"DYNAMIC"	"BOTH"
"brown_mystery"	"2044"	"come"	"About five years ago , Handley came to ask me if he could see the tattered register ."	"DYNAMIC"	"DYNAMIC"	"DYNAMIC"
"brown_adventure"	"2045"	"come"	"He already had that slow pace that comes over the elderly , while she herself had all the signs of one who appreciates the joys of living ."	"DYNAMIC"	"DYNAMIC"	"DYNAMIC"
"brown_adventure"	"2046"	"come"	"Dean came rushing up ."	"DYNAMIC"	"DYNAMIC"	"DYNAMIC"
"brown_reviews"	"2047"	"come"	"And in the wake of the new affluence and the new techniques of processing comes a new American interest in how what people eat affects their health ."	"DYNAMIC"	"DYNAMIC"	"DYNAMIC"
"brown_romance"	"2048"	"come"	"The pitcher wound up and the ball came in straight for Mike's head ."	"DYNAMIC"	"DYNAMIC"	"DYNAMIC"
"brown_lore"	"2049"	"come"	"A picture of her in high school comes from a younger schoolmate , Albert S. Flint , friend of her brother Winslow , and later , like Winslow , a noted astronomer ."	"STATIVE"	"DYNAMIC"	"BOTH"
"brown_lore"	"2050"	"come"	"Some clarets do not come into their own until they are ten or fifteen years of age , or even more ."	"DYNAMIC"	"DYNAMIC"	"DYNAMIC"
"brown_lore"	"2051"	"come"	"When a second quake came , they dashed back to the beach , fearing that they might be buried under landslides ."	"DYNAMIC"	"DYNAMIC"	"DYNAMIC"
"brown_belles_lettres"	"2052"	"come"	"When Beckett's name came into the discussion , the priest grew loud and told me that Beckett `` hates life '' ."	"DYNAMIC"	"DYNAMIC"	"DYNAMIC"
"brown_adventure"	"2053"	"come"	"Her hat had come off and fallen behind her shoulders , held by the string , and he could see her face more clearly than he had at any time before ."	"DYNAMIC"	"DYNAMIC"	"DYNAMIC"
"brown_belles_lettres"	"2054"	"come"	"The weather turned warmer and with it came better appetites , although Harriet was still a little off-color ."	"DYNAMIC"	"DYNAMIC"	"DYNAMIC"
"brown_religion"	"2055"	"come"	"The Catholic priest , though somewhat superficially drawn , easily came out the best ."	"DYNAMIC"	"DYNAMIC"	"DYNAMIC"
"brown_editorial"	"2056"	"come"	"They come in crisp basket weaves in natural honey hues , along with lacey open weaves with a lustre finish in natural , white , black and a whole range of colors ."	"STATIVE"	"STATIVEHABITUAL"	"BOTH"
"brown_belles_lettres"	"2057"	"come"	"But one day came the voice of a man I had known when he was a boy , and I later remembered that this boy , thirty years before , had struck me as coming to no good ."	"DYNAMIC"	"DYNAMIC"	"DYNAMIC"
"brown_learned"	"2058"	"come"	"Financial and material help have come from academic , governmental , and industrial organizations in England and Holland ."	"DYNAMIC"	"DYNAMIC"	"DYNAMIC"
"brown_government"	"2059"	"come"	"Although the impact of these increases on our industry's shipments will be gradual , on balance I look for another good increase in shipments in the coming year , to at least $6 billion ."	"CONTEXT"	"DYNAMIC"	"BOTH"
"brown_news"	"2060"	"come"	"The Revenue Service said the addition of the attachment does not keep the range from coming under the Federal manufacturers' excise tax on household-type appliances ."	"DYNAMIC"	"DYNAMIC"	"DYNAMIC"
"brown_humor"	"2061"	"come"	"He said he was the lonely type and working in a cellar you saw funny things coming out of the cracks in the wall if they wasn't nobody with you ."	"DYNAMIC"	"DYNAMIC"	"DYNAMIC"
"brown_adventure"	"2062"	"come"	"The grass in the meadows came fast , now that the warm weather was here ."	"DYNAMIC"	"DYNAMIC"	"DYNAMIC"
"brown_hobbies"	"2063"	"come"	"The miracle of democratic America comes home to one most strongly only when one has seen the endless Great Plains of the Midwest ; ;"	"DYNAMIC"	"DYNAMIC"	"DYNAMIC"
"brown_belles_lettres"	"2064"	"come"	"For he has the pride that comes of self-acceptance and the humility , perhaps of the same genesis , not to impose himself upon another ."	"DYNAMIC"	"STATIVEHABITUAL"	"BOTH"
"brown_belles_lettres"	"2065"	"come"	"He came to Fleischmanns directly from the boat that brought him to America from Russia ."	"DYNAMIC"	"DYNAMIC"	"DYNAMIC"
"brown_fiction"	"2066"	"come"	"The guards came to life with astonishing menace ."	"DYNAMIC"	"DYNAMIC"	"DYNAMIC"
"brown_learned"	"2067"	"come"	"These were the years when people flocked to Manchester not only to play golf , which had come into vogue , but also to witness the Ekwanok Country Club tournaments ."	"DYNAMIC"	"DYNAMIC"	"DYNAMIC"
"brown_learned"	"2068"	"come"	"I come now to a third argument , which again is very simple ."	"DYNAMIC"	"DYNAMIC"	"DYNAMIC"
"brown_fiction"	"2069"	"come"	"The slow tapping of a cane on the stone steps coming up to the tower interrupted his reverie ."	"DYNAMIC"	"DYNAMIC"	"DYNAMIC"
"brown_fiction"	"2070"	"come"	"The peddler came bawling his wares and told them of the convention in Wheeling , Which had formed a new state government by declaring the government at Richmond in the east illegal because they were traitors ."	"DYNAMIC"	"DYNAMIC"	"DYNAMIC"
"brown_editorial"	"2071"	"stand"	"He courageously defended the rights of small nations , and he stood his ground against the savage attacks of the Communist bloc ."	"DYNAMIC"	"STATIVE"	"BOTH"
"brown_mystery"	"2072"	"stand"	"A metal table and four chairs stood in the center ."	"STATIVE"	"STATIVE"	"STATIVE"
"brown_mystery"	"2073"	"stand"	"She stood sipping and chewing and watching ."	"STATIVE"	"CONTEXT"	"BOTH"
"brown_editorial"	"2074"	"stand"	"While some think we move too fast and others too slowly , Florida's record is a good one and stands out among the 50 ."	"STATIVE"	"STATIVE"	"STATIVE"
"brown_adventure"	"2075"	"stand"	"If she did , he could stand it better in the light ."	"STATIVE"	"STATIVE"	"STATIVE"
"brown_adventure"	"2076"	"stand"	"They stood there , just the two of them , in the rocking , shattering blast ."	"STATIVE"	"STATIVE"	"STATIVE"
"brown_hobbies"	"2077"	"stand"	"They stand for 6 inches of mineral wool insulation in the ceiling , 4 inches in the side walls , 2 inches in the floors ."	"STATIVE"	"STATIVE"	"STATIVE"
"brown_religion"	"2078"	"stand"	"I discern no limits to a faith vested in God and Christ , who is the sum of all wisdom and knowledge , and daring to trust Him even though called to stand alone before the world ."	"STATIVE"	"STATIVE"	"STATIVE"
"brown_belles_lettres"	"2079"	"stand"	"Miriam Noel Wright said , `` Here I am at my own home , locked out so I must stand in the road '' ! !"	"STATIVE"	"STATIVE"	"STATIVE"
"brown_mystery"	"2080"	"stand"	"He stood up , stretched , looked around for the bubbles , but could see none ."	"DYNAMIC"	"DYNAMIC"	"DYNAMIC"
"brown_lore"	"2081"	"stand"	"Today , the Roman Catholic and Orthodox Churches stand virtually alone in holding that conviction ."	"STATIVE"	"STATIVE"	"STATIVE"
"brown_religion"	"2082"	"stand"	"I stood at the bedside of my patient one day and beheld a very sick man in terrible pain ."	"STATIVE"	"STATIVE"	"STATIVE"
"brown_adventure"	"2083"	"stand"	"The old woman arose stiffly and led me to a clearing where a small hut stood ."	"STATIVE"	"STATIVE"	"STATIVE"
"brown_fiction"	"2084"	"stand"	"Over on the bank , the west bank , a man stood , calling to him ."	"STATIVE"	"STATIVE"	"STATIVE"
"brown_learned"	"2085"	"stand"	"And the evidence that he does , indeed , stand there derives quite simply from the vigorous interest with which rather casual readers have responded to that book for the past century or so ."	"STATIVE"	"STATIVE"	"STATIVE"
"brown_lore"	"2086"	"stand"	"A tsunami in the Hawaiian Islands in 1869 washed away an entire town ( Ponoluu ) , leaving only two forlorn trees standing where the community had been ."	"STATIVE"	"STATIVE"	"STATIVE"
"brown_fiction"	"2087"	"stand"	"He stood with his back to the skiff ."	"STATIVE"	"STATIVE"	"STATIVE"
"brown_mystery"	"2088"	"stand"	"She smoothed the skirt , sat down , then stood up and went back to the windows ."	"DYNAMIC"	"DYNAMIC"	"DYNAMIC"
"brown_mystery"	"2089"	"stand"	"A man with so big and so staggeringly developed a torso and such long and powerful arms is expected to stand taller than five feet five ."	"STATIVE"	"STATIVE"	"STATIVE"
"brown_adventure"	"2090"	"stand"	"His face was dark as the sky above it as he stood on the wing and waited for his pilot ."	"STATIVE"	"STATIVE"	"STATIVE"
"brown_romance"	"2091"	"stand"	"The sharp , burning colors of his body stood brilliant and plain against the black soil , like a target ."	"STATIVE"	"STATIVE"	"STATIVE"
"brown_romance"	"2092"	"stand"	"Was it only a few nights ago that they had been standing together in front of the house looking at the moon-washed river ? ?"	"STATIVE"	"STATIVE"	"STATIVE"
"brown_mystery"	"2093"	"stand"	"Even from where he stood he could see the neatly folded blanket that he had spread over Burton , the pillow , the sheet of paper on top of it ."	"STATIVE"	"STATIVE"	"STATIVE"
"brown_hobbies"	"2094"	"stand"	"It stands in the middle of what was once the Forum of Constantine , who brought it from Rome ."	"STATIVE"	"STATIVE"	"STATIVE"
"brown_news"	"2095"	"stand"	"In this historic square are several statues , but the one that stands out over the others is that of Gen. Andrew Jackson , hero of the Battle of New Orleans ."	"STATIVE"	"STATIVE"	"STATIVE"
"brown_adventure"	"2096"	"stand"	"She stood up , pulled the coat from her shoulders and started to slide it off , then let out a high-pitched scream and I let out a low-pitched , wobbling sound like a muffler blowing out ."	"DYNAMIC"	"DYNAMIC"	"DYNAMIC"
"brown_mystery"	"2097"	"stand"	"Here and there on work table or pedestal stood a shape with a sheet or a tarpaulin draped over it ."	"STATIVE"	"STATIVE"	"STATIVE"
"brown_adventure"	"2098"	"stand"	"She was standing in a thick grove ."	"STATIVE"	"STATIVE"	"STATIVE"
"brown_romance"	"2099"	"stand"	"With the blue flesh of night touching him he stood under a gentle hill caressing the flageolet with his lips , making it whisper ."	"STATIVE"	"STATIVE"	"STATIVE"
"brown_belles_lettres"	"2100"	"stand"	"I say the late seventeenth century because Racine ( whom Lessing did not really know ) stands on the far side of the chasm ."	"STATIVE"	"STATIVE"	"STATIVE"
"brown_adventure"	"2101"	"stand"	"I was standing beside her , watching the outspread palms and wondering about the old horsehair sofa against the wall on which he sometimes napped ."	"STATIVE"	"STATIVE"	"STATIVE"
"brown_mystery"	"2102"	"stand"	"Cooper was beside his car , on the curb at the right , just standing there morosely ; ;"	"STATIVE"	"STATIVE"	"STATIVE"
"brown_lore"	"2103"	"stand"	"A Western cowpony had outrun an African lion , from a standing start ."	"STATIVE"	"STATIVE"	"STATIVE"
"brown_adventure"	"2104"	"stand"	"The dangerous current upon the prairie ceased , but the water stood and kept on rising ."	"STATIVE"	"STATIVE"	"STATIVE"
"brown_government"	"2105"	"stand"	"To increase faculty influence and decrease tension , many presidents have established a standing advisory committee with which they can discuss problems frankly ."	"STATIVE"	"STATIVE"	"STATIVE"
"brown_belles_lettres"	"2106"	"stand"	"His bold fiscal program and his broad interpretation of the Constitution stand as durable contributions ."	"STATIVE"	"STATIVE"	"STATIVE"
"brown_mystery"	"2107"	"stand"	"You think somebody is going to stand up in the audience and make guilty faces ? ?"	"DYNAMIC"	"DYNAMIC"	"DYNAMIC"
"brown_mystery"	"2108"	"stand"	"He stood up , cocked his head and eyed Gun coldly ."	"DYNAMIC"	"DYNAMIC"	"DYNAMIC"
"brown_belles_lettres"	"2109"	"stand"	"Had Churchill been returned to office in 1945 , it is just possible that Britain , instead of standing fearfully aloof , would have led Europe toward union ."	"STATIVE"	"STATIVE"	"STATIVE"
"brown_romance"	"2110"	"stand"	"Mike Deegan was standing beside it , facing the field ."	"STATIVE"	"STATIVE"	"STATIVE"
"brown_lore"	"2111"	"stand"	"The large statue on the first floor is believed to be the statue of Pompey at the base of which Julius Caesar was stabbed to death ( if so , the statue once stood in the senate house ) ."	"STATIVE"	"STATIVE"	"STATIVE"
"brown_learned"	"2112"	"stand"	"The potters of the Aegean islands thus stood apart from those of the mainland , and in Greece itself Argive , Corinthian , Attic , Boeotian , and other Geometric sequences have each their own hallmarks ."	"STATIVE"	"STATIVE"	"STATIVE"
"brown_hobbies"	"2113"	"stand"	"Statues and other monuments that stood there were stolen , mostly by the waves of Crusaders ."	"STATIVE"	"STATIVE"	"STATIVE"
"brown_romance"	"2114"	"stand"	"Turning , the girl saw Dookiyoon standing between , his narrow shoulders unbent , his arms hanging long and resigned ."	"STATIVE"	"STATIVE"	"STATIVE"
"brown_editorial"	"2115"	"stand"	"These programs are volumes of waste paper and lost hours if the citizens of a community must stand aside while land developers tell them when , where , and in what manner the community shall grow ."	"DYNAMIC"	"BOTH"	"BOTH"
"brown_adventure"	"2116"	"stand"	"The two men in overalls stood just behind the blonde-headed man ."	"STATIVE"	"STATIVE"	"STATIVE"
"brown_romance"	"2117"	"stand"	"When the car , with Susan's hands waving wildly from the rear window , disappeared down the driveway , Lucy stood looking after its pale dust ."	"STATIVE"	"STATIVE"	"STATIVE"
"brown_news"	"2118"	"stand"	"however , the first belief stood for entire revision with a new third point added to the list ."	"STATIVE"	"STATIVE"	"STATIVE"
"brown_fiction"	"2119"	"stand"	"When they stood about his tent , chaffing each other , exchanging their obscenities , cursing command or weather , he had studied their faces ."	"STATIVE"	"STATIVE"	"STATIVE"
"brown_fiction"	"2120"	"stand"	"She stood there , a large old woman , smiling at the things she would say to him in the morning , this big foolish baby of a son ."	"STATIVE"	"STATIVE"	"STATIVE"
"brown_belles_lettres"	"2121"	"stand"	"A northern ambassador , willing to keep his mouth shut and his ears open , could learn a lot that would stand him in good stead at the Curia ."	"DYNAMIC"	"DYNAMIC"	"DYNAMIC"
"brown_fiction"	"2122"	"stand"	"Barbara asked , standing in the doorway ."	"STATIVE"	"STATIVE"	"STATIVE"
"brown_belles_lettres"	"2123"	"stand"	"With new mechanization the modern farmer must perform the work of six men : a machine stands between the agrarian and his soil ."	"STATIVE"	"STATIVE"	"STATIVE"
"brown_romance"	"2124"	"stand"	"And when they stood by the fountain in the piazza looking at Santa Maria he had to keep a straight face , not letting on he had been there with Alberto ."	"STATIVE"	"STATIVE"	"STATIVE"
"brown_adventure"	"2125"	"stand"	"They whirled and saw him , standing there dim in the slatted light from the boarded freight wall ."	"STATIVE"	"STATIVE"	"STATIVE"
"brown_adventure"	"2126"	"stand"	"She was standing with her back to the glass door ."	"STATIVE"	"STATIVE"	"STATIVE"
"brown_romance"	"2127"	"stand"	"In the sunshine of late afternoon , Lucy stood looking at the ready guest room ."	"STATIVE"	"STATIVE"	"STATIVE"
"brown_learned"	"2128"	"stand"	"Utopia is still widely read because in a sense More stood on the margin of modernity ."	"STATIVE"	"DYNAMIC"	"BOTH"
"brown_humor"	"2129"	"stand"	"`` Do you see that pretty girl standing next to the car with slacks on '' ? ?"	"STATIVE"	"STATIVE"	"STATIVE"
"brown_mystery"	"2130"	"stand"	"It was a big room , empty except for a few things of Pops's at the far end -- a wooden crate on which stood the candle , a spread out blanket , and an unrolled bindle ."	"STATIVE"	"STATIVE"	"STATIVE"
"brown_mystery"	"2131"	"stand"	"Deal furniture with a mahogany finish was neatly arranged as if it stood in the window of a department store ."	"STATIVE"	"STATIVE"	"STATIVE"
"brown_government"	"2132"	"stand"	"The Carleton Social Co-operative is a standing committee of the Carleton Student Association ."	"STATIVE"	"STATIVE"	"STATIVE"
"brown_fiction"	"2133"	"stand"	"When enough time had elapsed so that there was little likelihood of his returning for something he had forgotten , Harold went out into the hall and stood looking into one room after another ."	"STATIVE"	"STATIVE"	"STATIVE"
"brown_belles_lettres"	"2134"	"stand"	"All about him stood tombstones his own sensitive great hands had fashioned ."	"STATIVE"	"STATIVE"	"STATIVE"
"brown_adventure"	"2135"	"stand"	"`` So help me , Crouch , I'd like to kill you where you stand , but , before I do , I'm going to hear you admit killing him ."	"STATIVE"	"STATIVE"	"STATIVE"
"brown_religion"	"2136"	"stand"	"He was remembered chiefly for his fearless advocacy of abolition , but he also stood for equal rights for women , for opportunity for the freedmen , and for prohibition ."	"STATIVE"	"STATIVE"	"STATIVE"
"brown_adventure"	"2137"	"stand"	"He moved back to the wheel and stood there blowing , grasping the top of a spoke to still the trembling of his played-out limbs ."	"STATIVE"	"STATIVE"	"STATIVE"
"brown_romance"	"2138"	"stand"	"He remembered the first time he saw her , standing across the room at a party ."	"STATIVE"	"STATIVE"	"STATIVE"
"brown_romance"	"2139"	"stand"	"We entered one where the front door stood ajar and climbed a flight of steep steps to the main floor ."	"STATIVE"	"STATIVE"	"STATIVE"
"brown_learned"	"2140"	"stand"	"To the extent that the jurisdictional principle of 1875 stands unmodified by subsequent legislation , federal equitable relief against state action must be available -- or so it seems to Mr. Justice Frankfurter ."	"STATIVE"	"STATIVE"	"STATIVE"
"brown_romance"	"2141"	"stand"	"The dirty , discolored buildings looked boarded up , and their few windows stood high above our heads ."	"STATIVE"	"STATIVE"	"STATIVE"
"brown_lore"	"2142"	"stand"	"When you stand before the barrel-vaulted colonnade you have the impression that the statue at the end is at a considerable distance , yet it is actually only a few feet away ."	"STATIVE"	"STATIVE"	"STATIVE"
"brown_belles_lettres"	"2143"	"stand"	"`` Perhaps '' stands in place of commitment ."	"STATIVE"	"STATIVE"	"STATIVE"
"brown_editorial"	"2144"	"stand"	"Noting all the difficulties that stand in the way of reunion , he has said that they ought not to discourage anyone ."	"STATIVE"	"STATIVE"	"STATIVE"
"brown_fiction"	"2145"	"stand"	"She had begun to turn back toward the house , but his look caught her and she stood still , waiting there for what his expression indicated would be a serious word of farewell ."	"STATIVE"	"DYNAMIC"	"BOTH"
"brown_news"	"2146"	"stand"	"It was a level at which some of the investors standing on the sidelines were thought likely to buy the pivotal issues represented in the averages ."	"STATIVE"	"STATIVE"	"STATIVE"
"brown_romance"	"2147"	"stand"	"George Rawlings remembered seeing the door open sometime during the night -- Millie , in a white robe , standing like a ghost at the threshold ."	"STATIVE"	"STATIVE"	"STATIVE"
"brown_romance"	"2148"	"stand"	"The temperature dropped to twenty below at night and stood at zero during the days ."	"STATIVE"	"STATIVE"	"STATIVE"
"brown_belles_lettres"	"2149"	"stand"	"At Camp Taylor in Kentucky a barracks was built in an hour and a half from timber that had been standing in Mississippi forests one week before ."	"STATIVE"	"STATIVE"	"STATIVE"
"brown_lore"	"2150"	"stand"	"Damned if that wasn't a sailing ship standing out of the old harbor -- Porto Vecchio ."	"STATIVE"	"STATIVE"	"STATIVE"
"brown_adventure"	"2151"	"stand"	"He stood looking down at her for a moment , wondering what could have reduced her to this condition ."	"STATIVE"	"STATIVE"	"STATIVE"
"brown_adventure"	"2152"	"stand"	"He got up slowly , and she was already on her feet , and he stood facing her ."	"STATIVE"	"DYNAMIC"	"BOTH"
"brown_adventure"	"2153"	"stand"	"but by a blond girl in a sweater and skirt who stood a few yards off and tenderly regarded him ."	"STATIVE"	"STATIVE"	"STATIVE"
"brown_hobbies"	"2154"	"stand"	"It stood in its original form until 1882 ."	"STATIVE"	"STATIVE"	"STATIVE"
"brown_editorial"	"2155"	"stand"	"The next days may show where things stand ."	"STATIVE"	"STATIVE"	"STATIVE"
"brown_learned"	"2156"	"stand"	"He stood up to emphasize his strong feeling on the subject ."	"DYNAMIC"	"DYNAMIC"	"DYNAMIC"
"brown_fiction"	"2157"	"stand"	"He was standing there , he thought , in Virginia , in the thickening dusk , in a costly greatcoat that had belonged to another Jew ."	"STATIVE"	"STATIVE"	"STATIVE"
"brown_editorial"	"2158"	"stand"	"This is the root issue for which the United States should stand ."	"STATIVE"	"BOTH"	"BOTH"
"brown_belles_lettres"	"2159"	"stand"	"Not long ago an acquaintance , a slick-headed water rat of a lad up from the maw of the city , stood on the balcony puffing his first cigarette in weeks ."	"STATIVE"	"STATIVE"	"STATIVE"
"brown_belles_lettres"	"2160"	"stand"	"Unruly hair goes straight up from his forehead , standing so high that the top falls gently over , as if to show that it really is hair and not bristle ."	"STATIVE"	"STATIVE"	"STATIVE"
"brown_editorial"	"2161"	"stand"	"In 1899 , Parliament erected a statue to Cromwell in Westminster , facing Whitehall and there , presumably , he still stands ."	"STATIVE"	"STATIVE"	"STATIVE"
"brown_romance"	"2162"	"stand"	"They combed their hair and streaked it at the part and greased the bangs so that the hair above their foreheads stood rigid like the tails of sage hens making love ."	"STATIVE"	"STATIVE"	"STATIVE"
"brown_learned"	"2163"	"stand"	"but a few seconds later she was standing directly across the room from me , looking me in the eyes and saying in a scathingly condemnatory tone , `` Your father despises you '' ! !"	"STATIVE"	"STATIVE"	"STATIVE"
"brown_romance"	"2164"	"stand"	"He stood flat-footed in the box , but not very close to the plate now ."	"STATIVE"	"STATIVE"	"STATIVE"
"brown_romance"	"2165"	"stand"	"This brought in everybody from both sides , while the spectators stood up and added to the uproar ."	"DYNAMIC"	"DYNAMIC"	"DYNAMIC"
"brown_romance"	"2166"	"stand"	"Mousie said it was because he was too proud to stand pity ."	"STATIVE"	"STATIVE"	"STATIVE"
"brown_humor"	"2167"	"stand"	"( I watched it on television late one night last week and it `` stands up '' remarkably well , even twenty years later ."	"STATIVE"	"DYNAMIC"	"BOTH"
"brown_adventure"	"2168"	"stand"	"`` You mean anyone who stood up for his rights '' , Curt said ."	"DYNAMIC"	"DYNAMIC"	"DYNAMIC"
"brown_fiction"	"2169"	"stand"	"They had been sitting too long to be able to stand up easily ."	"DYNAMIC"	"DYNAMIC"	"DYNAMIC"
"brown_romance"	"2170"	"stand"	"But now with real anger at last , something proud and indignant , Early Spring stood like a she wolf before her den and cried , `` I will not shriek at you ! !"	"STATIVE"	"BOTH"	"BOTH"
"brown_news"	"2171"	"stand"	"`` After the primary '' , he promised , `` I'll be explicit on where I stand to bring you a strong , dynamic administration ."	"STATIVE"	"STATIVE"	"STATIVE"
"brown_fiction"	"2172"	"stand"	"She came to the ballroom and stood on the two carpeted steps that led down to it ."	"STATIVE"	"DYNAMIC"	"BOTH"
"brown_learned"	"2173"	"stand"	"The mixtures of sample plus cell suspension were allowed to stand at room temperature for 1 Aj ."	"STATIVE"	"STATIVE"	"STATIVE"
"brown_adventure"	"2174"	"stand"	"Sally left her choring to stand beside Dan ."	"STATIVE"	"BOTH"	"BOTH"
"brown_belles_lettres"	"2175"	"stand"	"`` I must then be standing on the line between France and Germany '' ."	"STATIVE"	"STATIVE"	"STATIVE"
"brown_learned"	"2176"	"stand"	"There was no extra horse so it was left to his comrades who , though numbering in the fifties , had stood around on the hillside nearby without firing a shot during the entire attack ."	"STATIVE"	"STATIVE"	"STATIVE"
"brown_fiction"	"2177"	"stand"	"Then Miss Ada had stood up , rustling and rustling , and gone upstairs ."	"DYNAMIC"	"DYNAMIC"	"DYNAMIC"
"brown_adventure"	"2178"	"stand"	"The company herds were being raided less often , and cabins and soddies all over the range were standing deserted ."	"STATIVE"	"STATIVE"	"STATIVE"
"brown_mystery"	"2179"	"stand"	"A lighted lamp stood on the table that dusky , drizzling day ."	"STATIVE"	"STATIVE"	"STATIVE"
"brown_belles_lettres"	"2180"	"stand"	"Can they stand rigid scrutiny ? ?"	"STATIVE"	"STATIVE"	"STATIVE"
"brown_adventure"	"2181"	"stand"	"Of all the rip-roaring two-fisted tough boys of the Old West , `` Uncle Billy Tilghman '' stands out head and shoulders ."	"STATIVE"	"STATIVE"	"STATIVE"
"brown_mystery"	"2182"	"stand"	"He stood up and touched the girl's arm ."	"DYNAMIC"	"STATIVE"	"BOTH"
"brown_religion"	"2183"	"stand"	"One denomination had a membership of 1,419,833 at the beginning of the period under study , and twenty years later its membership stood at 1,541,991 -- a net growth of only 122,158 ."	"STATIVE"	"STATIVE"	"STATIVE"
"brown_mystery"	"2184"	"stand"	"The wastebasket stood near the wall next to the divan , and the instant Casey picked it up he knew what had happened ."	"STATIVE"	"STATIVE"	"STATIVE"
"brown_fiction"	"2185"	"stand"	"Finding the key under his shoe , he started the engine , and while it warmed up he turned to her standing there in the dripping fog , and said , `` Defrost the refrigerator '' ."	"STATIVE"	"STATIVE"	"STATIVE"
"brown_learned"	"2186"	"stand"	"No detectable reaction was found at room temperature for reaction mixtures allowed to stand up to 5 hours ."	"STATIVE"	"STATIVE"	"STATIVE"
"brown_fiction"	"2187"	"stand"	"And those without beards would have stood out as not dressed for the occasion ."	"STATIVE"	"STATIVE"	"STATIVE"
"brown_hobbies"	"2188"	"stand"	"Start with the class standing in a circle , with weight on the right foot and the left extended a little way into the circle ."	"STATIVE"	"STATIVE"	"STATIVE"
"brown_hobbies"	"2189"	"stand"	"The Philippi bridge , however , was the Chenoweth master piece , with its 139-foot , dual lane , span -- and it stands today as a monument to its builders ."	"STATIVE"	"STATIVE"	"STATIVE"
"brown_hobbies"	"2190"	"stand"	"Time stands still as you climb the narrow , stone stairways in tiny villages clinging to steep mountain slopes or wander through story-book towns , perched atop lofty crags , their faces turned to the sea ."	"STATIVE"	"STATIVE"	"STATIVE"
"brown_belles_lettres"	"2191"	"stand"	"The latter in turn assured him that `` were I arraigned at the bar , and you my judge , I should expect to stand or fall only by the merits of my cause '' ."	"STATIVE"	"BOTH"	"BOTH"
"brown_learned"	"2192"	"stand"	"While many tokens point forward , the main achievements stand as a culmination of the simple patterns of the Dark ages ."	"STATIVE"	"STATIVE"	"STATIVE"
"brown_fiction"	"2193"	"stand"	"He wanted desperately to see Kayabashi defeated , the Communists in the village rooted out , the mission standing triumphant , for in the triumph of the Lord he himself would be triumphant , too ."	"STATIVE"	"STATIVE"	"STATIVE"
"brown_adventure"	"2194"	"stand"	"He crawled beneath the two supply wagons which stood between the buildings and peered around a corner ."	"STATIVE"	"STATIVE"	"STATIVE"
"brown_mystery"	"2195"	"stand"	"already the thermometer stood close to ninety ."	"STATIVE"	"STATIVE"	"STATIVE"
"brown_belles_lettres"	"2196"	"stand"	"Shakespeare's wit and wisdom , his profound insight into human nature , have stood the test of centuries ."	"STATIVE"	"STATIVE"	"STATIVE"
"brown_religion"	"2197"	"stand"	"All this works severely against the kind of cross-cultural communication for which Christian missions stand ."	"STATIVE"	"STATIVE"	"STATIVE"
"brown_romance"	"2198"	"stand"	"The woman ( she must have been a tiny baby when Hetty and Delia had stood arm in arm , watching great age grow small ) answered the nod with her own ."	"STATIVE"	"STATIVE"	"STATIVE"
"brown_adventure"	"2199"	"stand"	"The haughty white girl turned to a distinguished , hawk-faced man standing at her side and murmured : `` Look at your watch , Col. Garvier ."	"STATIVE"	"STATIVE"	"STATIVE"
"brown_editorial"	"2200"	"stand"	"He pushes and straightens himself as if he can't stand the feeling of being held ."	"STATIVE"	"STATIVE"	"STATIVE"
"brown_adventure"	"2201"	"stand"	"The man stood near the bent levi-clad body of the Indian who lay face down almost under the car ."	"STATIVE"	"STATIVE"	"STATIVE"
"brown_government"	"2202"	"stand"	"Winston Churchill's Olympian , optimistic and resolute sayings when Britain stood alone against the armed forces of tyranny less than twenty years ago ; ;"	"DYNAMIC"	"STATIVE"	"BOTH"
"brown_fiction"	"2203"	"stand"	"When he opened the door , there stood Eugene , on his way out of the apartment ."	"STATIVE"	"STATIVE"	"STATIVE"
"brown_adventure"	"2204"	"stand"	"He stood watching the girl , wondering what was coming next ."	"STATIVE"	"STATIVE"	"STATIVE"
"brown_religion"	"2205"	"stand"	"Invite sponsors or Fellowship Friends to stand back of the new members in the reception service ."	"STATIVE"	"DYNAMIC"	"BOTH"
"brown_romance"	"2206"	"stand"	"she let the interpretation stand ."	"STATIVE"	"STATIVE"	"STATIVE"
"brown_reviews"	"2207"	"stand"	"Now we have stood up to the Communists ; ;"	"DYNAMIC"	"DYNAMIC"	"DYNAMIC"
"brown_adventure"	"2208"	"stand"	"Delphine stood like stone , her eyes alive with hate as she looked down at the sheeted corpse ."	"STATIVE"	"STATIVE"	"STATIVE"
"brown_reviews"	"2209"	"follow"	"The grieving Hero and her father , Leonato , followed by the Friar , left the stage ."	"DYNAMIC"	"DYNAMIC"	"DYNAMIC"
"brown_learned"	"2210"	"follow"	"When a child fails to meet the standards of the school in his rate of learning , insecurity , unhappiness , and other forms of maladjustment frequently follow ."	"DYNAMIC"	"DYNAMIC"	"DYNAMIC"
"brown_learned"	"2211"	"follow"	"But first , we must define two terms so that their meaning will be clearly understood : form -- any unique sequence of alphabetic characters that can appear in a language preceded and followed by a space ; ;"	"STATIVE"	"DYNAMIC"	"BOTH"
"brown_learned"	"2212"	"follow"	"This chlorine-carbon tetrachloride solution was illuminated for a day following which the flask was resealed onto a vacuum system and the excess chlorine distilled off ."	"STATIVE"	"DYNAMIC"	"BOTH"
"brown_hobbies"	"2213"	"follow"	"Following single-dose treatment , milk should be discarded for 4 days following treatment ."	"CONTEXT"	"STATIVE"	"BOTH"
"brown_learned"	"2214"	"follow"	"It should be possible to free carbon tetrachloride of any interfering substances by the usual purification methods followed by prechlorination prior to addition of radioactive chlorine ."	"STATIVE"	"STATIVE"	"STATIVE"
"brown_editorial"	"2215"	"follow"	"In your editorial of Sept. 30 `` The Smoldering Congo '' you make the following comment : `` Far too many states are following the Russian example in refusing to pay their assessments ."	"STATIVE"	"DYNAMIC"	"BOTH"
"brown_learned"	"2216"	"follow"	"Both index words and electronic switches may have been made unavailable before the start of assignment in one of the following ways ."	"CONTEXT"	"STATIVE"	"BOTH"
"brown_learned"	"2217"	"follow"	"At the close of Davis' speech the following preamble and resolutions were read by the president , and on the question of their adoption passed unanimously :"	"STATIVE"	"STATIVE"	"STATIVE"
"brown_hobbies"	"2218"	"follow"	"The interlocking frame we built at the model railroader workshop and then installed on Paul Larson's railroad follows the Fig. 1 scheme and is shown beginning in Fig. 7 , page 65 , and in the photos ."	"STATIVE"	"STATIVE"	"STATIVE"
"brown_belles_lettres"	"2219"	"follow"	"Granted , the cosmological , philosophical , and cultural reverberations initiated by the De Revolutionibus were felt with increasing violence during the 300 years to follow ."	"STATIVE"	"DYNAMIC"	"BOTH"
"brown_humor"	"2220"	"follow"	"Now did Welch truly become the man of the hour , and everything that followed in the procedure of Justice was a new triumph for him ."	"BOTH"	"DYNAMIC"	"BOTH"
"brown_reviews"	"2221"	"follow"	"Equally penetrating in its fashion is the following remark by a lady in the course of a literary conversation : `` So much has already been written about everything that you can't find out anything about it '' ."	"CONTEXT"	"STATIVEHABITUAL"	"BOTH"
"brown_learned"	"2222"	"follow"	"While some regression is inevitable , it is discouraged rather than encouraged so that the transference does not follow the stages of planned regression associated with certain casework adaptations of the psychoanalytic model for insight therapy ."	"DYNAMIC"	"DYNAMIC"	"DYNAMIC"
"brown_adventure"	"2223"	"follow"	"A bold line of violet broke loose from the high ridge of the mountains , followed by feathers of red that swept the last stars from the sky ."	"STATIVE"	"DYNAMIC"	"BOTH"
"brown_belles_lettres"	"2224"	"follow"	"The fall of Rome , the discovery of precious metals , and the Protestant Reformation were all links and could only be explained and understood by comprehending the links that preceded and those that followed ."	"STATIVE"	"DYNAMIC"	"BOTH"
"brown_religion"	"2225"	"follow"	"but in this respect it was merely following the accepted Chinese convention for all maps ."	"DYNAMIC"	"DYNAMIC"	"DYNAMIC"
"brown_science_fiction"	"2226"	"follow"	"Ryan nudged it with his toe , following Ekstrohm's example ."	"DYNAMIC"	"DYNAMIC"	"DYNAMIC"
"brown_learned"	"2227"	"follow"	"The following is a less extreme example of dependence ."	"CONTEXT"	"DYNAMIC"	"BOTH"
"brown_news"	"2228"	"follow"	"A small reception will follow in the Oak Park Arms hotel ."	"STATIVE"	"DYNAMIC"	"BOTH"
"brown_learned"	"2229"	"follow"	"In the main , this course took the following directional high roads ."	"CONTEXT"	"DYNAMIC"	"BOTH"
"brown_humor"	"2230"	"follow"	"He followed Mr. Blatz up the cellar stairs ."	"DYNAMIC"	"DYNAMIC"	"DYNAMIC"
"brown_hobbies"	"2231"	"follow"	"The real question that follows is -- how are those four years used and what is their value as training ? ?"	"BOTH"	"DYNAMIC"	"BOTH"
"brown_news"	"2232"	"follow"	"The fact is that any business that wants to operate successfully cannot follow the law ."	"STATIVEHABITUAL"	"STATIVE"	"BOTH"
"brown_belles_lettres"	"2233"	"follow"	"The turn of the century , or to be more precise , the two decades preceeding and following it , marks a great change in the history of early English scholarship ."	"STATIVE"	"DYNAMIC"	"BOTH"
"brown_learned"	"2234"	"follow"	"Thus the first lines of one of Charles Wesley's hymns are as follows ."	"STATIVE"	"DYNAMIC"	"BOTH"
"brown_learned"	"2235"	"follow"	"A final class of exceptional lines is identifiable from the following considerations : Since no two generators of Af can intersect , it follows that their image curves can have no free intersections ."	"STATIVE"	"DYNAMIC"	"BOTH"
"brown_learned"	"2236"	"follow"	"Since the complex of singular lines is of order K and since there is no complex of invariant lines , it follows from the formula Af that the order of the involution is Af ."	"STATIVE"	"DYNAMIC"	"BOTH"
"brown_government"	"2237"	"follow"	"Dr. A. V. Astin , NBS Director , opened the 5-day session with introductory remarks , following which a total of twenty-six papers were given throughout the week by NBS scientists , from both the Washington and Boulder Laboratories ."	"STATIVE"	"DYNAMIC"	"BOTH"
"brown_learned"	"2238"	"follow"	"The pulmonary vein , however , without the limiting supportive tissue septa as in type 1 , , follows a more direct path to the hilum and does not maintain this close relationship ( figs. 8 , 22 ) ."	"STATIVE"	"DYNAMIC"	"BOTH"
"brown_hobbies"	"2239"	"follow"	"Construction follows a thorough study of the drawings ."	"STATIVE"	"STATIVEHABITUAL"	"BOTH"
"brown_belles_lettres"	"2240"	"follow"	"but the years that immediately followed were to be extraordinarily trying , both for Wright and his Montenegrin lady ."	"STATIVE"	"DYNAMIC"	"BOTH"
"brown_belles_lettres"	"2241"	"follow"	"Blenheim was followed in rapid succession by Ramillies And The Union With Scotland and by The Peace And The Protestant Succession , the three forming together a detailed picture of England under Queen Anne ."	"DYNAMIC"	"DYNAMIC"	"DYNAMIC"
"brown_hobbies"	"2242"	"follow"	"Independent art schools granting degrees must , naturally , follow this with academic accreditation by the appropriate regional group ."	"DYNAMIC"	"DYNAMIC"	"DYNAMIC"
"brown_lore"	"2243"	"follow"	"`` I like to follow the holidays when they come along ."	"DYNAMIC"	"DYNAMIC"	"DYNAMIC"
"brown_belles_lettres"	"2244"	"follow"	"As evidence to support that view , consider the following illustrative instances ."	"CONTEXT"	"STATIVE"	"BOTH"
"brown_hobbies"	"2245"	"follow"	"In the following year , 1803 , Oersted , simultaneously with Davy , discovered that acids increased the strength of a voltaic battery more than did salts ."	"STATIVE"	"DYNAMIC"	"BOTH"
"brown_learned"	"2246"	"follow"	"It follows that any effective policy toward the underdeveloped countries must have a realistically long working horizon ."	"STATIVE"	"STATIVE"	"STATIVE"
"brown_fiction"	"2247"	"follow"	"At last he consented to meet her , and following that brief interview Claire wrote him a yet more remarkable proposal :"	"STATIVE"	"DYNAMIC"	"BOTH"
"brown_news"	"2248"	"follow"	"Player immediately proceeded to follow suit ."	"DYNAMIC"	"DYNAMIC"	"DYNAMIC"
"brown_religion"	"2249"	"follow"	"In an amateurish , yet in a very real sense , I have followed the developments of archaeology , geology , astronomy , herpetology , and mycology with a hearty appreciation of the advances being made in these fields ."	"DYNAMIC"	"DYNAMIC"	"DYNAMIC"
"brown_learned"	"2250"	"follow"	"The saline tubes were saved and used for the indirect Coombs test in the following manner ."	"STATIVE"	"DYNAMIC"	"BOTH"
"brown_learned"	"2251"	"follow"	"Since I have already discussed his moral position , that discussion is incorporated by reference into the following pages , which will focus on the empirical and analytic side of Fromm's treatment ."	"STATIVE"	"DYNAMIC"	"BOTH"
"brown_reviews"	"2252"	"follow"	"`` Parsifal '' follows July 25 , with Hans Knappertsbusch conducting , and he also conducts `` Die Meistersinger '' , to be presented Aug. 8 and 12 ."	"STATIVE"	"DYNAMIC"	"BOTH"
"brown_religion"	"2253"	"follow"	"If the church has followed the plan of cultivation of prospects and carried through a program of membership preparation as outlined earlier in this book , the process of assimilation and growth will be well under way ."	"DYNAMIC"	"DYNAMIC"	"DYNAMIC"
"brown_learned"	"2254"	"follow"	"such is the mystique of planning that people expect that fulfillment of the plan will follow automatically upon its announcement ."	"DYNAMIC"	"DYNAMIC"	"DYNAMIC"
"brown_learned"	"2255"	"follow"	"If the trend of general business activity follows the pattern suggested here , we are likely to see additional steps by the Federal Reserve authorities to ease the availability of credit ."	"STATIVE"	"DYNAMIC"	"BOTH"
"brown_mystery"	"2256"	"follow"	"I followed him out through the lobby to the street ."	"DYNAMIC"	"DYNAMIC"	"DYNAMIC"
"brown_hobbies"	"2257"	"follow"	"A jigger of dry Sherry follows , and as the mixture stiffens , in go a hundred of the little oysters ."	"DYNAMIC"	"DYNAMIC"	"DYNAMIC"
"brown_adventure"	"2258"	"follow"	"You're the only man the Night Riders will follow ."	"DYNAMIC"	"DYNAMIC"	"DYNAMIC"
"brown_belles_lettres"	"2259"	"follow"	"Just as present technology had to await the explanations of physics , so one might expect that social invention will follow growing sociological understanding ."	"STATIVE"	"DYNAMIC"	"BOTH"
"brown_belles_lettres"	"2260"	"follow"	"Such a comparison reminds us that in employing low characters in his works Faulkner is recording actuality in the South and moreover is following a long-established literary precedent ."	"DYNAMIC"	"DYNAMIC"	"DYNAMIC"
"brown_religion"	"2261"	"follow"	"They recommended , also , that `` at a fixed hour , let the entire family be assembled for night prayers , followed by a short reading of the Holy Scriptures '' ."	"STATIVE"	"DYNAMIC"	"BOTH"
"brown_adventure"	"2262"	"follow"	"I was just doing my job , just following orders , and for that he's going to kill me ."	"DYNAMIC"	"DYNAMIC"	"DYNAMIC"
"brown_belles_lettres"	"2263"	"follow"	"In the following sketch we shall present a brief outline of his life and let him as much as possible speak for himself ."	"STATIVE"	"DYNAMIC"	"BOTH"
"brown_humor"	"2264"	"follow"	"The story opens on the eve of his fifty-third birthday , as he prepares for the two weeks of festivities that are to follow ."	"DYNAMIC"	"DYNAMIC"	"DYNAMIC"
"brown_lore"	"2265"	"follow"	"The following morning Mr. Morikawa called for me , and we went to visit schools -- kindergarten , middle-school , elementary school , and high school -- Mr. Yoshimoto's school ."	"STATIVE"	"DYNAMIC"	"BOTH"
"brown_learned"	"2266"	"follow"	"Other examples follow ."	"STATIVE"	"DYNAMIC"	"BOTH"
"brown_adventure"	"2267"	"follow"	"Powers had not followed ."	"DYNAMIC"	"DYNAMIC"	"DYNAMIC"
"brown_learned"	"2268"	"follow"	"numbers sometimes followed by letters are used so that insertions can be made ."	"STATIVE"	"STATIVE"	"STATIVE"
"brown_fiction"	"2269"	"follow"	"They were going to follow it for part of their journey ."	"DYNAMIC"	"DYNAMIC"	"DYNAMIC"
"brown_hobbies"	"2270"	"follow"	"Outputs of the two systems are measured by a pulse-timing circuit and a resistance bridge , followed by a simple analogue computer which feeds a multichannel recorder ."	"STATIVE"	"DYNAMIC"	"BOTH"
"brown_religion"	"2271"	"follow"	"Since the Catholic Church expresses such desire that the Sacred Scriptures be read , the following taken from the Holy Bible ( New Catholic Edition ) will prove a means of grace and a source of great spiritual blessing ."	"STATIVE"	"DYNAMIC"	"BOTH"
"brown_learned"	"2272"	"follow"	"Some of these were obviously filling from interlobular branches of the bronchial arteries while others were filling from direct hilar branches following along the pleural surface ."	"STATIVE"	"STATIVE"	"STATIVE"
"brown_government"	"2273"	"follow"	"The basic significance of this invention helped them to follow it rapidly in 1855 by the development of a unique precision gear cutting and dividing engine ."	"DYNAMIC"	"DYNAMIC"	"DYNAMIC"
"brown_belles_lettres"	"2274"	"follow"	"In his recognition of his impersonal self the dancer moves , and this self , in the `` first revealed stroke of its existence '' , states the theme from which all else must follow ."	"STATIVE"	"DYNAMIC"	"BOTH"
"brown_adventure"	"2275"	"follow"	"The other five Slash-B men followed them inside , crowding the small room ."	"DYNAMIC"	"DYNAMIC"	"DYNAMIC"
"brown_editorial"	"2276"	"follow"	"( Quotations follow '' ."	"STATIVE"	"DYNAMIC"	"BOTH"
"brown_learned"	"2277"	"follow"	"The restrained gyro-stabilized platform with reasonable response characteristics operates with an approximate equation of motion , neglecting transient effects , as follows : Af where U is a torque applied about the output axis of the controlling gyro ."	"STATIVE"	"STATIVE"	"STATIVE"
"brown_government"	"2278"	"follow"	"The following steps are employed in calculations : 1 ."	"STATIVE"	"DYNAMIC"	"BOTH"
"brown_learned"	"2279"	"follow"	"These entries should normally appear at the beginning of the program or immediately following each LITORIGIN statement ."	"STATIVE"	"DYNAMIC"	"BOTH"
"brown_news"	"2280"	"follow"	"A family worship service will follow the program at 7:45 p.m. ."	"DYNAMIC"	"DYNAMIC"	"DYNAMIC"
"brown_learned"	"2281"	"follow"	"The following summary will give the student some idea about the social characteristics of elementary-school children ; ;"	"STATIVE"	"DYNAMIC"	"BOTH"
"brown_learned"	"2282"	"follow"	"During the following week , six tons of hay belonging to one rancher were burned ; ;"	"STATIVE"	"DYNAMIC"	"BOTH"
"brown_belles_lettres"	"2283"	"follow"	"My own experience has followed simpler lines ."	"STATIVE"	"DYNAMIC"	"BOTH"
"brown_government"	"2284"	"follow"	"The management of state-owned vehicles since that time has been described in a recent report in the following manner : ``"	"STATIVE"	"STATIVE"	"STATIVE"
"brown_learned"	"2285"	"follow"	"In type 1 the pulmonary vein closely follows the course of the bronchus and the pulmonary artery from the periphery to the hilum ."	"STATIVE"	"DYNAMIC"	"BOTH"
"brown_learned"	"2286"	"follow"	"This was followed by a comprehensive series of observations of the 1.25-cm emission of the moon over three lunar cycles by Piddington and Minnett ( 1949 ) ."	"STATIVE"	"DYNAMIC"	"BOTH"
"brown_learned"	"2287"	"follow"	"They vex us and perplex us but generally do not divide us like the issues which follow the problems ."	"STATIVE"	"DYNAMIC"	"BOTH"
"brown_learned"	"2288"	"follow"	"Recommendations of international authorities , such as the International Union of Crystallography , are followed ."	"DYNAMIC"	"STATIVEHABITUAL"	"BOTH"
"brown_learned"	"2289"	"follow"	"( As we have seen , the Erie and York decisions require federal courts in diversity cases to follow state decisional rules ."	"DYNAMIC"	"DYNAMIC"	"DYNAMIC"
"brown_romance"	"2290"	"follow"	"And a very young one , Swan Necklace , tried to emulate them and followed timidly ."	"DYNAMIC"	"DYNAMIC"	"DYNAMIC"
"brown_lore"	"2291"	"follow"	"The following month the invasion of Italy was begun , and Roosevelt gave effect to his warning by consenting to the stockpiling of poison gas in southern Italy ."	"STATIVE"	"DYNAMIC"	"BOTH"
"brown_hobbies"	"2292"	"follow"	"For the best results , feed this level to cattle 3 to 5 days preceding shipment and/or 3 to 5 days following their arrival in your feed lot ."	"CONTEXT"	"STATIVE"	"BOTH"
"brown_romance"	"2293"	"follow"	"He was followed by four of his men ."	"DYNAMIC"	"DYNAMIC"	"DYNAMIC"
"brown_romance"	"2294"	"follow"	"If they follow anyone , it'll have to be you '' ."	"DYNAMIC"	"DYNAMIC"	"DYNAMIC"
"brown_belles_lettres"	"2295"	"follow"	"On the other hand , Dr. Ezra Styles recorded the following testimony of John Angell , the last disciple of Gorton : ``"	"STATIVE"	"DYNAMIC"	"BOTH"
"brown_news"	"2296"	"follow"	"Full payment of nursing home bills for up to 180 days following discharge from a hospital ."	"STATIVE"	"DYNAMIC"	"BOTH"
"brown_news"	"2297"	"follow"	"It is followed by Cain Street and Piedmont Avenue , NE ; ;"	"STATIVE"	"DYNAMIC"	"BOTH"
"brown_hobbies"	"2298"	"follow"	"Makes necessary purchases , places contracts , supervises construction , installation , finishing and placement of furniture , fixtures and other correlated furnishings , and follows through to completion of project '' ."	"DYNAMIC"	"DYNAMIC"	"DYNAMIC"
"brown_adventure"	"2299"	"follow"	"He was asking had it been she who left the love note in his sheets ( she also served as maid ) when he saw the Grafin followed by a stately blond girl approaching his table ."	"DYNAMIC"	"DYNAMIC"	"DYNAMIC"
"brown_learned"	"2300"	"follow"	"It was assumed that the shift in autonomic hypothalamic balance occurring spontaneously in neuropsychiatric patients from the application of certain therapeutic procedures follows the pattern known from the sleep-wakefulness cycle ."	"STATIVE"	"DYNAMIC"	"BOTH"
"brown_humor"	"2301"	"follow"	"Thus committed , action might follow ."	"DYNAMIC"	"DYNAMIC"	"DYNAMIC"
"brown_government"	"2302"	"follow"	"Therefore , civil defense instructions received over CONELRAD or by other means should be followed ."	"DYNAMIC"	"DYNAMIC"	"DYNAMIC"
"brown_news"	"2303"	"follow"	"The event will be open to the public the following day ."	"CONTEXT"	"DYNAMIC"	"BOTH"
"brown_belles_lettres"	"2304"	"follow"	"New organs of unification proliferated in the decade following the conclusion of the NATO alliance ."	"STATIVE"	"DYNAMIC"	"BOTH"
"brown_learned"	"2305"	"follow"	"These area reports will be followed , according to present plans , by a summary report , which will include a detailed statement on methods ."	"STATIVE"	"DYNAMIC"	"BOTH"
"brown_editorial"	"2306"	"follow"	"It follows that teachers as a group cannot expect any marked salary increases ; ;"	"STATIVE"	"DYNAMIC"	"BOTH"
"brown_learned"	"2307"	"follow"	"The following table ( 14-2 ) lists the ( luminous ) gain values computed according to Eq. ( 6 ) with Af ."	"STATIVE"	"DYNAMIC"	"BOTH"
"brown_lore"	"2308"	"follow"	"During the excitement following Lindbergh's flight to Paris earlier in 1927 , dare devil aviators overnight became legendary heroes ."	"STATIVE"	"DYNAMIC"	"BOTH"
"brown_lore"	"2309"	"follow"	"The `` Barre Aviation Field '' was set to receive its first aircraft the Sunday following the flood ."	"STATIVE"	"DYNAMIC"	"BOTH"
"brown_news"	"2310"	"follow"	"Dodge reported the following breakdown :"	"CONTEXT"	"STATIVE"	"BOTH"
"brown_learned"	"2311"	"follow"	"Technique pure and simple , rendition , is not of major importance , but it is interesting that Parker , following Lester Young , was one of the leaders of the so-called saxophone revolution ."	"STATIVE"	"DYNAMIC"	"BOTH"
"brown_learned"	"2312"	"follow"	"What follows is therefore a description of three separate undertakings , the new frescoing of the gap , and the successive essays in conservation , with some discussion of problems that arose in connection with each ."	"STATIVE"	"DYNAMIC"	"BOTH"
"brown_fiction"	"2313"	"follow"	"Jessica Packard lifted her head and followed the retreating figure , her eyes resting nearly closed on the unself-conscious rise and fall of the rounded hips ."	"DYNAMIC"	"DYNAMIC"	"DYNAMIC"
"brown_news"	"2314"	"follow"	"division four will be headed by the Navy , followed by 11 states ; ;"	"CONTEXT"	"DYNAMIC"	"BOTH"
"brown_belles_lettres"	"2315"	"follow"	"The Communist coup in Czechoslovakia in 1948 was followed immediately by the conclusion of the Brussels Treaty , a 50-year alliance among Britain , France and the Benelux countries ."	"DYNAMIC"	"DYNAMIC"	"DYNAMIC"
"brown_hobbies"	"2316"	"follow"	"This difficulty arises even though we can give examples of men who have actually followed this course ."	"DYNAMIC"	"STATIVEHABITUAL"	"BOTH"
"brown_lore"	"2317"	"follow"	"This is followed by a tremendous suck of water away from the shore as the first great trough arrives ."	"DYNAMIC"	"DYNAMIC"	"DYNAMIC"
"brown_editorial"	"2318"	"follow"	"If the new Soviet series has followed the general pattern of previous Russian tests , the shots were roughly half fission and half fusion , meaning a fission yield of 30 to 40 megatons thus far ."	"DYNAMIC"	"DYNAMIC"	"DYNAMIC"
"brown_belles_lettres"	"2319"	"follow"	"there is no easy and quick way to follow from the oxcart to the jet plane ."	"DYNAMIC"	"DYNAMIC"	"DYNAMIC"
"brown_lore"	"2320"	"follow"	"Since the change to better nutrition , he feels he can report on improvements in health , though he considers the following statements observations and not scientific proof ."	"CONTEXT"	"STATIVE"	"BOTH"
"brown_romance"	"2321"	"follow"	"`` Not onions '' , came the answer the following day ."	"STATIVE"	"STATIVE"	"STATIVE"
"brown_lore"	"2322"	"follow"	"A Georgia soldier gave his wife the following description of the cause and consequence of diarrhoea : `` I have bin a little sick with diorah two or three days ."	"STATIVE"	"DYNAMIC"	"BOTH"
"brown_mystery"	"2323"	"follow"	"A couple of sobs escaped him , followed by a sentiment that revealed his emotional state ."	"STATIVE"	"DYNAMIC"	"BOTH"
"brown_lore"	"2324"	"follow"	"A sharp tremor was followed by a jerky roll ."	"DYNAMIC"	"DYNAMIC"	"DYNAMIC"
"brown_editorial"	"2325"	"follow"	"If one follows the reports of the Congress , one finds that there still seems considerable uncertainty in the minds of the leaders themselves about what exactly to do in this matter ."	"DYNAMIC"	"DYNAMIC"	"DYNAMIC"
"brown_learned"	"2326"	"follow"	"Anti-A and anti-B activities were determined in fractions from the sera of group A , group B or group O donors by the following tube agglutination methods ."	"STATIVE"	"DYNAMIC"	"BOTH"
"brown_news"	"2327"	"follow"	"The disagreement was over what Dr. Jenkins had said at a previous session and how his remarks appeared in the minutes presented at the following meeting ."	"CONTEXT"	"STATIVE"	"BOTH"
"brown_romance"	"2328"	"follow"	"She screamed , and both women ran up to the house , and I followed ."	"DYNAMIC"	"DYNAMIC"	"DYNAMIC"
"brown_editorial"	"2329"	"follow"	"Thereupon followed a demonstration that tyranny knows no ideological confines ."	"DYNAMIC"	"DYNAMIC"	"DYNAMIC"
"brown_adventure"	"2330"	"follow"	"It was a trick they used to try and conceal their identity when they followed trucks to check their speed ."	"DYNAMIC"	"DYNAMIC"	"DYNAMIC"
"brown_learned"	"2331"	"follow"	"Codification was followed in all countries by a growing amount of legislation , some changing and adjusting the older law , much dealing with entirely new situations ."	"STATIVE"	"DYNAMIC"	"BOTH"
"brown_editorial"	"2332"	"follow"	"This prime element of the truth may be stated as follows : Under prevailing policy , the U.S. can take the initiative against the Right , but cannot take the initiative against the Left ."	"STATIVE"	"DYNAMIC"	"BOTH"
"brown_learned"	"2333"	"follow"	"Now that this is at odds with our meaning may be shown as follows ."	"STATIVE"	"DYNAMIC"	"BOTH"
"brown_adventure"	"2334"	"follow"	"The eyes followed him fearfully ."	"DYNAMIC"	"DYNAMIC"	"DYNAMIC"
"brown_belles_lettres"	"2335"	"follow"	"It may be a reaction to a percussive sound , the following movements constituting further reactions ."	"STATIVE"	"DYNAMIC"	"BOTH"
"brown_mystery"	"2336"	"follow"	"We opened on Friday and closed the following Monday ."	"CONTEXT"	"STATIVE"	"BOTH"
"brown_lore"	"2337"	"follow"	"A detachment of six men from the 701st Chemical Maintenance Company under First Lt. Howard D. Beckstrom went aboard , followed by Lt. Thomas H. Richardson , the Cargo Security Officer ."	"DYNAMIC"	"DYNAMIC"	"DYNAMIC"
"brown_romance"	"2338"	"follow"	"Of course , it wasn't Anne and George's fault that one family crisis seemed to follow another , and weren't they always emphasizing that they really didn't know what they would do without Theresa ? ?"	"DYNAMIC"	"DYNAMIC"	"DYNAMIC"
"brown_belles_lettres"	"2339"	"follow"	"Exhibited in shows in London in 1935 , and in New York the following year , the new , more elaborated abstracts were much favored in the circles of the modernists as three-dimentional dramas of great intellectual coherence ."	"CONTEXT"	"STATIVE"	"BOTH"
"brown_adventure"	"2340"	"follow"	"Forced behind him momentarily , Russ followed at once and halted two steps inside ."	"DYNAMIC"	"DYNAMIC"	"DYNAMIC"
"brown_government"	"2341"	"follow"	"These publications may be secured as follows : The Annual Catalog from the Director of Admissions and other issues from the Publications Office ."	"STATIVE"	"DYNAMIC"	"BOTH"
"brown_adventure"	"2342"	"follow"	"When it was followed by a second , whining even closer , Cobb swerved sharply aside into a depression ."	"STATIVE"	"DYNAMIC"	"BOTH"
"brown_government"	"2343"	"follow"	"Fiscal year taxpayers have until the last day of the first month following the close of the fiscal year ( farmers until the 15th day of the 2d month ) ."	"STATIVE"	"DYNAMIC"	"BOTH"
"brown_mystery"	"2344"	"follow"	"Tim come with the migratory workers that follow the crops up from the South last year , but Tim and his wife settled here ."	"DYNAMIC"	"DYNAMIC"	"DYNAMIC"
"brown_belles_lettres"	"2345"	"follow"	"Harry followed the car until it reached the main road and turned towards Kingston ."	"DYNAMIC"	"DYNAMIC"	"DYNAMIC"
"brown_hobbies"	"2346"	"follow"	"After the factors just described have been computed , they are applied to the following formula : Af"	"CONTEXT"	"STATIVEHABITUAL"	"BOTH"
"brown_learned"	"2347"	"accept"	"The European customs on which international law was based were to become , by force and fiat , the customs that others were to accept as law if they were to join this community as sovereign states ."	"DYNAMIC"	"STATIVE"	"BOTH"
"brown_belles_lettres"	"2348"	"accept"	"What irritated Miriam was that Wright had told the papers about a reasonable offer he had made , which he considered she would accept `` when she tires of publicity '' ."	"DYNAMIC"	"DYNAMIC"	"DYNAMIC"
"brown_hobbies"	"2349"	"accept"	"By accepted definition , a 1-ton conditioner will provide 12,000 BTU of cooling in one hour ."	"STATIVE"	"DYNAMIC"	"BOTH"
"brown_religion"	"2350"	"accept"	"If the demand for demythologization is unavoidable and so must be accepted by theology unconditionally , the position of the `` right '' is clearly untenable ."	"DYNAMIC"	"BOTH"	"BOTH"
"brown_belles_lettres"	"2351"	"accept"	"Most scholars , while willing to accept a survival ( revival ? ?"	"DYNAMIC"	"DYNAMIC"	"DYNAMIC"
"brown_mystery"	"2352"	"accept"	"Why won't you accept facts ? ?"	"DYNAMIC"	"DYNAMIC"	"DYNAMIC"
"brown_news"	"2353"	"accept"	"But an official statement adopted by the 33-man Emory board at its annual meeting Friday noted that state taxing requirements at present are a roadblock to accepting Negroes ."	"DYNAMIC"	"DYNAMIC"	"DYNAMIC"
"brown_religion"	"2354"	"accept"	"Furthermore , as an encouragement to revisionist thinking , it manifestly is fair to admit that any fraternity has a constitutional right to refuse to accept persons it dislikes ."	"DYNAMIC"	"DYNAMIC"	"DYNAMIC"
"brown_editorial"	"2355"	"accept"	"Neither had a choice other than to accept the invitation ."	"DYNAMIC"	"DYNAMIC"	"DYNAMIC"
"brown_belles_lettres"	"2356"	"accept"	"In both the farmer's tale in Ralph Ellison's Invisible Man and in Thomas Mann's The Holy Sinner , the incest hero rises above the myth by accepting the wish as motive ; ;"	"DYNAMIC"	"DYNAMIC"	"DYNAMIC"
"brown_learned"	"2357"	"accept"	"However , the Federal Court held that since the State had accepted the provisions of the Wagner-Peyser Act into its own Code , and presumably therefore also the regulations , it was now a State matter ."	"DYNAMIC"	"DYNAMIC"	"DYNAMIC"
"brown_news"	"2358"	"accept"	"Emory University's Board of Trustees announced Friday that it was prepared to accept students of any race as soon as the state's tax laws made such a step possible ."	"DYNAMIC"	"DYNAMIC"	"DYNAMIC"
"brown_government"	"2359"	"accept"	"The Peace Corps should not pay the expenses of a wife or family , unless the wife is also accepted for full-time Peace Corps work on the same project ."	"DYNAMIC"	"DYNAMIC"	"DYNAMIC"
"brown_belles_lettres"	"2360"	"accept"	"That John Locke's philosophy of the social contract fathered the American Revolution with its Declaration of Independence , I believe , we generally accept ."	"STATIVE"	"STATIVE"	"STATIVE"
"brown_lore"	"2361"	"accept"	"they accepted a job primarily because it was available , convenient , and paid reasonably ."	"DYNAMIC"	"DYNAMIC"	"DYNAMIC"
"brown_belles_lettres"	"2362"	"accept"	"Nevertheless , nationalism and sovereignty are reputed , in the accepted wisdom , to describe the modern world ."	"STATIVE"	"STATIVE"	"STATIVE"
"brown_government"	"2363"	"accept"	"I doubt , for example , that , 3 months before the leadership began to talk about what came to be the Marshall plan , any public-opinion expert would have said that the country would have accepted such proposals ."	"DYNAMIC"	"DYNAMIC"	"DYNAMIC"
"brown_news"	"2364"	"accept"	"The inclination here is to accept a de facto cease-fire in Laos , rather than continue to insist on a verification of the cease-fire by the international control commission before participating in the Geneva conference ."	"DYNAMIC"	"DYNAMIC"	"DYNAMIC"
"brown_learned"	"2365"	"accept"	"The growers have strenuously argued that I should have accepted the Superior Court decisions as conclusive and issued statewide instructions to our staff to ignore this provision in the Secretary's Regulation ."	"DYNAMIC"	"DYNAMIC"	"DYNAMIC"
"brown_belles_lettres"	"2366"	"accept"	"I accepted her crossed eyes as she accepted my childishness ; ;"	"DYNAMIC"	"DYNAMIC"	"DYNAMIC"
"brown_humor"	"2367"	"accept"	"It seemed that I would be the gainer if I accepted the peace and quiet , instead of carrying out my threats ."	"DYNAMIC"	"DYNAMIC"	"DYNAMIC"
"brown_lore"	"2368"	"accept"	"Bienville , who returned to succeed Perier in 1732 , objected that the merchants would not accept the responsibility of managing a trade in which they could see no hope of profits ."	"DYNAMIC"	"DYNAMIC"	"DYNAMIC"
"brown_editorial"	"2369"	"accept"	"In each city civic and education leaders have been working hard to get public opinion prepared to accept the inevitability of equal treatment ."	"DYNAMIC"	"DYNAMIC"	"DYNAMIC"
"brown_belles_lettres"	"2370"	"accept"	"Then , after overtures to accept a settlement and go through with a divorce , Miriam gave a ghastly echo of Mrs. Micawber by suddenly stating , `` I will never leave Mr. Wright '' ."	"DYNAMIC"	"DYNAMIC"	"DYNAMIC"
"brown_fiction"	"2371"	"accept"	"So Linda Kay gave up asking , and accepted her reprieve ."	"DYNAMIC"	"DYNAMIC"	"DYNAMIC"
"brown_fiction"	"2372"	"accept"	"Eugene offered Harold his car , to use at any time he cared to , and when this offer was not accepted , the armchair creaked ."	"DYNAMIC"	"DYNAMIC"	"DYNAMIC"
"brown_belles_lettres"	"2373"	"accept"	"Everyone is more or less sceptical and virtually no one has been willing to accept Lappenberg or Kemble's position on that point ."	"DYNAMIC"	"DYNAMIC"	"DYNAMIC"
"brown_mystery"	"2374"	"accept"	"Stanley had filled out the return and because , when he was finished , it was close to the lunch hour , he had politely asked Kitti to join him , never expecting her to accept ."	"DYNAMIC"	"DYNAMIC"	"DYNAMIC"
"brown_news"	"2375"	"accept"	"Varani has been fired on charges of accepting gifts from the contractor ."	"DYNAMIC"	"DYNAMIC"	"DYNAMIC"
"brown_hobbies"	"2376"	"accept"	"Scientists who agitate hardest for technical recognition are often the most reluctant to accept it ."	"DYNAMIC"	"DYNAMIC"	"DYNAMIC"
"brown_learned"	"2377"	"accept"	"Sarason et al present evidence that the anxious child will suffer in the test-like situation , and that his performance will be impaired unless he receives supporting and accepting treatment from the teacher ."	"STATIVE"	"DYNAMIC"	"BOTH"
"brown_belles_lettres"	"2378"	"accept"	"He said that the architect might reasonably be expected to carry his financial burdens if all harrassment could be brought to an end , and that the bank would accept a mortgage on Taliesin to help bring this about ."	"DYNAMIC"	"DYNAMIC"	"DYNAMIC"
"brown_hobbies"	"2379"	"accept"	"Years later , franks-in-buns were accepted as the `` first to go '' at the New York Polo Grounds ."	"DYNAMIC"	"DYNAMIC"	"DYNAMIC"
"brown_belles_lettres"	"2380"	"accept"	"If Mrs. Wright doesn't accept the terms in the morning , I'll go either to Tokyo or to Holland , to do what I can ."	"DYNAMIC"	"DYNAMIC"	"DYNAMIC"
"brown_news"	"2381"	"accept"	"The inclination was to accept the statement that there would be no formal negotiations ."	"DYNAMIC"	"DYNAMIC"	"DYNAMIC"
"brown_hobbies"	"2382"	"accept"	"A valid American driving license is accepted in all countries except Portugal , Spain , Yugoslavia and Eastern Europe ."	"STATIVEHABITUAL"	"STATIVE"	"BOTH"
"brown_learned"	"2383"	"accept"	"General manager Pels even suggested that it might be wise to keep the Mexicans in suspense rather than accept their offers to sell out and move away , and try to have a few punished ."	"DYNAMIC"	"DYNAMIC"	"DYNAMIC"
"brown_belles_lettres"	"2384"	"accept"	"He claims , too , that his political convictions are simply those which are called `` Revolution Principles '' and which are accepted by moderate men in both parties ."	"STATIVE"	"STATIVE"	"STATIVE"
"brown_lore"	"2385"	"accept"	"Gorham refused to accept money for slave property , but did he realize how much expense and trouble the transportation of his Negroes to the North involved ? ?"	"DYNAMIC"	"DYNAMIC"	"DYNAMIC"
"brown_government"	"2386"	"accept"	"This work gave a heat of formation of aluminum fluoride which closely substantiates a value which had been determined by a less direct method , and raises this property to 15 percent above that accepted a few years ago ."	"STATIVE"	"CONTEXT"	"BOTH"
"brown_belles_lettres"	"2387"	"accept"	"He accepts the accidents of his brushwork because they provide evidence of the vitality of the experience of creation ."	"BOTH"	"DYNAMIC"	"BOTH"
"brown_religion"	"2388"	"accept"	"I do not accept that the choice is between capitulation and the certainty of nuclear war '' ."	"BOTH"	"BOTH"	"BOTH"
"brown_belles_lettres"	"2389"	"accept"	"A `` concert of free nations '' should take its inspiration from the traditions of the nineteenth century Concert of Europe with its common values and accepted `` rules of the game '' ."	"STATIVE"	"DYNAMIC"	"BOTH"
"brown_learned"	"2390"	"accept"	"The difference is that Horace accepted his theme with a kind of silken assurance ."	"DYNAMIC"	"BOTH"	"BOTH"
"brown_lore"	"2391"	"accept"	"Few new writers have their first story accepted , so they tell me ."	"DYNAMIC"	"DYNAMIC"	"DYNAMIC"
"brown_news"	"2392"	"accept"	"Why did the Belgians grant independence to a colony so manifestly unprepared to accept it ? ?"	"DYNAMIC"	"DYNAMIC"	"DYNAMIC"
"brown_mystery"	"2393"	"accept"	"The enormity of what Conrad had told him made it impossible for Gilborn to accept , with any degree of realism , the actuality of it ."	"DYNAMIC"	"STATIVE"	"BOTH"
"brown_learned"	"2394"	"accept"	"One by one , these errors were discussed and one by one he rejected accepting them as errors ."	"DYNAMIC"	"DYNAMIC"	"DYNAMIC"
"brown_belles_lettres"	"2395"	"accept"	"When Partisan and Kenyon set up shop , Mencken was still accepted as an arbiter of taste ( remember Hergesheimer ? ?"	"STATIVE"	"STATIVE"	"STATIVE"
"brown_learned"	"2396"	"accept"	"The focus of novelty in this world now lay in the south-eastern districts of the Greek mainland , and by 800 virtually the entire Aegean , always excepting its northern shores , had accepted the Geometric style of pottery ."	"DYNAMIC"	"DYNAMIC"	"DYNAMIC"
"brown_news"	"2397"	"accept"	"William A. Martinelli , chairman of the Citizens Group of Johnston , transferred the petitions from his left hand to his right hand after the council voted to accept them at the suggestion of Council President Raymond Fortin Sr. ."	"DYNAMIC"	"DYNAMIC"	"DYNAMIC"
"brown_belles_lettres"	"2398"	"accept"	"Katherine Douglas King '' The invitation was accepted and other letters followed , in which she spoke of her concern for his health and her delight in seeing him so much at home among the crippled children she served ."	"DYNAMIC"	"DYNAMIC"	"DYNAMIC"
"brown_religion"	"2399"	"accept"	"`` I am consciously prepared to run the continued risk of ' race suicide by accident ' rather than accept the alternative certainty of race slavery by design ."	"BOTH"	"DYNAMIC"	"BOTH"
"brown_government"	"2400"	"accept"	"The location of the latter now is determined for tax purposes at the time of registration , and it is now accepted practice to consider a motor vehicle as being situated where it is garaged ."	"STATIVE"	"STATIVE"	"STATIVE"
"brown_learned"	"2401"	"accept"	"It is an accepted juridical principle in California that a Superior Court decision does not constitute a binding legal precedent ."	"STATIVE"	"STATIVE"	"STATIVE"
"brown_learned"	"2402"	"accept"	"This agency accepted responsibility for medical services to a population ranging from 638,560 persons in 1941 to 840,503 in 1956 in the Kwango District and adjacent areas east of Leopoldville ."	"DYNAMIC"	"DYNAMIC"	"DYNAMIC"
"brown_religion"	"2403"	"accept"	"Hence , if what is in question is whether in a given theology myth is or is not completely rejected , it is unimportant whether only a little bit of myth or a considerable quantity is accepted ; ;"	"DYNAMIC"	"CONTEXT"	"BOTH"
"brown_mystery"	"2404"	"accept"	"On the second landing he paused to look for Docherty , didn't see him , and accepted a glass of champagne ."	"DYNAMIC"	"DYNAMIC"	"DYNAMIC"
"brown_lore"	"2405"	"accept"	"O'Banion accepted his platinum watch and the tributes to his loyalty , and proceeded with the bigger and better Republican deal ."	"DYNAMIC"	"DYNAMIC"	"DYNAMIC"
"brown_science_fiction"	"2406"	"accept"	"The glorious news had been held up pending Heavenly confirmation of the elevation of a new Supreme Bishop , Huey Short -- a candidate accepted by the Boone faction after lots had been cast repeatedly ."	"DYNAMIC"	"DYNAMIC"	"DYNAMIC"
"brown_editorial"	"2407"	"accept"	"The inference has been too widely accepted that because the Communists have succeeded in building barricades across Berlin the free world must acquiesce in dismemberment of that living city ."	"DYNAMIC"	"STATIVE"	"BOTH"
"brown_news"	"2408"	"accept"	"U. S. willingness to accept a neutral Laos may have led Premier Khrushchev to believe that other areas could be `` neutralized '' on Soviet terms ."	"DYNAMIC"	"DYNAMIC"	"DYNAMIC"
"brown_news"	"2409"	"accept"	"Benington recalled that he once told Hartweger that he doubted Gordon would ever play much for him because he seemed to be lacking in all of the accepted basketball skills ."	"STATIVE"	"STATIVE"	"STATIVE"
"brown_belles_lettres"	"2410"	"accept"	"In 1936 he accepted the leadership of the Berlin Kulturbund ."	"DYNAMIC"	"BOTH"	"BOTH"
"brown_fiction"	"2411"	"accept"	"You know the law : if you lose the debate after accepting a challenge , you will be banished '' ! !"	"DYNAMIC"	"DYNAMIC"	"DYNAMIC"
"brown_hobbies"	"2412"	"accept"	"He accepted the environment of his destiny -- took root and grew to fulfill the stature of his early promise ."	"DYNAMIC"	"DYNAMIC"	"DYNAMIC"
"brown_news"	"2413"	"accept"	"Money for its construction will be sought later on but in the meantime the State Hospital board can accept gifts and donations of a site ."	"DYNAMIC"	"DYNAMIC"	"DYNAMIC"
"brown_learned"	"2414"	"accept"	"Yet after long and earnest discussion Stalin accepted the Curzon Line and even agreed voluntarily that there should be digressions from that line of five to eight kilometers in favor of Poland in some regions ."	"DYNAMIC"	"DYNAMIC"	"DYNAMIC"
"brown_belles_lettres"	"2415"	"accept"	"They were not yet prepared to accept it as irremediable ."	"DYNAMIC"	"STATIVE"	"BOTH"
"brown_belles_lettres"	"2416"	"accept"	"Slocum made his reconnaissanace the next morning , found the town empty , accepted the surrender of the mayor and occupied the city a little before noon ."	"DYNAMIC"	"DYNAMIC"	"DYNAMIC"
"brown_editorial"	"2417"	"accept"	"But when former Gov. Marvin Griffin and Lt. Gov. Byrd accepted the invitations of the Georgia State Chamber of Commerce to join the tour next November , the situation was aggravated ."	"DYNAMIC"	"DYNAMIC"	"DYNAMIC"
"brown_hobbies"	"2418"	"accept"	"We suggested this Class in the horse world and it was accepted immediately and included in the programs of horse shows ."	"DYNAMIC"	"DYNAMIC"	"DYNAMIC"
"brown_lore"	"2419"	"accept"	"( This patient , in actuality , was a neurasthenic who had almost come to the point of accepting the fact that it was not her soma but her psyche that was the cause of her difficulty ."	"DYNAMIC"	"STATIVE"	"BOTH"
"brown_lore"	"2420"	"accept"	"When he heard of his brothers' anger , Palfrey was still hopeful that they could be persuaded to accept his notion of paying wages ."	"DYNAMIC"	"DYNAMIC"	"DYNAMIC"
"brown_romance"	"2421"	"accept"	"And she said that after this man had been dead for a week she had gone to Reuveni and accepted his proposal ."	"DYNAMIC"	"DYNAMIC"	"DYNAMIC"
"brown_hobbies"	"2422"	"accept"	"Here , this happy , roving son of good fortune proved that he could accept the disciplines of a new social-economic order fighting for its very existence and ideals in a truculent world ."	"DYNAMIC"	"DYNAMIC"	"DYNAMIC"
"brown_fiction"	"2423"	"accept"	"In blind panic of grief she accepted Jonathan's dictum , and believed in her desperation that she had been cursed by God ."	"DYNAMIC"	"DYNAMIC"	"DYNAMIC"
"brown_learned"	"2424"	"accept"	"She then described her experience as one in which she first had difficulty accepting for herself a state of being in which she relinquished control ."	"DYNAMIC"	"DYNAMIC"	"DYNAMIC"
"brown_religion"	"2425"	"accept"	"Test it , try it , and if it works , accept it as a guiding principle ."	"DYNAMIC"	"DYNAMIC"	"DYNAMIC"
"brown_belles_lettres"	"2426"	"accept"	"Helen Deutsch informed us ( The Psychology Of Women , Vol. 2 , , 434 ) that in all cultures `` the term ' stepmother ' automatically evokes deprecatory implications '' , a conclusion accepted by many ."	"BOTH"	"STATIVE"	"BOTH"
"brown_learned"	"2427"	"accept"	"They become increasingly willing to accept the price increase that the industry claims the wage bargain would entail ."	"DYNAMIC"	"DYNAMIC"	"DYNAMIC"
"brown_learned"	"2428"	"accept"	"Finally , the conception of the natural community of all possessions which originated with the Stoics was firmly fixed in a tradition by More's time , although it was not accepted by all the theologian-philosophers of the Middle Ages ."	"DYNAMIC"	"DYNAMIC"	"DYNAMIC"
"brown_news"	"2429"	"accept"	"Ideally , the President would like the French to agree on a `` status quo ante '' on Bizerte , and accept a new timetable for withdrawing their forces from the Mediterranean base ."	"DYNAMIC"	"DYNAMIC"	"DYNAMIC"
"brown_adventure"	"2430"	"accept"	"Red man or white man , pacifist or killer , the forest would accept them all -- knowing that it could thrive equally well on slaughter and beneficence ; ;"	"DYNAMIC"	"DYNAMIC"	"DYNAMIC"
"brown_romance"	"2431"	"accept"	"`` And do you think there is a reason why I should accept your word '' ? ?"	"DYNAMIC"	"DYNAMIC"	"DYNAMIC"
"brown_learned"	"2432"	"accept"	"Oliver's 37-1/2 feet is partly based on this report and can be accepted as probable ."	"DYNAMIC"	"STATIVE"	"BOTH"
"brown_learned"	"2433"	"accept"	"California has accepted the provisions of that Act ( as have all other States ) by enacting into our Code ( Section 2051 ) a provision that"	"DYNAMIC"	"DYNAMIC"	"DYNAMIC"
"brown_fiction"	"2434"	"accept"	"Hanging over the bar was an oil painting of a nude Al had accepted from a student at the Corcoran Gallery who needed to eat and drink and was broke ."	"DYNAMIC"	"DYNAMIC"	"DYNAMIC"
"brown_lore"	"2435"	"accept"	"However , readers who accept Freud's findings and believe that he has solved completely the mystery of dreams , should ponder over the following words in his Interpretation Of Dreams , Chapter 1 : :"	"BOTH"	"STATIVE"	"BOTH"
"brown_learned"	"2436"	"accept"	"The State of California accepts the provisions of the Wagner-Peyser Act , and will observe and comply with the requirements of that act ."	"DYNAMIC"	"DYNAMIC"	"DYNAMIC"
"brown_lore"	"2437"	"accept"	"The attitudes of some unwed mothers quoted in Chapter 2 , , revealed both considerable preoccupation with being accepted by others and a marked absence of self-certainty ."	"DYNAMIC"	"DYNAMIC"	"DYNAMIC"
"brown_belles_lettres"	"2438"	"accept"	"There are millions who accept this doctrine , but few indeed are those who accept it so truly that the fate of humanity lies as a weight on their souls night and day ."	"STATIVE"	"STATIVE"	"STATIVE"
"brown_learned"	"2439"	"accept"	"This information was accepted with the frequent interpretation that those persons who did not show arm-levitation must be preventing it ."	"DYNAMIC"	"CONTEXT"	"BOTH"
"brown_hobbies"	"2440"	"accept"	"Will your union accept seniority concessions in assigning work for older or disabled employees ? ?"	"DYNAMIC"	"DYNAMIC"	"DYNAMIC"
"brown_romance"	"2441"	"accept"	"Everybody had accepted her for what she was -- a very charming girl ."	"DYNAMIC"	"DYNAMIC"	"DYNAMIC"
"brown_learned"	"2442"	"accept"	"Not all men of the period would have accepted this emphasis ."	"DYNAMIC"	"BOTH"	"BOTH"
"brown_belles_lettres"	"2443"	"accept"	"Their conclusions concerning the untrustworthiness of the West Saxon annals , the confused chronology of Bede , the unreliability of the early positions of the Anglo-Saxon genealogies and the mythological elements contained in Nennius are now mostly accepted ."	"STATIVE"	"STATIVE"	"STATIVE"
"brown_government"	"2444"	"accept"	"Since he can neither accept nor reject them all , he must be governed by the time and energy available for his prime professional obligations ."	"DYNAMIC"	"DYNAMIC"	"DYNAMIC"
"brown_lore"	"2445"	"accept"	"Although Pearson disbelieved almost everything Lizzie said , and read a sinister purpose into almost everything she did , he happily accepted her statement about Bridget as the whole truth ."	"DYNAMIC"	"DYNAMIC"	"DYNAMIC"
"brown_learned"	"2446"	"accept"	"In any case , he refused to accept the implications of the analysis , that he needed to be made over ."	"DYNAMIC"	"DYNAMIC"	"DYNAMIC"
"brown_editorial"	"2447"	"accept"	"If the indenture is accepted , the authority will proceed to validate a bond issue repayable from revenue ."	"DYNAMIC"	"DYNAMIC"	"DYNAMIC"
"brown_belles_lettres"	"2448"	"accept"	"Trevelyan accepts Italian nationalism with little analysis , he is unduly critical of papal and French policy , and he is more than generous in assessing British policy ."	"DYNAMIC"	"DYNAMIC"	"DYNAMIC"
"brown_editorial"	"2449"	"accept"	"most modern adapters totally accept the world of a book , squeeze it dry of life , and add only one contribution of their own : stage technique ."	"DYNAMIC"	"DYNAMIC"	"DYNAMIC"
"brown_belles_lettres"	"2450"	"accept"	"There has long existed a brotherly affection between us , thus I accepted him as my pupil ."	"DYNAMIC"	"DYNAMIC"	"DYNAMIC"
"brown_religion"	"2451"	"accept"	"The statement is often made that when Bultmann argues in this way , he `` overestimates the intellectual stumbling-block which myth is supposed to put in the way of accepting the Christian faith '' ."	"DYNAMIC"	"DYNAMIC"	"DYNAMIC"
"brown_news"	"2452"	"accept"	"As Hartweger accepted his silver bowl , he said , `` I want to thank coach's wife for talking him into letting me play '' ."	"DYNAMIC"	"DYNAMIC"	"DYNAMIC"
"brown_lore"	"2453"	"accept"	"The King accepted the surrender and fixed the compensation of the company at 1,450,000 livres ."	"DYNAMIC"	"DYNAMIC"	"DYNAMIC"
"brown_learned"	"2454"	"accept"	"I cannot accept that view , either as a lawyer or as an administrator ."	"BOTH"	"STATIVE"	"BOTH"
"brown_learned"	"2455"	"accept"	"To accept the validity of the judgments of others is the second step ."	"STATIVE"	"STATIVE"	"STATIVE"
"brown_religion"	"2456"	"accept"	"( 2 ) accepts instead a special biblical hermeneutics or method of interpretation ; ;"	"DYNAMIC"	"DYNAMIC"	"DYNAMIC"
"brown_learned"	"2457"	"accept"	"Above all , we should seek to encourage the leaders of these societies to accept the unpleasant fact that they are responsible for their fates ."	"DYNAMIC"	"BOTH"	"BOTH"
"brown_hobbies"	"2458"	"accept"	"My husband enters the motel office , signs up for a room , and then solemnly asks the proprieter if he accepts pets ."	"DYNAMIC"	"STATIVEHABITUAL"	"BOTH"
"brown_belles_lettres"	"2459"	"accept"	"the prolusion in which the autobiographic statement about the epithet occurs is such a mass of intentionally buried allusions that almost nothing in it can be accepted as true -- or discarded as false ."	"DYNAMIC"	"DYNAMIC"	"DYNAMIC"
"brown_adventure"	"2460"	"accept"	"So the verdict was `` death at the hands of a person or persons unknown '' , and the elite of the city , accepting Delphine's testimony , welcomed her and the doctor back into the fold ."	"DYNAMIC"	"DYNAMIC"	"DYNAMIC"
"brown_editorial"	"2461"	"accept"	"Until the last year or so the profession of friendship with the United States had been an article of faith with Trujillo , and altogether too often this profession was accepted here as evidence of his good character ."	"DYNAMIC"	"BOTH"	"BOTH"
"brown_fiction"	"2462"	"accept"	"She would not accept the death of such a little child ."	"DYNAMIC"	"STATIVE"	"BOTH"
"brown_romance"	"2463"	"accept"	"Charlie had accepted the diagnosis without comment ."	"DYNAMIC"	"DYNAMIC"	"DYNAMIC"
"brown_belles_lettres"	"2464"	"accept"	"That doctrine has been accepted by many , but has it produced good results ? ?"	"DYNAMIC"	"DYNAMIC"	"DYNAMIC"
"brown_romance"	"2465"	"accept"	"From the time he had been at college he had achieved a certain tranquility and composure by accepting the fact that there were certain things he could never know ."	"DYNAMIC"	"DYNAMIC"	"DYNAMIC"
"brown_lore"	"2466"	"accept"	"The measures for annihilation proposed and accepted at the Conference affected industry , transportation , civilian agencies of government ."	"DYNAMIC"	"DYNAMIC"	"DYNAMIC"
"brown_fiction"	"2467"	"accept"	"They seemed then to have had a single mind and body , a mutuality which had been accepted with the fact of their youth , casually ."	"DYNAMIC"	"DYNAMIC"	"DYNAMIC"
"brown_lore"	"2468"	"accept"	"`` Our people have been used to accepting things as they found them '' , he said ."	"DYNAMIC"	"BOTH"	"BOTH"
"brown_religion"	"2469"	"accept"	"but in this respect it was merely following the accepted Chinese convention for all maps ."	"STATIVE"	"BOTH"	"BOTH"
"brown_fiction"	"2470"	"accept"	"Jonathan's letter came , as she knew it would , and he had accepted their child's death as another judgment from God against both Kate and himself ."	"DYNAMIC"	"STATIVE"	"BOTH"
"brown_belles_lettres"	"2471"	"accept"	"He chooses to subordinate one to the other , sometimes reluctantly , accepting criticism for the lesser immoralities facts breed ."	"DYNAMIC"	"DYNAMIC"	"DYNAMIC"
"brown_hobbies"	"2472"	"accept"	"It is , as one engineer says , `` indeed a difficult thing for the engineer to accept that he can go as far on his technical merit as he could employing managerial skills ."	"DYNAMIC"	"STATIVE"	"BOTH"
"brown_fiction"	"2473"	"accept"	"Lovingly , she accepted , and so great was my emotion that all I could think of saying was , `` You're amazing , you know '' ? ?"	"DYNAMIC"	"DYNAMIC"	"DYNAMIC"
"brown_hobbies"	"2474"	"accept"	"He proposed a fresh theory of alkalis which later was accepted in chemical practices ."	"DYNAMIC"	"DYNAMIC"	"DYNAMIC"
"brown_science_fiction"	"2475"	"accept"	"His own fate he accepted ."	"DYNAMIC"	"DYNAMIC"	"DYNAMIC"
"brown_religion"	"2476"	"accept"	"This is what we mean when we say this demand must be accepted without condition ."	"DYNAMIC"	"DYNAMIC"	"DYNAMIC"
"brown_fiction"	"2477"	"accept"	"Scotty accepted the decision with indifference and did not enter the arguments ."	"DYNAMIC"	"DYNAMIC"	"DYNAMIC"
"brown_editorial"	"2478"	"accept"	"If this practice should take root and spread , the man who submits a manuscript to a publisher will find himself reviewed before he is accepted and publication will become a sort of post-mortem formality ."	"DYNAMIC"	"DYNAMIC"	"DYNAMIC"
"brown_adventure"	"2479"	"accept"	"A good many beef-hungry settlers were accepting the death of William Lewis as proof that the warning notes were not idle threats ."	"DYNAMIC"	"STATIVE"	"BOTH"
"brown_editorial"	"2480"	"accept"	"We did not accept the diagnosis at once , but gradually we are coming to ."	"DYNAMIC"	"DYNAMIC"	"DYNAMIC"
"brown_adventure"	"2481"	"accept"	"When my Uncle offered me a part-time job which would take care of my normal expenses and give me time to paint I accepted ."	"DYNAMIC"	"DYNAMIC"	"DYNAMIC"
"brown_lore"	"2482"	"accept"	"so are certain signals that she does not accept divorce ."	"STATIVE"	"DYNAMIC"	"BOTH"
"brown_belles_lettres"	"2483"	"accept"	"Try as I might to confess my sins and accept salvation , no answer came to me from heaven ."	"DYNAMIC"	"DYNAMIC"	"DYNAMIC"
"brown_lore"	"2484"	"accept"	"Winslow Upton after graduation from Brown University and two years of graduate study , accepted a position at the Harvard Observatory ."	"DYNAMIC"	"DYNAMIC"	"DYNAMIC"
"brown_adventure"	"2485"	"fill"	"He filled me in ."	"DYNAMIC"	"DYNAMIC"	"DYNAMIC"
"brown_religion"	"2486"	"fill"	"Why not open your heart to the Lord Jesus Christ now , accept Him as your Saviour and let Him fill you with peace that only He can give ."	"DYNAMIC"	"DYNAMIC"	"DYNAMIC"
"brown_adventure"	"2487"	"fill"	"Buckets were filled , the herd fed and watered ."	"DYNAMIC"	"DYNAMIC"	"DYNAMIC"
"brown_learned"	"2488"	"fill"	"Or should it have a broader connotation of including wage demands and other factors not necessarily associated with the mechanics of `` filling '' the job ."	"DYNAMIC"	"STATIVE"	"BOTH"
"brown_hobbies"	"2489"	"fill"	"Filling these bunks by the same self-unloading wagons used to fill silos spreads cost of the wagons over more time and operations ."	"DYNAMIC"	"DYNAMIC"	"DYNAMIC"
"brown_mystery"	"2490"	"fill"	"As he drove , he filled in Timothy Rourke briefly on the events of the evening after leaving the reporter to go to the Peralta house , and on his own surmises ."	"DYNAMIC"	"DYNAMIC"	"DYNAMIC"
"brown_fiction"	"2491"	"fill"	"Naked girls danced in the chancel of the Abbey , the youngest and seemingly the most innocent being chosen to read a sermon filled with veiled depravities ."	"STATIVE"	"STATIVE"	"STATIVE"
"brown_learned"	"2492"	"fill"	"Such a dual derivation was strikingly demonstrated during the injection process where initial filling would be noted to occur in several isolated pleural vessels at once ."	"DYNAMIC"	"DYNAMIC"	"DYNAMIC"
"brown_news"	"2493"	"fill"	"But though Kimpton put Chicago in what he felt was working order , some old grads feel that it still needs the kind of lively teachers who filled it in the heady Hutchins era ."	"STATIVE"	"DYNAMIC"	"BOTH"
"brown_belles_lettres"	"2494"	"fill"	"It is filled with the usual personal abuse of Steele , especially of his physical appearance ; ;"	"STATIVE"	"STATIVE"	"STATIVE"
"brown_adventure"	"2495"	"fill"	"Morgan filled the fire box with wood again , then started supper and set the table ."	"DYNAMIC"	"DYNAMIC"	"DYNAMIC"
"brown_editorial"	"2496"	"fill"	"The jails were filled to overflowing with political prisoners who had incurred his displeasure ."	"BOTH"	"DYNAMIC"	"BOTH"
"brown_fiction"	"2497"	"fill"	"One moment , the road was filled with disciplined troops , marching four by four with a purpose as implacable as death ; ;"	"STATIVE"	"BOTH"	"BOTH"
"brown_lore"	"2498"	"fill"	"Desiring to fill the only remaining lack , he selected the best site on the ranch for a chapel and spared no expense in erecting it ."	"DYNAMIC"	"DYNAMIC"	"DYNAMIC"
"brown_lore"	"2499"	"fill"	"Each trip saw the front cockpit filled higher with mail pouches ."	"DYNAMIC"	"STATIVE"	"BOTH"
"brown_religion"	"2500"	"fill"	"An `` interest finder '' or `` talent sheet '' may be filled out by each person ."	"DYNAMIC"	"DYNAMIC"	"DYNAMIC"
"brown_hobbies"	"2501"	"fill"	"( 2 ) Mechanized bunks -- they sit within the feed lot , are filled by a mechanical conveyor above feeding surface ; ;"	"DYNAMIC"	"DYNAMIC"	"DYNAMIC"
"brown_learned"	"2502"	"fill"	"The Song Of Kazan , in which this figure becomes a wild-sounding accompaniment , fills in the picture of undisciplined high spirits ."	"DYNAMIC"	"DYNAMIC"	"DYNAMIC"
"brown_fiction"	"2503"	"fill"	"It was going to take a lot of activity to fill it ."	"DYNAMIC"	"DYNAMIC"	"DYNAMIC"
"brown_government"	"2504"	"fill"	"Solid blocks are recommended because hollow blocks would have to be filled with concrete to give effective protection ."	"BOTH"	"BOTH"	"BOTH"
"brown_government"	"2505"	"fill"	"The outside 4-inch space is filled by mortaring blocks on edge ."	"STATIVE"	"STATIVE"	"STATIVE"
"brown_hobbies"	"2506"	"fill"	"Then pour water or light oil from a graduated beaker into the chamber to fill the chamber to its gasket surface ."	"DYNAMIC"	"DYNAMIC"	"DYNAMIC"
"brown_belles_lettres"	"2507"	"fill"	"I am usually filled with an uneasiness that through some unwitting slip all hell may break loose ."	"STATIVE"	"STATIVE"	"STATIVE"
"brown_lore"	"2508"	"fill"	"In place of the police headquarters was a new square filled with rubble ."	"STATIVE"	"STATIVE"	"STATIVE"
"brown_hobbies"	"2509"	"fill"	"Built upon seven hills , Istanbul , like Rome , is one of the most ancient cities in the world , filled with splendor and contrast ."	"STATIVE"	"STATIVE"	"STATIVE"
"brown_reviews"	"2510"	"fill"	"New galaxies are forever being formed to fill in the gaps left by the receding galaxies ."	"DYNAMIC"	"DYNAMIC"	"DYNAMIC"
"brown_hobbies"	"2511"	"fill"	"Vacuum- and pressure-formed sheet plastics fill the gap between cardboard and molded plastics ."	"BOTH"	"STATIVE"	"BOTH"
"brown_reviews"	"2512"	"fill"	"The audience filled all the seats inside the Wollman enclosure and overflowed onto the lawns outside the fence ."	"DYNAMIC"	"BOTH"	"BOTH"
"brown_editorial"	"2513"	"fill"	"The difference is that the masters took the bare frame of a plot and filled it with their own world ; ;"	"DYNAMIC"	"DYNAMIC"	"DYNAMIC"
"brown_religion"	"2514"	"fill"	"and a quadrillion peas would fill all the buildings in the city of Philadelphia ."	"BOTH"	"DYNAMIC"	"BOTH"
"brown_religion"	"2515"	"fill"	"Havana was filled with an excitement which you could see in the brightness of men's eyes and hear in the pitch of their voices ."	"BOTH"	"STATIVE"	"BOTH"
"brown_news"	"2516"	"fill"	"Squeezed into the few cubic feet normally filled by the rocket's automatic guidance mechanism , the scientist waited while the bomber gained altitude ."	"STATIVE"	"STATIVE"	"STATIVE"
"brown_news"	"2517"	"fill"	"Jay Porter drew a base on balls to fill the bases but Don Wert's smash was knocked down by Rudolph for the putout ."	"DYNAMIC"	"DYNAMIC"	"DYNAMIC"
"brown_adventure"	"2518"	"fill"	"Gracias '' , I hollered , my first long swallow filling me with confidence and immediately doubling the size of my Spanish vocabulary ."	"DYNAMIC"	"DYNAMIC"	"DYNAMIC"
"brown_hobbies"	"2519"	"fill"	"One simple method of measuring the expansion of the heart is to tie a thin rubber tube , filled with mercury , around the heart and record the change in resistance as the tube is stretched ."	"STATIVE"	"STATIVE"	"STATIVE"
"brown_news"	"2520"	"fill"	"`` My experience as public safety commissioner '' , Roos said , `` has shown me that the office of sheriff is best filled by a man with law enforcement experience , and preferably one who is a lawyer ."	"BOTH"	"STATIVE"	"BOTH"
"brown_learned"	"2521"	"fill"	"The small and large intestines were filled with gas , and the jejunum was dilated to about 2 times its normal circumference ."	"STATIVE"	"STATIVE"	"STATIVE"
"brown_learned"	"2522"	"fill"	"With completion of filling , net-like anastomoses were noted to be present between these separately derived branches ."	"DYNAMIC"	"DYNAMIC"	"DYNAMIC"
"brown_learned"	"2523"	"fill"	"On this , she builds an `` egg compartment '' or `` egg cell '' which is filled with that famous pollen-and-nectar mixture called beebread ."	"STATIVE"	"STATIVE"	"STATIVE"
"brown_learned"	"2524"	"fill"	"Some of the small vessels were filled with fibrin thrombi , and there was extensive interstitial hemorrhage ."	"STATIVE"	"STATIVE"	"STATIVE"
"brown_hobbies"	"2525"	"fill"	"Then fill the system and add a rust inhibitor ."	"DYNAMIC"	"DYNAMIC"	"DYNAMIC"
"brown_romance"	"2526"	"fill"	"He filled a real need , showing society what it looked like , turning it inside out , portraying its wars and its leaders , its ugliness and its beauties , reflecting its profound religious impulses ."	"STATIVE"	"BOTH"	"BOTH"
"brown_adventure"	"2527"	"fill"	"Already our leaky lifeboat was filled with five inches of water ."	"STATIVE"	"STATIVE"	"STATIVE"
"brown_reviews"	"2528"	"fill"	"Everybody returned after intermission for the miscellaneous sweepings of the Fantasy For Piano , Chorus , And Orchestra In C Minor , made up by its composer to fill out one of his programs ."	"DYNAMIC"	"DYNAMIC"	"DYNAMIC"
"brown_romance"	"2529"	"fill"	"At last there was a void no one could fill ."	"DYNAMIC"	"DYNAMIC"	"DYNAMIC"
"brown_belles_lettres"	"2530"	"fill"	"It is notable that at this time he was writing with admiration of Cimabue's and Poussin's way of filling space ."	"DYNAMIC"	"DYNAMIC"	"DYNAMIC"
"brown_humor"	"2531"	"fill"	"I'm not pleading for the heart that leaps up when it beholds a rainbow in the sky , or for the heart that with rapture fills and dances with the daffodils ."	"DYNAMIC"	"DYNAMIC"	"DYNAMIC"
"brown_adventure"	"2532"	"fill"	"They poured through the opening in the valley , then spread out in a long line to come at us , brandishing their lances and filling the morning with their spine-chilling scalp cry ."	"DYNAMIC"	"DYNAMIC"	"DYNAMIC"
"brown_romance"	"2533"	"fill"	"At the time I was filled with self-pity at this separation , but in the years since I have come to understand that the sight of me was painful to them after that outcry ."	"STATIVE"	"STATIVE"	"STATIVE"
"brown_fiction"	"2534"	"fill"	"Krakow Boulevard was filled with black Nazi uniforms and the dirty brownish ones of their Auxiliaries ."	"STATIVE"	"STATIVE"	"STATIVE"
"brown_lore"	"2535"	"fill"	"He was filled with the spirit of the Fighting Seventh ."	"BOTH"	"STATIVE"	"BOTH"
"brown_adventure"	"2536"	"fill"	"I had a one-room studio which overlooked an ancient courtyard filled with flowers and plants , blooming everlastingly in the southern sun ."	"STATIVE"	"STATIVE"	"STATIVE"
"brown_religion"	"2537"	"fill"	"Then I calculated that a million peas would just about fill a household refrigerator ; ;"	"STATIVE"	"STATIVE"	"STATIVE"
"brown_mystery"	"2538"	"fill"	"The card the man I was shadowing had filled out was still on the counter ."	"DYNAMIC"	"DYNAMIC"	"DYNAMIC"
"brown_learned"	"2539"	"fill"	"In place of asking salesmen to fill questionnaires , checking their references , interviewing them , asking them to be tried out , he told them he would prefer to test them ."	"DYNAMIC"	"DYNAMIC"	"DYNAMIC"
"brown_mystery"	"2540"	"fill"	"She was deeply , horribly sure that Lucien had filled it with opium ."	"DYNAMIC"	"DYNAMIC"	"DYNAMIC"
"brown_editorial"	"2541"	"fill"	"It should be easier to plug two spots than it was to fill the wholesale lots that were open last year , but so far it hasn't worked that way ."	"DYNAMIC"	"DYNAMIC"	"DYNAMIC"
"brown_fiction"	"2542"	"fill"	"She filled a big pitcher and set it , with glasses , on a tray ."	"DYNAMIC"	"DYNAMIC"	"DYNAMIC"
"brown_hobbies"	"2543"	"fill"	"The latter jobs include major management responsibilities and have been filled by those who have come up primarily through the engineering-management side ."	"BOTH"	"DYNAMIC"	"BOTH"
"brown_adventure"	"2544"	"fill"	"When our eyes met the air was filled with an unuttered message of `` Me , too '' ."	"BOTH"	"STATIVE"	"BOTH"
"brown_lore"	"2545"	"fill"	"( Co-optation means to choose by joint action in order to fill a vacancy ; ;"	"DYNAMIC"	"STATIVE"	"BOTH"
"brown_learned"	"2546"	"fill"	"She also builds one or two waxen cups which she fills with honey ."	"DYNAMIC"	"DYNAMIC"	"DYNAMIC"
"brown_religion"	"2547"	"fill"	"a billion peas would fill a small house from cellar to attic ; ;"	"STATIVE"	"STATIVE"	"STATIVE"
"brown_fiction"	"2548"	"fill"	"So when the Big House filled up and ran over , the sisters-in-law found beds for everyone in their own homes ."	"DYNAMIC"	"DYNAMIC"	"DYNAMIC"
"brown_learned"	"2549"	"fill"	"Here the problem is essentially one of defining the word `` filling '' ."	"CONTEXT"	"CONTEXT"	"CONTEXT"
"brown_hobbies"	"2550"	"fill"	"It may be a big hole in the ground filled with salt hay , or an ice floe studded with logs ."	"STATIVE"	"STATIVE"	"STATIVE"
"brown_editorial"	"2551"	"fill"	"`` Remember the night Will Rogers filled a tooth for me between numbers '' ? ?"	"DYNAMIC"	"DYNAMIC"	"DYNAMIC"
"brown_reviews"	"2552"	"fill"	"This news , announced by Jerome Toobin , the orchestra's administrative director , brought applause from the 2,800 persons who filled the hall ."	"STATIVE"	"BOTH"	"BOTH"
"brown_fiction"	"2553"	"fill"	"Booby traps to fill the head with chunks of metal ."	"DYNAMIC"	"DYNAMIC"	"DYNAMIC"
"brown_mystery"	"2554"	"fill"	"Stanley had filled out the return and because , when he was finished , it was close to the lunch hour , he had politely asked Kitti to join him , never expecting her to accept ."	"DYNAMIC"	"DYNAMIC"	"DYNAMIC"
"brown_learned"	"2555"	"fill"	"Simple systems are available that make it possible for urethane foam components to be poured , pumped , etc. , into a void where they foam up to fill the void ."	"DYNAMIC"	"DYNAMIC"	"DYNAMIC"
"brown_adventure"	"2556"	"fill"	"It was filled with dust and wind and sound and violence ."	"BOTH"	"STATIVE"	"BOTH"
"brown_romance"	"2557"	"fill"	"In a low voice , Dick filled us in"	"DYNAMIC"	"DYNAMIC"	"DYNAMIC"
"brown_religion"	"2558"	"fill"	"That is enough TNT to fill the tower of the Empire State Building ; ;"	"BOTH"	"DYNAMIC"	"BOTH"
"brown_learned"	"2559"	"fill"	"Af is the work necessary to fill the manometer column from the reference height to H ."	"DYNAMIC"	"DYNAMIC"	"DYNAMIC"
"brown_lore"	"2560"	"fill"	"During this dark chapter in State Department history , men who had offered foreign-policy ideas later proven wrong by events filled the tumbrels sent up to Capitol Hill ."	"STATIVE"	"DYNAMIC"	"BOTH"
"brown_adventure"	"2561"	"fill"	"although we didn't expect the attack before dawn , the long cloudy night , filled with the sounds of the industrious insects , seemed endless ."	"STATIVE"	"STATIVE"	"STATIVE"
"brown_fiction"	"2562"	"fill"	"Harold put a teaspoonful of powdered coffee in his cup and filled it with hot water , and then , stirring , he sat back in his chair ."	"DYNAMIC"	"DYNAMIC"	"DYNAMIC"
"brown_adventure"	"2563"	"fill"	"It is nothing you can put your fingers on but the air suddenly fills with a high charge of electricity ."	"DYNAMIC"	"DYNAMIC"	"DYNAMIC"
"brown_belles_lettres"	"2564"	"fill"	"To fill the job of contemporary hero in 1955 , Patchen needed someone else ."	"BOTH"	"DYNAMIC"	"BOTH"
"brown_belles_lettres"	"2565"	"fill"	"As Lipton , the prophet of the beat generation , declares : `` In the sexual act , the beat are filled with mana , the divine power ."	"DYNAMIC"	"STATIVE"	"BOTH"
"brown_belles_lettres"	"2566"	"fill"	"His delightful picture of society and institutions is filled with warm detail that brings the period vividly to life ."	"STATIVE"	"DYNAMIC"	"BOTH"
"brown_belles_lettres"	"2567"	"fill"	"The innocent malfeasant , filled with that supreme sense of honor found in bars , insisted upon replacing the destroyed monacle -- and did , over the protests of the former owner -- with a square monacle ."	"STATIVE"	"STATIVE"	"STATIVE"
"brown_lore"	"2568"	"fill"	"but again , as one will have observed at any restaurant worth its salt , wine should be served in a large , tulip-shaped glass , which is never filled more than half full ."	"BOTH"	"STATIVE"	"BOTH"
"brown_religion"	"2569"	"fill"	"While we are filling outer space with scientific successes , for many the `` inner '' space of their soul is an aching void ."	"DYNAMIC"	"DYNAMIC"	"DYNAMIC"
"brown_adventure"	"2570"	"fill"	"The morning air was filled with the sweetish odor of new-spilled blood , the acrid stench of frightened horses , and the bitterness of burned powder ."	"BOTH"	"STATIVE"	"BOTH"
"brown_government"	"2571"	"fill"	"Within a few years various Du Pont manufactured items were filling the entire requirements of from four to seven of General Motors' eight operating divisions ."	"DYNAMIC"	"STATIVE"	"BOTH"
"brown_news"	"2572"	"fill"	"Marshall Formby of Plainview , former chairman of the Texas Highway Commission , suggested a plan to fill by appointment future vacancies in the Legislature and Congress , eliminating the need for costly special elections ."	"DYNAMIC"	"DYNAMIC"	"DYNAMIC"
"brown_learned"	"2573"	"fill"	"The significant things in it , at the higher religious levels , are the inner emotional , mental , and spiritual occurrences that fill the pressing human needs of self-preservation , self-pacification , and self-completion ."	"STATIVE"	"DYNAMIC"	"BOTH"
"brown_religion"	"2574"	"fill"	"Already the city was filled with Barbudos , the bearded , war-dirty Revolutionaries , carrying carbines , waving to the crowds that lined the Prado ."	"STATIVE"	"STATIVE"	"STATIVE"
"brown_learned"	"2575"	"fill"	"Some of these were obviously filling from interlobular branches of the bronchial arteries while others were filling from direct hilar branches following along the pleural surface ."	"DYNAMIC"	"DYNAMIC"	"DYNAMIC"
"brown_lore"	"2576"	"fill"	"These 1750 cases were carted off in a one-night operation by the O'Banion men , who left in their stead the same number of barrels filled with water ."	"STATIVE"	"STATIVE"	"STATIVE"
"brown_hobbies"	"2577"	"fill"	"Changeable letters fill many needs"	"STATIVE"	"DYNAMIC"	"BOTH"
"brown_learned"	"2578"	"fill"	"The bubble was filled to the top and special precautions were taken to prevent any sample from remaining in the capillary ."	"DYNAMIC"	"BOTH"	"BOTH"
"brown_fiction"	"2579"	"fill"	"By late afternoon the train inched into the marshaling yards in the railhead at Lublin , which was filled with lines of cars poised to pour the tools of war to the Russian front ."	"STATIVE"	"STATIVE"	"STATIVE"
"brown_government"	"2580"	"fill"	"The space between them is filled with pit-run gravel or earth ."	"BOTH"	"STATIVE"	"BOTH"
"brown_adventure"	"2581"	"fill"	"Morgan filled the dipper from the water bucket on the shelf , went back into the front room , lifted the girl's head , and held the edge of the dipper to her mouth ."	"DYNAMIC"	"DYNAMIC"	"DYNAMIC"
"brown_fiction"	"2582"	"fill"	"Both watched Scotty constantly , Rachel without seeming to , Virginia openly , her eyes filled with concern ."	"STATIVE"	"DYNAMIC"	"BOTH"
"brown_belles_lettres"	"2583"	"fill"	"Nine o'clock is the rush hour , when the busses are jammed , and by nine-thirty the restaurants are beginning to fill ."	"DYNAMIC"	"DYNAMIC"	"DYNAMIC"
"brown_fiction"	"2584"	"fill"	"Big Hans began pouring whisky in the kid's mouth but his mouth filled without any getting down his throat and in a second it was dripping from his chin ."	"DYNAMIC"	"DYNAMIC"	"DYNAMIC"
"brown_news"	"2585"	"fill"	"The new formula for filling staff positions in the Secretariat is one of a number of recommendations made by a panel of eight in a long and detailed report ."	"DYNAMIC"	"DYNAMIC"	"DYNAMIC"
"brown_learned"	"2586"	"fill"	"Guilford-Martin ) were filled out by 12 of the Kohnstamm-positive subjects and 19 of the Kohnstamm-negative subjects ."	"DYNAMIC"	"DYNAMIC"	"DYNAMIC"
"brown_fiction"	"2587"	"fill"	"Al's Little Cafe was small , dark , narrow , and filled with the mingled scent of beer , tobacco smoke , and Italian cooking ."	"STATIVE"	"STATIVE"	"STATIVE"
"brown_belles_lettres"	"2588"	"fill"	"And yet amid all the gay hedonism in Pilgrimage And Wander-Years is a cycle of short poems , `` Thoughts In Loneliness '' , filled with brooding , melancholy , and sombre longing '' ."	"STATIVE"	"STATIVE"	"STATIVE"
"brown_government"	"2589"	"fill"	"They simply turned to God filled with gratitude and faith ."	"STATIVE"	"STATIVE"	"STATIVE"
"brown_adventure"	"2590"	"fill"	"Then Little Billy began shouting orders to round up the ponies and fill the water buckets and for the cooks to hurry up with the meal ."	"DYNAMIC"	"DYNAMIC"	"DYNAMIC"
"brown_belles_lettres"	"2591"	"fill"	"Wasn't this an unusually young age to fill such a responsible post ? ?"	"BOTH"	"STATIVEHABITUAL"	"BOTH"
"brown_hobbies"	"2592"	"fill"	"Vases may be made into candles by filling with melted wax and a wick ."	"DYNAMIC"	"DYNAMIC"	"DYNAMIC"
"brown_belles_lettres"	"2593"	"fill"	"He was filled with knowledge of the Bible and the Talmud ."	"BOTH"	"BOTH"	"BOTH"
"brown_lore"	"2594"	"fill"	"So filled was Mel Chandler with the spirit of Garryowen that after Korea was over , he took on the job of writing the complete history of the regiment ."	"BOTH"	"STATIVE"	"BOTH"
"brown_adventure"	"2595"	"fill"	"He finished with the team and filled his pipe and stood looking about him ."	"DYNAMIC"	"DYNAMIC"	"DYNAMIC"
"brown_belles_lettres"	"2596"	"fill"	"Now the park is filled with marble busts and all the streets in the immediate area have the full and proper names of the men who fell ."	"STATIVE"	"STATIVE"	"STATIVE"
"brown_learned"	"2597"	"fill"	"Distances marked on the specimen in warp and filling directions ( or wales and courses for knitted fabrics ) are measured before and after laundering ."	"CONTEXT"	"DYNAMIC"	"BOTH"
"brown_government"	"2598"	"fill"	"But to run the gauntlet of the programs Sam Rayburn brought into being through his legislative efforts would fill the pages of today's Record ."	"STATIVE"	"DYNAMIC"	"BOTH"
"brown_fiction"	"2599"	"fill"	"Eugene put a spoonful of powdered coffee into his cup and then filled it with hot water ."	"DYNAMIC"	"DYNAMIC"	"DYNAMIC"
"brown_government"	"2600"	"fill"	"As another Thanksgiving draws near , let us take time out from the often hectic pace of our lives to try and recapture the feelings that filled the hearts of the Pilgrims on the first Thanksgiving ."	"DYNAMIC"	"DYNAMIC"	"DYNAMIC"
"brown_lore"	"2601"	"fill"	"A tavern , filling station , junk yard , rendering plant , or some other business may go up near enough to hurt your home or to hurt its value ."	"CONTEXT"	"DYNAMIC"	"BOTH"
"brown_religion"	"2602"	"fill"	"a trillion peas would fill all the houses in a town of about ten thousand people ; ;"	"STATIVE"	"DYNAMIC"	"BOTH"
"brown_news"	"2603"	"fill"	"and it was filled then as now by quarreling tribes with no political or historical unity ."	"STATIVE"	"STATIVE"	"STATIVE"
"brown_learned"	"2604"	"fill"	"Costaggini said it was Brumidi's fault in not providing enough material to fill the circle ."	"DYNAMIC"	"DYNAMIC"	"DYNAMIC"
"brown_news"	"2605"	"fill"	"Friday night the delegates heard the need for their forthcoming program , `` Breakthrough '' scheduled to fill the churches for the next two years ."	"DYNAMIC"	"DYNAMIC"	"DYNAMIC"
"brown_lore"	"2606"	"fill"	"The perplexing question still remains as to why the middle classes turn to the churches as a vehicle of social identity when their clubs and charities should fill the same need ."	"DYNAMIC"	"STATIVEHABITUAL"	"BOTH"
"brown_learned"	"2607"	"fill"	"Three distances , each at least 18 inches , are measured and marked off parallel to each of the warp and filling directions ."	"CONTEXT"	"DYNAMIC"	"BOTH"
"brown_adventure"	"2608"	"fill"	"Walls of water rushed down the slopes and filled the hollows like the crests of flash floods ."	"DYNAMIC"	"DYNAMIC"	"DYNAMIC"
"brown_belles_lettres"	"2609"	"fill"	"Why did I choose to fill these pages in this particular issue with this mixture of rather tenuous reflections and autobiography ? ?"	"DYNAMIC"	"DYNAMIC"	"DYNAMIC"
"brown_learned"	"2610"	"fill"	"The existence of a public school vocational training program in trade and industry provides a base from which such needs can be filled ."	"DYNAMIC"	"DYNAMIC"	"DYNAMIC"
"brown_belles_lettres"	"2611"	"fill"	"she filled the waste spots of the yard with common things like the garden heliotrope in a corner by the woodshed , and the plantain lilies along the west side of the house ."	"DYNAMIC"	"DYNAMIC"	"DYNAMIC"
"brown_learned"	"2612"	"fill"	"Whosever fault , it is evident that Brumidi intended to fill out the whole frieze with his `` histories '' and come full circle with the scene of the discovery of California gold ."	"DYNAMIC"	"DYNAMIC"	"DYNAMIC"
"brown_government"	"2613"	"fill"	"Since these duties fit neatly with those of the proposed presidential aide , one person , with adequate staff assistance , could fill both jobs ."	"BOTH"	"DYNAMIC"	"BOTH"
"brown_humor"	"2614"	"fill"	"Francesca and Herbert considered themselves violently nonconformist and showed the world they were by filling their Colonial house with contemporary furniture and paintings and other art objects ( expensive , but not necessarily valuable , contemporary things ) ."	"DYNAMIC"	"DYNAMIC"	"DYNAMIC"
"brown_mystery"	"2615"	"fill"	"I told Moore I was going to eat , get some forms filled out by Doc Abel ."	"DYNAMIC"	"DYNAMIC"	"DYNAMIC"
"brown_belles_lettres"	"2616"	"fill"	"Solid brick buildings painted dazzling white , large domes and tall , picturesque palms stretched as far as the eye could see , while the wharves and harbor were filled with tall-masted sailing ships ."	"STATIVE"	"STATIVE"	"STATIVE"
"brown_lore"	"2617"	"fill"	"It was `` window '' -- the tinsel paper dropped by bombers to jam radar sets , to fill the scope with hundreds of blips that would seem to be approaching bombers ."	"DYNAMIC"	"DYNAMIC"	"DYNAMIC"
"brown_religion"	"2618"	"fill"	"Because your soul was made to be filled with God Himself , not religious functions `` about '' Him ."	"BOTH"	"DYNAMIC"	"BOTH"
"brown_fiction"	"2619"	"fill"	"The bottle was filled up with flour ."	"DYNAMIC"	"DYNAMIC"	"DYNAMIC"
"brown_hobbies"	"2620"	"fill"	"Actually , there are a number of individual-contributor positions in both operating departments and in the company-wide `` services '' operation that are filled by men with successful managerial experience who are currently broadening their capabilities ."	"BOTH"	"BOTH"	"BOTH"
"brown_lore"	"2621"	"fill"	"Hundreds of miles to the north , the route back to England through the `` Furious Overfall '' was again filling with ice ."	"DYNAMIC"	"DYNAMIC"	"DYNAMIC"
"brown_romance"	"2622"	"fill"	"It was a nice place , not filled with smoke ."	"STATIVE"	"STATIVE"	"STATIVE"
"brown_learned"	"2623"	"bear"	"Her conclusion has been borne out in the experience of many practitioners : `` short-contact interviewing is neither a truncated nor a telescoped experience but is of the same essential quality as the so-called intensive case work '' ."	"DYNAMIC"	"DYNAMIC"	"DYNAMIC"
"brown_lore"	"2624"	"bear"	"The gadget faker operates or sells his phony machines for $5 to $10,000 -- anything the traffic will bear ."	"BOTH"	"STATIVE"	"BOTH"
"brown_lore"	"2625"	"bear"	"Slavery was prohibited in Massachusetts by the terms of the constitution of 1780 , which declared `` all men are born free and equal '' ."	"DYNAMIC"	"DYNAMIC"	"DYNAMIC"
"brown_news"	"2626"	"bear"	"Shea was born in Manhattan ."	"DYNAMIC"	"DYNAMIC"	"DYNAMIC"
"brown_learned"	"2627"	"bear"	"A Colombian female's brood of sixteen boa constrictors born in the Staten Island Zoo averaged 20 inches ."	"DYNAMIC"	"DYNAMIC"	"DYNAMIC"
"brown_news"	"2628"	"bear"	"He was born in Pittsboro , Miss. , and was a veteran of World War 1 ."	"DYNAMIC"	"DYNAMIC"	"DYNAMIC"
"brown_belles_lettres"	"2629"	"bear"	"On April 10 , 1904 , his first child was born , a son named George after the late Senator ."	"DYNAMIC"	"DYNAMIC"	"DYNAMIC"
"brown_religion"	"2630"	"bear"	"If you know that he ( God ) is just ( righteous ) , know that everyone also who does what is just ( righteous ) has been born of him ."	"DYNAMIC"	"DYNAMIC"	"DYNAMIC"
"brown_lore"	"2631"	"bear"	"The reason for this bears explaining for those who may wonder why State spends so much of its diplomatic energy on Congress when the Russians are so available ."	"STATIVE"	"STATIVE"	"STATIVE"
"brown_religion"	"2632"	"bear"	"We know that no one who is born of God commits sin ."	"DYNAMIC"	"DYNAMIC"	"DYNAMIC"
"brown_belles_lettres"	"2633"	"bear"	"Whether the Fathers , who died before Christ was born of the Virgin Mary , were justified and saved only by the blood which he shed , and the death which he suffered after his incarnation ? ?"	"DYNAMIC"	"DYNAMIC"	"DYNAMIC"
"brown_belles_lettres"	"2634"	"bear"	"I was born angry ."	"DYNAMIC"	"BOTH"	"BOTH"
"brown_news"	"2635"	"bear"	"Mr. Brooks was born in New York , and came to Portland in 1920 ."	"DYNAMIC"	"DYNAMIC"	"DYNAMIC"
"brown_learned"	"2636"	"bear"	"These are defined by a simple involutorial transformation of the points in which a general line meets a nonsingular quadric surface bearing a curve of symbol Af ."	"STATIVE"	"STATIVE"	"STATIVE"
"brown_religion"	"2637"	"bear"	"Do not wonder that I said to thee , ' You must be born again ' '' ."	"DYNAMIC"	"DYNAMIC"	"DYNAMIC"
"brown_editorial"	"2638"	"bear"	"He kept his attacks on Republicanism for partisan campaigns , but that is part of the game he was born to play ."	"DYNAMIC"	"BOTH"	"BOTH"
"brown_reviews"	"2639"	"bear"	"the automobile racing bears little relation to reality ."	"STATIVE"	"STATIVE"	"STATIVE"
"brown_learned"	"2640"	"bear"	"The state may decide to encourage local programs by paying half of the cost , or the state may require the local district to bear this half or some part of it ."	"DYNAMIC"	"BOTH"	"BOTH"
"brown_belles_lettres"	"2641"	"bear"	"Heidenstam was born in 1859 , of a prosperous family ."	"DYNAMIC"	"DYNAMIC"	"DYNAMIC"
"brown_belles_lettres"	"2642"	"bear"	"By now she was sure she was going to have a baby , deciding it would be born in India or Burma that November ."	"DYNAMIC"	"STATIVE"	"BOTH"
"brown_humor"	"2643"	"bear"	"`` Can I bear it '' ? ?"	"CONTEXT"	"STATIVE"	"BOTH"
"brown_news"	"2644"	"bear"	"Talking of the rapid population growth ( upwards of 12,000 babies born daily ) with an immigrant entering the United States every 1-1/2 minutes , he said `` our organization has not been keeping pace with this challenge '' ."	"DYNAMIC"	"DYNAMIC"	"DYNAMIC"
"brown_lore"	"2645"	"bear"	"Boun My -- the name means one who has a boun , a celebration , and is therefore lucky -- was born in Savannakhet , the Border of Paradise ."	"DYNAMIC"	"DYNAMIC"	"DYNAMIC"
"brown_religion"	"2646"	"bear"	"What social , ethical and theological insights can the church and university help him bring to bear upon his situation ? ?"	"DYNAMIC"	"DYNAMIC"	"DYNAMIC"
"brown_religion"	"2647"	"bear"	"you cannot go to heaven unless you are born again ."	"DYNAMIC"	"DYNAMIC"	"DYNAMIC"
"brown_government"	"2648"	"bear"	"They could not guess that from their concepts of liberty and freedom would some day be born a new nation that for years would be the symbol of hope to the oppressed countries of the world ."	"DYNAMIC"	"DYNAMIC"	"DYNAMIC"
"brown_learned"	"2649"	"bear"	"Let Q be a nonsingular quadric surface bearing reguli Af and Af , and let **zg be a Af curve of order K on Q ."	"STATIVE"	"STATIVE"	"STATIVE"
"brown_editorial"	"2650"	"bear"	"structurally , the U.N. is still fluid , vulnerable to the pressures that its new and enlarged membership are bringing to bear upon it ."	"DYNAMIC"	"STATIVE"	"BOTH"
"brown_religion"	"2651"	"bear"	"Garrison , Massachusetts born of Nova Scotian parentage , was by temperament and conviction a reformer ."	"DYNAMIC"	"STATIVE"	"BOTH"
"brown_editorial"	"2652"	"bear"	"She had , with her own work-weary hands , put seeds in the ground , watched them sprout , bud , blossom , and get ready to bear ."	"DYNAMIC"	"BOTH"	"BOTH"
"brown_religion"	"2653"	"bear"	"if we are born of god we have faith in Christ as the only saviour ."	"DYNAMIC"	"DYNAMIC"	"DYNAMIC"
"brown_reviews"	"2654"	"bear"	"But the primitive method of explaining the unknown with what is known bears at least a symbolic resemblance to the methods of modern science ."	"STATIVE"	"STATIVE"	"STATIVE"
"brown_belles_lettres"	"2655"	"bear"	"Samuel Gorton was born at Gorton , England , near the present city of Manchester , about 1592 ."	"DYNAMIC"	"DYNAMIC"	"DYNAMIC"
"brown_religion"	"2656"	"bear"	"and that which is born of the Spirit is spirit ."	"DYNAMIC"	"STATIVE"	"BOTH"
"brown_government"	"2657"	"bear"	"On those rare occasions when a faculty member on tenure is not meeting the standards of the institution , the president must also bear the ultimate burden of decision and action ."	"STATIVE"	"DYNAMIC"	"BOTH"
"brown_science_fiction"	"2658"	"bear"	"I still bear scars on my back where Pornsen , my gapt , whipped me because I had not learned my lessons well enough ."	"STATIVE"	"STATIVE"	"STATIVE"
"brown_mystery"	"2659"	"bear"	"An only child , he had done all the things that young men do who have been born to money and social position until his father double-crossed him by dying broke ."	"DYNAMIC"	"STATIVE"	"BOTH"
"brown_mystery"	"2660"	"bear"	"`` Where'd you say you was born '' ? ?"	"DYNAMIC"	"DYNAMIC"	"DYNAMIC"
"brown_lore"	"2661"	"bear"	"Throughout the Adirondack region abandoned farm homes and wild orchards bear ghostly testimony that their owners met defeat ."	"STATIVE"	"BOTH"	"BOTH"
"brown_belles_lettres"	"2662"	"bear"	"He was born in Savannah , Georgia , in 1909 ."	"DYNAMIC"	"DYNAMIC"	"DYNAMIC"
"brown_learned"	"2663"	"bear"	"A brood of twenty-eight born at Brookfield Zoo , near Chicago , ranged in length from 22 to 33-1/2 inches and averaged 29 inches ."	"DYNAMIC"	"DYNAMIC"	"DYNAMIC"
"brown_belles_lettres"	"2664"	"bear"	"Across the road is the kitchen , and waiters bearing great trays of dishes dodge traffic as nimbly as their French colleagues at the restaurant in the Place Du Tertre in Paris ."	"DYNAMIC"	"DYNAMIC"	"DYNAMIC"
"brown_religion"	"2665"	"bear"	"Here , in an atmosphere of forthrightness and mutual criticism , each sought to bring his particular insights to bear upon the question of discrimination in housing and the part each man present played in it ."	"DYNAMIC"	"DYNAMIC"	"DYNAMIC"
"brown_religion"	"2666"	"bear"	"Do not wonder that I said to thee , `` You must be born again '' ."	"DYNAMIC"	"DYNAMIC"	"DYNAMIC"
"brown_romance"	"2667"	"bear"	"To the manner born -- odd to have such a thought at a time like this ; ;"	"DYNAMIC"	"CONTEXT"	"BOTH"
"brown_belles_lettres"	"2668"	"bear"	"To get an idea of the embarrassment and chagrin that was heaped upon Wright and Olgivanna , we should bear in mind that the raids were sometimes led by Miriam in person ."	"STATIVE"	"STATIVE"	"STATIVE"
"brown_religion"	"2669"	"bear"	"`` You must be born again '' ( St. John 3 : 7 ) ."	"DYNAMIC"	"DYNAMIC"	"DYNAMIC"
"brown_lore"	"2670"	"bear"	"But no art at all was born of the art effort in the early movies ."	"DYNAMIC"	"DYNAMIC"	"DYNAMIC"
"brown_lore"	"2671"	"bear"	"But he is a West Point graduate and therefore must be born to command '' ."	"DYNAMIC"	"STATIVE"	"BOTH"
"brown_news"	"2672"	"bear"	"A petition bearing the signatures of more than 1,700 Johnston taxpayers was presented to the town council last night as what is hoped will be the first step in obtaining a home rule charter for the town ."	"STATIVE"	"STATIVE"	"STATIVE"
"brown_mystery"	"2673"	"bear"	"He put the shells on the table , as though he could no longer bear to hold them ."	"STATIVE"	"STATIVE"	"STATIVE"
"brown_mystery"	"2674"	"bear"	"They would be coming for him next , bearing down on him from both directions ."	"DYNAMIC"	"DYNAMIC"	"DYNAMIC"
"brown_lore"	"2675"	"bear"	"but consider , if you can bear it , what might have happened if MacArthur , for some perverse , undaunted reason , had made the same remark to an Eskimo girl in Eskimo ."	"STATIVE"	"STATIVE"	"STATIVE"
"brown_belles_lettres"	"2676"	"bear"	"She was born Lilian Steichen , her parents immigrants from Luxemburg ."	"DYNAMIC"	"STATIVE"	"BOTH"
"brown_learned"	"2677"	"bear"	"Carl Kauffeld has written to me of sexual activity in February 1943 of young born in March 1940 ."	"DYNAMIC"	"DYNAMIC"	"DYNAMIC"
"brown_hobbies"	"2678"	"bear"	"He was born in the small Danish town of Rudkoebing on the island of Langeland in the south-central part of Denmark on August 14 , 1777 ."	"DYNAMIC"	"DYNAMIC"	"DYNAMIC"
"brown_lore"	"2679"	"bear"	"In the middle of the party Chandler looked up to see four smiling faces bearing down upon him , each beaming above the biggest , greenest shamrock he had ever seen ."	"DYNAMIC"	"DYNAMIC"	"DYNAMIC"
"brown_news"	"2680"	"bear"	"Miss Murphy was born in Placentia , Newfoundland ."	"DYNAMIC"	"DYNAMIC"	"DYNAMIC"
"brown_religion"	"2681"	"bear"	"That which is born of the flesh is flesh ; ;"	"DYNAMIC"	"STATIVE"	"BOTH"
"brown_religion"	"2682"	"bear"	"If we are born of God we love the brethren ."	"DYNAMIC"	"DYNAMIC"	"DYNAMIC"
"brown_lore"	"2683"	"bear"	"O'Banion was born in poverty , the son of an immigrant Irish plasterer , in the North Side's Little Hell , close by the Sicilian quarter and Death Corner ."	"DYNAMIC"	"DYNAMIC"	"DYNAMIC"
"brown_belles_lettres"	"2684"	"bear"	"but there is much here also which bears directly on his personal quarrel with Swift ."	"STATIVE"	"STATIVE"	"STATIVE"
"brown_hobbies"	"2685"	"bear"	"The artist was born in Gilbert Mills , New York , in 1886 , and until two years ago when he and his wife moved to California , he lived in western New York , in Batavia ."	"DYNAMIC"	"DYNAMIC"	"DYNAMIC"
"brown_belles_lettres"	"2686"	"bear"	"the moral powers no more than the physical and mental , can bear overstraining ."	"STATIVE"	"STATIVE"	"STATIVE"
"brown_learned"	"2687"	"bear"	"Obviously , if colloidal particles bear charges of opposite sign or , if one kind is charged and the other kind is not , the attraction will be intensified and the tendency to agglomerate will be greatly reinforced ."	"STATIVE"	"STATIVE"	"STATIVE"
"brown_belles_lettres"	"2688"	"bear"	"He is born in secrecy after the death of his father and cast adrift soon after birth ."	"DYNAMIC"	"DYNAMIC"	"DYNAMIC"
"brown_fiction"	"2689"	"bear"	"Ann Catt was a lonely , devoted soul , never married , conducting a spotless home and devoted to her church , but a perpetual dissenter and born critic ."	"STATIVE"	"STATIVE"	"STATIVE"
"brown_learned"	"2690"	"bear"	"It is not clear whether this system bears any resemblance to the in vivo iodinating mechanism , and a system generating peroxide has not been identified in thyroid tissue ."	"STATIVE"	"STATIVE"	"STATIVE"
"brown_news"	"2691"	"bear"	"Librarians , a patient breed of men and women who have borne much with dedication , can begin to see results today ."	"DYNAMIC"	"STATIVE"	"BOTH"
"brown_belles_lettres"	"2692"	"bear"	"We must , therefore , have a look at the new archaeological material and re-examine the literary and place-name evidence which bears upon the problem ."	"STATIVE"	"DYNAMIC"	"BOTH"
"brown_news"	"2693"	"bear"	"Of Scotch-Irish-Scandinavian descent , Greer Garson was born in County Down , Ireland ."	"DYNAMIC"	"DYNAMIC"	"DYNAMIC"
"brown_learned"	"2694"	"bear"	"Since effective area coverage appears fairly remote , the requirement can be borne in mind while considering the elements : air , surface , sub-surface , fixed installations , mines , and intelligence ."	"DYNAMIC"	"STATIVE"	"BOTH"
"brown_lore"	"2695"	"bear"	"In the meantime , generations keep being born , bitterness is increased by incompetence , pride , and folly , and the world shrinks around us ."	"DYNAMIC"	"DYNAMIC"	"DYNAMIC"
"brown_government"	"2696"	"bear"	"The original machine , bearing its famous serial number , is still on exhibition at the Brown & Sharpe Precision Center in Providence ."	"STATIVE"	"STATIVE"	"STATIVE"
"brown_religion"	"2697"	"bear"	"Everyone who believes that Jesus is the Christ is born of God ."	"DYNAMIC"	"STATIVE"	"BOTH"
"brown_news"	"2698"	"bear"	"Mr. Brett , born in Brooklyn , N.Y. , Dec. 15 , 1886 , came to Portland in 1920 ."	"DYNAMIC"	"DYNAMIC"	"DYNAMIC"
"brown_reviews"	"2699"	"bear"	"Almost every film bearing the imprimatur of Hollywood is physically authentic -- in fact , impeccably so ."	"STATIVE"	"STATIVE"	"STATIVE"
"brown_belles_lettres"	"2700"	"bear"	"And she replied , `` I was born in America , but I was conceived in Vienna '' ."	"DYNAMIC"	"DYNAMIC"	"DYNAMIC"
"brown_reviews"	"2701"	"bear"	"Any musician playing Beethoven here , where Beethoven was born , is likely to examine his own interpretations with special care ."	"DYNAMIC"	"DYNAMIC"	"DYNAMIC"
"brown_belles_lettres"	"2702"	"bear"	"Johnson Jones Hooper , whose character Simon Suggs bears a close kinship to Flem Snopes in both his willingness to take cruel advantage of all and sundry and the sharpness with which he habitually carried out his will ; ;"	"STATIVE"	"STATIVE"	"STATIVE"
"brown_religion"	"2703"	"bear"	"`` Amen , amen , I say to thee , unless a man be born again of water and the Spirit , he cannot enter into the kingdom of God ."	"DYNAMIC"	"DYNAMIC"	"DYNAMIC"
"brown_religion"	"2704"	"bear"	"That which is born of the flesh is flesh ; ;"	"DYNAMIC"	"DYNAMIC"	"DYNAMIC"
"brown_reviews"	"2705"	"bear"	"Protons and electrons bear opposite electrical charges which make them attract each other , and when they are joined they make up an atom of hydrogen -- the basic building block of matter ."	"STATIVE"	"STATIVE"	"STATIVE"
"brown_news"	"2706"	"bear"	"In Nassau , as in other systems , the long-range objective is to bring the maximum service of libraries to bear on the schools , and on adult education in general ."	"DYNAMIC"	"BOTH"	"BOTH"
"brown_religion"	"2707"	"bear"	"It is borne out also by the absence of any developed theory about how sin passes from one generation to the next ."	"DYNAMIC"	"DYNAMIC"	"DYNAMIC"
"brown_religion"	"2708"	"bear"	"The royal ritual generated power into the other world : it also provided the living with a way to control the spirits , and bring their powers directly to bear on the everyday affairs of the world ."	"DYNAMIC"	"STATIVE"	"BOTH"
"brown_belles_lettres"	"2709"	"bear"	"About the only time the Hetman seemed excited was when one of his own pet ideas was born ."	"DYNAMIC"	"DYNAMIC"	"DYNAMIC"
"brown_religion"	"2710"	"bear"	"Whoever is born of God does not commit sin ( That is , he does not practice sin ."	"DYNAMIC"	"STATIVE"	"BOTH"
"brown_religion"	"2711"	"bear"	"So is everyone who is born of the Spirit ."	"DYNAMIC"	"DYNAMIC"	"DYNAMIC"
"brown_belles_lettres"	"2712"	"bear"	"The misery of Miriam's bitterness can be felt today by anyone who studies the case -- it was hopeless , agonizing , and destructive , with Miriam herself bearing the heaviest burden of shame and pain ."	"STATIVE"	"STATIVE"	"STATIVE"
"brown_fiction"	"2713"	"bear"	"The beehive voices , for no one could bear silence , drowned out the sound of Mrs. Lincoln's weeping ."	"STATIVE"	"STATIVE"	"STATIVE"
"brown_religion"	"2714"	"bear"	"If we are born of God we grow in ( not into , but in ) grace ."	"DYNAMIC"	"STATIVE"	"BOTH"
"brown_government"	"2715"	"bear"	"The Secretary of State shall certify to the Secretary of the Treasury the total cost of adjudication , not borne by the claimants , attributable to the Yugoslav Claims Agreement of 1948 ."	"STATIVE"	"STATIVE"	"STATIVE"
"brown_religion"	"2716"	"bear"	"During its flowering in the sixth to the eighth centuries , Mahayana offered a supernatural package to the Chinese which bears no resemblance to the highly digested philosophical Zen morsels offered to the modern Western reader ."	"STATIVE"	"STATIVE"	"STATIVE"
"brown_learned"	"2717"	"bear"	"If only state funds were used to pay for the vocational education , it could be argued that the state should not have to bear the cost of vocational training which would benefit employers in other states ."	"STATIVE"	"DYNAMIC"	"BOTH"
"brown_religion"	"2718"	"bear"	"All that is born of God overcomes the world ; ;"	"DYNAMIC"	"STATIVE"	"BOTH"
"brown_religion"	"2719"	"bear"	"to those who believe in his name : Who were born not of blood , nor of the will of the flesh , nor of the will of man , but of God ."	"DYNAMIC"	"STATIVE"	"BOTH"
"brown_hobbies"	"2720"	"bear"	"He also met Count Rumford ( born Benjamin Thompson in Woburn , Mass. ) who was then serving the Elector of Bavaria , and the physicist Ritter ; ;"	"DYNAMIC"	"DYNAMIC"	"DYNAMIC"
"brown_religion"	"2721"	"bear"	") if we are born of god we practice righteousness ."	"DYNAMIC"	"STATIVE"	"BOTH"
"brown_belles_lettres"	"2722"	"bear"	"The Boulevard De La Madeleine , the Boulevard Malesherbes , and the Rue Royale ran to it with graceful flattery , bearing tidings of the Age of Reason ."	"STATIVE"	"DYNAMIC"	"BOTH"
"brown_lore"	"2723"	"bear"	"In six months O'Banion had boosted the profits to $100,000 a month -- mainly by bringing pressure to bear on fifty Chicago speak-easy proprietors to shift out to the suburb ."	"DYNAMIC"	"STATIVE"	"BOTH"
"brown_science_fiction"	"2724"	"bear"	"Fortunately , gender was inflected , though the expression of it would be difficult for anybody not born in Siddo ."	"DYNAMIC"	"DYNAMIC"	"DYNAMIC"
"brown_learned"	"2725"	"bear"	"He concluded that in the southern species , which are rapidly growing types , females mate at the age of two and a half and bear the first young when they are three ."	"DYNAMIC"	"DYNAMIC"	"DYNAMIC"
"brown_belles_lettres"	"2726"	"bear"	"Edward Greville , born about 1565 , had inherited Milcote on the execution of his father Lodowick for murder in 1589 ."	"DYNAMIC"	"DYNAMIC"	"DYNAMIC"
"brown_belles_lettres"	"2727"	"bear"	"`` My mother read a book right after I was born and there was a Lilian in the book she loved and I became Lilian -- and eventually I became Paula '' ."	"DYNAMIC"	"DYNAMIC"	"DYNAMIC"
"brown_editorial"	"2728"	"bear"	"Serene ( Mrs. Wilson ) , 23 , was born in Budapest and raised in Manhattan ."	"DYNAMIC"	"DYNAMIC"	"DYNAMIC"
"brown_humor"	"2729"	"bear"	"It might be that certain people were born with a compulsion to complicate their lives , while others could live blissfully motionless almost indefinitely , like lizards in the sun , too indolent to blink their eyes ."	"DYNAMIC"	"DYNAMIC"	"DYNAMIC"
"brown_lore"	"2730"	"bear"	"Conclusions : The people involved ( and subsequent facts bear me out here ) knew clearly the relative values of peanuts and emeralds , both monetary and sentimental ."	"STATIVE"	"STATIVE"	"STATIVE"
"brown_religion"	"2731"	"bear"	"and that which is born of the Spirit is spirit ."	"DYNAMIC"	"STATIVE"	"BOTH"
"brown_editorial"	"2732"	"bear"	"Equally significant , Pope John has said that Catholics themselves bear some responsibility for Christian disunity ."	"STATIVE"	"STATIVE"	"STATIVE"
"brown_religion"	"2733"	"bear"	"As many as received him were born of God ."	"DYNAMIC"	"BOTH"	"BOTH"
"brown_religion"	"2734"	"bear"	"Jesus answered and said to him ( Nicodemus ) `` Amen , amen , I say to thee , unless a man be born again , he cannot see the kingdom of God '' ."	"DYNAMIC"	"DYNAMIC"	"DYNAMIC"
"brown_government"	"2735"	"bear"	"after payment has been made of the principal amounts of all such awards , to make pro rata payments on account of accrued interest on such awards as bear interest ."	"STATIVE"	"STATIVEHABITUAL"	"BOTH"
"brown_religion"	"2736"	"bear"	"If we are born of God we love God ."	"DYNAMIC"	"STATIVE"	"BOTH"
"brown_learned"	"2737"	"bear"	"It is the theme of Horace , who certainly otherwise bears little resemblance to Parker or Thomas ."	"STATIVE"	"STATIVE"	"STATIVE"
"brown_religion"	"2738"	"bear"	"If we are born of God we overcome the world ."	"DYNAMIC"	"STATIVE"	"BOTH"
"brown_learned"	"2739"	"bear"	"When some thirteen records of newly and recently born individuals are collated , little or no correlation between length and distribution can be detected ."	"DYNAMIC"	"DYNAMIC"	"DYNAMIC"
"brown_mystery"	"2740"	"bear"	"Had that tall dark boy , carrying trays too heavy for him , found what he might have considered adulation of a man he probably hated more than he could bear ? ?"	"STATIVE"	"STATIVE"	"STATIVE"
"brown_religion"	"2741"	"bear"	"you may have the final and extreme unction but if you are not born again you are lost and headed for hell and eternal punishment ."	"DYNAMIC"	"DYNAMIC"	"DYNAMIC"
"brown_editorial"	"2742"	"bear"	"The damage to human germ plasm would be such that in the next few generations 160,000 children around the world would be born with gross physical or mental defects ."	"DYNAMIC"	"DYNAMIC"	"DYNAMIC"
"brown_lore"	"2743"	"bear"	"It is also important to realize that many girls are born without a hymen or at most only a tiny trace of one ; ;"	"DYNAMIC"	"DYNAMIC"	"DYNAMIC"
"brown_learned"	"2744"	"bear"	"The problem arises , if it does arise , when the educator has to make a choice or a decision within the area of his professional competence , but which bears some relation to the social structure ."	"STATIVE"	"STATIVE"	"STATIVE"
"brown_lore"	"2745"	"bear"	"He was born in the North and did his military training in the South ."	"DYNAMIC"	"DYNAMIC"	"DYNAMIC"
"brown_editorial"	"2746"	"bear"	"The expenses of the Organization shall be borne by the Members as apportioned by the General Assembly ."	"DYNAMIC"	"STATIVEHABITUAL"	"BOTH"
"brown_belles_lettres"	"2747"	"bear"	"Sherlock Holmes , the ancestor of all private eyes , was born during the 1890s ."	"DYNAMIC"	"DYNAMIC"	"DYNAMIC"
"brown_hobbies"	"2748"	"bear"	"With such a force of manned bombers we could bring enormous pressure to bear on an enemy , and this pressure would be selective and extremely discriminating ."	"DYNAMIC"	"BOTH"	"BOTH"
"brown_hobbies"	"2749"	"bear"	"It is hardly necessary to remind students of covered bridges that Timothy Palmer was born in 1751 in nearby Rowley ; ;"	"DYNAMIC"	"DYNAMIC"	"DYNAMIC"
"brown_learned"	"2750"	"bear"	"By scrutinizing the flowers , one can also notice that the scale bears one or two tiny warts ."	"STATIVE"	"STATIVE"	"STATIVE"
"brown_learned"	"2751"	"bear"	"To interpret , indeed , the era from 1000 to 800 as a period mainly of consolidation may be a necessary but unfortunate defect born of our lack of detailed information ; ;"	"STATIVE"	"DYNAMIC"	"BOTH"
"brown_religion"	"2752"	"bear"	"If we are born of God we do not practice sin as a habit ."	"DYNAMIC"	"STATIVE"	"BOTH"
"brown_learned"	"2753"	"bear"	"The charged particles then repel each other and are also repelled from the charged surface , which almost invariably bears a negative charge under washing conditions ."	"STATIVE"	"STATIVE"	"STATIVE"
"brown_religion"	"2754"	"bear"	"Everyone who loves is born of God , and knows God ."	"DYNAMIC"	"STATIVE"	"BOTH"
"brown_editorial"	"2755"	"bear"	"If he won't break , we add to the stress he bears ."	"STATIVE"	"STATIVE"	"STATIVE"
"brown_lore"	"2756"	"bear"	"Miss Upton told the Trustees that the death of Miss Giles was `` the sorest grief '' the Seminary had ever been called upon to bear ."	"DYNAMIC"	"STATIVE"	"BOTH"
"brown_fiction"	"2757"	"bear"	"what mattered was that a new concept of Americans was being born ."	"DYNAMIC"	"DYNAMIC"	"DYNAMIC"
"brown_religion"	"2758"	"bear"	"Several were born in the early decades and persisted throughout the century ."	"DYNAMIC"	"DYNAMIC"	"DYNAMIC"
"brown_mystery"	"2759"	"bear"	"She was no schoolgirl , refusing to bear tales ."	"DYNAMIC"	"STATIVE"	"BOTH"
"brown_belles_lettres"	"2760"	"bear"	"Deppy is Despina Messinesi , a long-time member of the Vogue staff who , although born in Boston , was born there of Greek parents ."	"DYNAMIC"	"DYNAMIC"	"DYNAMIC"
